release1,release2,value
org.springframework:spring-core:6.0.7,org.springframework:spring-core:6.0.3,21.0
org.springframework:spring-core:6.0.7,org.springframework:spring-core:6.0.2,23.0
org.springframework:spring-core:6.0.7,org.springframework:spring-core:6.0.0,23.0
org.springframework:spring-core:6.0.7,org.springframework:spring-core:6.1.12,59.0
org.springframework:spring-core:6.0.7,org.springframework:spring-core:6.1.11,59.0
org.springframework:spring-core:6.0.7,org.springframework:spring-core:6.1.10,59.0
org.springframework:spring-core:6.0.7,org.springframework:spring-core:5.3.31,243.0
org.springframework:spring-core:6.0.7,org.springframework:spring-core:5.3.30,244.0
org.springframework:spring-core:6.0.7,org.springframework:spring-core:5.3.24,248.0
org.springframework:spring-core:6.0.7,org.springframework:spring-core:5.3.23,249.0
org.springframework:spring-core:6.0.7,org.springframework:spring-core:5.3.22,249.0
org.springframework:spring-core:6.0.7,org.springframework:spring-core:6.1.7,59.0
org.springframework:spring-core:6.0.7,org.springframework:spring-core:6.1.5,58.0
org.springframework:spring-core:6.0.7,org.springframework:spring-core:6.1.4,57.0
org.springframework:spring-core:6.0.7,org.springframework:spring-core:5.3.20,253.0
org.springframework:spring-core:6.0.7,org.springframework:spring-core:3.0.3.RELEASE,725.0
org.xmlbeam:xmlprojector:1.4.24,org.xmlbeam:xmlprojector:1.4.20,2.0
org.xmlbeam:xmlprojector:1.4.24,org.xmlbeam:xmlprojector:1.4.18,5.0
io.reactivex.rxjava3:rxjava:3.1.6,io.reactivex.rxjava3:rxjava:3.1.9,9.0
io.reactivex.rxjava3:rxjava:3.1.6,io.reactivex.rxjava3:rxjava:3.0.13,173.0
org.springframework:spring-core:6.0.7,org.springframework:spring-core:5.3.17,256.0
io.reactivex.rxjava3:rxjava:3.1.6,io.reactivex.rxjava3:rxjava:3.1.5,27.0
org.springframework:spring-core:6.0.7,org.springframework:spring-core:5.3.15,256.0
io.reactivex.rxjava3:rxjava:3.1.6,io.reactivex.rxjava3:rxjava:3.0.10,181.0
org.springframework:spring-core:6.0.7,org.springframework:spring-core:5.3.19,255.0
io.reactivex.rxjava3:rxjava:3.1.6,io.reactivex.rxjava3:rxjava:3.1.8,8.0
org.springframework:spring-core:6.0.7,org.springframework:spring-core:5.3.18,255.0
io.reactivex.rxjava3:rxjava:3.1.6,io.reactivex.rxjava3:rxjava:3.1.7,8.0
org.springframework:spring-core:6.0.7,org.springframework:spring-core:5.2.0.RELEASE,307.0
org.springframework:spring-web:5.3.27,org.springframework:spring-web:5.3.26,0.0
org.springframework:spring-core:6.0.7,org.springframework:spring-core:6.0.4,21.0
org.springframework:spring-core:6.0.7,org.springframework:spring-core:6.0.17,22.0
org.springframework:spring-core:6.0.7,org.springframework:spring-core:6.1.3,56.0
org.springframework:spring-core:6.0.7,org.springframework:spring-core:6.1.2,52.0
org.springframework:spring-core:6.0.7,org.springframework:spring-core:6.1.1,51.0
org.springframework:spring-core:6.0.7,org.springframework:spring-core:6.1.0,51.0
org.springframework:spring-core:6.0.7,org.springframework:spring-core:6.0.21,22.0
com.fasterxml.jackson.core:jackson-annotations:2.12.4,com.fasterxml.jackson.core:jackson-annotations:2.14.1,1.0
com.fasterxml.jackson.core:jackson-annotations:2.12.4,com.fasterxml.jackson.core:jackson-annotations:2.15.0,2.0
com.fasterxml.jackson.core:jackson-annotations:2.12.4,com.fasterxml.jackson.core:jackson-annotations:2.13.2,0.0
com.fasterxml.jackson.core:jackson-annotations:2.12.4,com.fasterxml.jackson.core:jackson-annotations:2.10.5,6.0
com.fasterxml.jackson.core:jackson-annotations:2.12.4,com.fasterxml.jackson.core:jackson-annotations:2.15.3,2.0
org.springframework:spring-web:5.3.27,org.springframework:spring-web:5.3.4,57.0
org.springframework:spring-web:5.3.27,org.springframework:spring-web:5.3.24,5.0
org.springframework:spring-web:5.3.27,org.springframework:spring-web:5.3.25,2.0
org.springframework:spring-web:5.3.27,org.springframework:spring-web:5.3.28,0.0
org.springframework:spring-web:5.3.27,org.springframework:spring-web:5.3.29,1.0
org.springframework:spring-web:5.3.27,org.springframework:spring-web:5.3.22,8.0
org.springframework:spring-core:6.0.7,org.springframework:spring-core:6.0.20,22.0
org.springframework:spring-web:5.3.27,org.springframework:spring-web:6.1.9,366.0
org.springframework:spring-core:6.0.7,org.springframework:spring-core:5.3.4,266.0
org.springframework:spring-web:5.3.27,org.springframework:spring-web:5.3.23,5.0
org.springframework:spring-core:6.0.7,org.springframework:spring-core:5.3.9,258.0
org.springframework:spring-web:5.3.27,org.springframework:spring-web:5.3.20,10.0
org.springframework:spring-core:6.0.7,org.springframework:spring-core:6.1.9,59.0
org.springframework:spring-core:6.0.7,org.springframework:spring-core:6.1.8,59.0
org.springframework:spring-core:6.0.4,org.springframework:spring-core:6.0.7,14.0
org.springframework:spring-core:6.0.4,org.springframework:spring-core:6.0.6,14.0
org.springframework:spring-core:6.0.4,org.springframework:spring-core:6.0.5,14.0
org.springframework:spring-core:6.0.7,org.springframework:spring-core:6.0.14,22.0
org.springframework:spring-core:6.0.7,org.springframework:spring-core:6.0.15,22.0
org.springframework:spring-core:6.0.7,org.springframework:spring-core:6.0.12,15.0
org.springframework:spring-core:6.0.7,org.springframework:spring-core:6.0.13,18.0
com.fasterxml.jackson.core:jackson-annotations:2.12.4,com.fasterxml.jackson.core:jackson-annotations:2.14.2,1.0
com.fasterxml.jackson.core:jackson-annotations:2.12.4,com.fasterxml.jackson.core:jackson-annotations:2.13.3,0.0
com.fasterxml.jackson.core:jackson-annotations:2.12.4,com.fasterxml.jackson.core:jackson-annotations:2.11.4,6.0
com.fasterxml.jackson.core:jackson-annotations:2.12.4,com.fasterxml.jackson.core:jackson-annotations:2.12.3,0.0
io.netty:netty-buffer:4.1.75.Final,io.netty:netty-buffer:4.1.93.Final,5.0
io.netty:netty-buffer:4.1.75.Final,io.netty:netty-buffer:4.1.100.Final,8.0
io.netty:netty-buffer:4.1.75.Final,io.netty:netty-buffer:4.1.110.Final,12.0
org.springframework:spring-web:5.3.27,org.springframework:spring-web:6.1.5,366.0
io.netty:netty-buffer:4.1.75.Final,io.netty:netty-buffer:4.1.107.Final,11.0
org.springframework:spring-web:5.3.27,org.springframework:spring-web:6.1.7,366.0
io.netty:netty-buffer:4.1.75.Final,io.netty:netty-buffer:4.1.112.Final,17.0
org.springframework:spring-web:5.3.27,org.springframework:spring-web:6.1.8,366.0
org.springframework:spring-web:5.3.27,org.springframework:spring-web:6.1.1,360.0
org.springframework:spring-web:5.3.27,org.springframework:spring-web:6.1.2,361.0
org.springframework:spring-web:5.3.27,org.springframework:spring-web:6.1.3,363.0
org.springframework:spring-web:5.3.27,org.springframework:spring-web:6.1.4,365.0
org.springframework:spring-web:5.3.27,org.springframework:spring-web:6.1.0,360.0
org.springframework:spring-web:5.3.27,org.springframework:spring-web:5.3.9,27.0
org.springframework:spring-core:6.0.7,org.springframework:spring-core:6.0.10,7.0
org.springframework:spring-web:5.3.27,org.springframework:spring-web:5.3.30,1.0
org.springframework:spring-core:6.0.7,org.springframework:spring-core:6.0.11,7.0
org.springframework:spring-core:6.0.7,org.springframework:spring-core:6.0.18,22.0
org.springframework:spring-core:6.0.7,org.springframework:spring-core:6.0.16,22.0
org.springframework:spring-core:6.0.4,org.springframework:spring-core:5.3.30,233.0
org.springframework:spring-core:6.0.4,org.springframework:spring-core:5.3.24,234.0
org.springframework:spring-core:6.0.4,org.springframework:spring-core:5.3.23,235.0
org.springframework:spring-core:6.0.4,org.springframework:spring-core:5.3.22,235.0
org.springframework:spring-core:6.0.4,org.springframework:spring-core:5.3.28,230.0
org.springframework:spring-core:6.0.4,org.springframework:spring-core:5.3.27,229.0
org.springframework:spring-core:6.0.4,org.springframework:spring-core:5.3.26,229.0
org.springframework:spring-core:6.0.4,org.springframework:spring-core:5.3.25,233.0
io.netty:netty-buffer:4.1.75.Final,io.netty:netty-buffer:4.1.86.Final,4.0
io.netty:netty-buffer:4.1.75.Final,io.netty:netty-buffer:4.1.51.Final,22.0
io.netty:netty-buffer:4.1.75.Final,io.netty:netty-buffer:4.1.81.Final,3.0
io.netty:netty-buffer:4.1.75.Final,io.netty:netty-buffer:4.1.104.Final,11.0
io.netty:netty-buffer:4.1.75.Final,io.netty:netty-buffer:4.1.5.Final,75.0
io.netty:netty-buffer:4.1.75.Final,io.netty:netty-buffer:4.1.111.Final,16.0
io.netty:netty-buffer:4.1.75.Final,io.netty:netty-buffer:4.1.106.Final,11.0
org.springframework:spring-web:5.3.27,org.springframework:spring-web:5.3.31,1.0
io.netty:netty-buffer:4.1.75.Final,io.netty:netty-buffer:4.1.96.Final,8.0
org.springframework:spring-web:5.3.27,org.springframework:spring-web:6.0.20,329.0
io.netty:netty-buffer:4.1.75.Final,io.netty:netty-buffer:4.1.109.Final,11.0
org.springframework:spring-web:5.3.27,org.springframework:spring-web:6.0.21,329.0
io.netty:netty-buffer:4.1.75.Final,io.netty:netty-buffer:4.1.43.Final,50.0
org.springframework:spring-web:5.3.27,org.springframework:spring-web:6.0.6,319.0
io.netty:netty-buffer:4.1.75.Final,io.netty:netty-buffer:4.1.91.Final,5.0
org.springframework:spring-web:5.3.27,org.springframework:spring-web:6.0.17,328.0
org.springframework:spring-web:5.3.27,org.springframework:spring-web:6.0.7,319.0
org.springframework:spring-web:5.3.27,org.springframework:spring-web:6.0.18,329.0
org.springframework:spring-web:5.3.27,org.springframework:spring-web:6.0.8,320.0
org.springframework:spring-web:5.3.27,org.springframework:spring-web:6.0.15,326.0
org.springframework:spring-web:5.3.27,org.springframework:spring-web:6.0.9,322.0
org.springframework:spring-core:6.0.4,org.springframework:spring-core:6.0.9,19.0
org.springframework:spring-core:6.0.4,org.springframework:spring-core:5.3.29,230.0
org.springframework:spring-core:6.0.4,org.springframework:spring-core:6.0.8,16.0
org.springframework:spring-core:6.0.4,org.springframework:spring-core:5.3.19,241.0
org.springframework:spring-core:6.0.4,org.springframework:spring-core:5.3.18,241.0
org.springframework:spring-core:6.0.4,org.springframework:spring-core:5.2.0.RELEASE,294.0
io.projectreactor:reactor-core:3.6.4,io.projectreactor:reactor-core:3.5.3,59.0
io.projectreactor:reactor-core:3.6.4,io.projectreactor:reactor-core:3.5.2,65.0
org.springframework:spring-core:6.0.4,org.springframework:spring-core:6.0.3,1.0
io.projectreactor:reactor-core:3.6.4,io.projectreactor:reactor-core:3.5.0,70.0
org.springframework:spring-core:6.0.4,org.springframework:spring-core:6.0.2,3.0
io.projectreactor:reactor-core:3.6.4,io.projectreactor:reactor-core:3.3.22.RELEASE,488.0
org.springframework:spring-core:6.0.4,org.springframework:spring-core:6.0.0,3.0
io.projectreactor:reactor-core:3.6.4,io.projectreactor:reactor-core:3.4.26,122.0
org.springframework:spring-core:6.0.4,org.springframework:spring-core:6.1.12,71.0
io.projectreactor:reactor-core:3.6.4,io.projectreactor:reactor-core:3.3.9.RELEASE,505.0
org.springframework:spring-core:6.0.4,org.springframework:spring-core:6.1.11,71.0
io.projectreactor:reactor-core:3.6.4,io.projectreactor:reactor-core:3.4.25,127.0
io.projectreactor:reactor-core:3.6.4,io.projectreactor:reactor-core:3.4.24,142.0
io.projectreactor:reactor-core:3.6.4,io.projectreactor:reactor-core:3.5.9,31.0
io.projectreactor:reactor-core:3.6.4,io.projectreactor:reactor-core:3.4.23,143.0
io.netty:netty-buffer:4.1.75.Final,io.netty:netty-buffer:4.1.99.Final,8.0
io.netty:netty-buffer:4.1.75.Final,io.netty:netty-buffer:4.1.89.Final,4.0
io.netty:netty-buffer:4.1.75.Final,io.netty:netty-buffer:4.1.79.Final,1.0
io.netty:netty-buffer:4.1.75.Final,io.netty:netty-buffer:4.1.108.Final,11.0
io.netty:netty-buffer:4.1.75.Final,io.netty:netty-buffer:4.1.92.Final,5.0
org.springframework:spring-web:5.3.27,org.springframework:spring-web:6.0.16,328.0
io.netty:netty-buffer:4.1.75.Final,io.netty:netty-buffer:4.1.82.Final,4.0
org.springframework:spring-web:5.3.27,org.springframework:spring-web:6.0.2,307.0
io.netty:netty-buffer:4.1.75.Final,io.netty:netty-buffer:4.1.85.Final,4.0
org.springframework:spring-web:5.3.27,org.springframework:spring-web:6.0.13,326.0
io.netty:netty-buffer:4.1.75.Final,io.netty:netty-buffer:4.1.84.Final,4.0
org.springframework:spring-web:5.3.27,org.springframework:spring-web:6.0.3,315.0
io.netty:netty-buffer:4.1.75.Final,io.netty:netty-buffer:4.1.94.Final,12.0
org.springframework:spring-web:5.3.27,org.springframework:spring-web:6.0.14,326.0
io.netty:netty-buffer:4.1.75.Final,io.netty:netty-buffer:4.1.101.Final,8.0
org.springframework:spring-web:5.3.27,org.springframework:spring-web:6.0.11,326.0
io.netty:netty-buffer:4.1.75.Final,io.netty:netty-buffer:4.1.17.Final,60.0
org.springframework:spring-web:5.3.27,org.springframework:spring-web:6.0.4,312.0
org.springframework:spring-web:5.3.27,org.springframework:spring-web:6.0.12,326.0
org.springframework:spring-web:5.3.27,org.springframework:spring-web:6.0.5,317.0
org.springframework:spring-web:5.3.27,org.springframework:spring-web:6.0.10,325.0
org.springframework:spring-core:6.0.4,org.springframework:spring-core:6.1.10,71.0
org.springframework:spring-core:6.0.4,org.springframework:spring-core:5.3.31,232.0
org.springframework:spring-core:6.0.4,org.springframework:spring-core:5.3.4,252.0
org.springframework:spring-core:6.0.4,org.springframework:spring-core:5.3.9,244.0
io.projectreactor:reactor-core:3.6.4,io.projectreactor:reactor-core:3.5.8,33.0
org.springframework:spring-core:6.0.4,org.springframework:spring-core:6.1.9,71.0
io.projectreactor:reactor-core:3.6.4,io.projectreactor:reactor-core:3.5.7,35.0
org.springframework:spring-core:6.0.4,org.springframework:spring-core:6.1.8,71.0
io.projectreactor:reactor-core:3.6.4,io.projectreactor:reactor-core:3.4.21,159.0
org.springframework:spring-core:6.0.4,org.springframework:spring-core:6.1.7,71.0
io.projectreactor:reactor-core:3.6.4,io.projectreactor:reactor-core:3.5.6,47.0
org.springframework:spring-core:6.0.4,org.springframework:spring-core:6.1.5,70.0
io.projectreactor:reactor-core:3.6.4,io.projectreactor:reactor-core:3.5.5,47.0
org.springframework:spring-core:6.0.4,org.springframework:spring-core:6.1.4,69.0
io.projectreactor:reactor-core:3.6.4,io.projectreactor:reactor-core:3.5.4,58.0
org.springframework:spring-core:6.0.4,org.springframework:spring-core:5.3.20,239.0
io.projectreactor:reactor-core:3.6.4,io.projectreactor:reactor-core:3.4.18,188.0
org.springframework:spring-core:6.0.4,org.springframework:spring-core:3.0.3.RELEASE,717.0
io.projectreactor:reactor-core:3.6.4,io.projectreactor:reactor-core:3.4.17,191.0
org.springframework:spring-core:6.0.4,org.springframework:spring-core:5.3.17,242.0
io.projectreactor:reactor-core:3.6.4,io.projectreactor:reactor-core:3.4.16,201.0
io.projectreactor:reactor-core:3.6.4,io.projectreactor:reactor-core:3.4.14,204.0
io.netty:netty-buffer:4.1.75.Final,io.netty:netty-buffer:4.1.97.Final,8.0
io.netty:netty-buffer:4.1.75.Final,io.netty:netty-buffer:4.1.70.Final,8.0
io.netty:netty-resolver-dns:4.1.86.Final,io.netty:netty-resolver-dns:4.1.75.Final,0.0
org.springframework:spring-web:5.3.27,org.springframework:spring-web:6.0.0,307.0
io.netty:netty-resolver-dns:4.1.86.Final,io.netty:netty-resolver-dns:4.1.91.Final,5.0
org.springframework:spring-web:5.3.27,org.springframework:spring-web:5.3.15,12.0
io.netty:netty-resolver-dns:4.1.86.Final,io.netty:netty-resolver-dns:4.1.82.Final,0.0
org.springframework:spring-web:5.3.27,org.springframework:spring-web:5.3.19,10.0
io.netty:netty-resolver-dns:4.1.86.Final,io.netty:netty-resolver-dns:4.1.107.Final,13.0
org.springframework:spring-web:5.3.27,org.springframework:spring-web:5.3.17,12.0
io.netty:netty-resolver-dns:4.1.86.Final,io.netty:netty-resolver-dns:4.1.85.Final,0.0
org.springframework:spring-web:5.3.27,org.springframework:spring-web:5.3.18,12.0
io.netty:netty-resolver-dns:4.1.86.Final,io.netty:netty-resolver-dns:4.1.94.Final,13.0
org.springframework:spring-web:5.3.27,org.springframework:spring-web:6.1.12,366.0
io.netty:netty-resolver-dns:4.1.86.Final,io.netty:netty-resolver-dns:4.1.101.Final,13.0
org.springframework:spring-web:5.3.27,org.springframework:spring-web:6.1.10,366.0
io.netty:netty-buffer:4.1.75.Final,io.netty:netty-buffer:4.1.39.Final,51.0
org.springframework:spring-web:5.3.27,org.springframework:spring-web:6.1.11,366.0
io.netty:netty-buffer:4.1.75.Final,io.netty:netty-buffer:4.1.87.Final,4.0
io.netty:netty-jni-util:0.0.9.Final,io.netty:netty-jni-util:0.0.6.Final,0.0
io.netty:netty-jni-util:0.0.9.Final,io.netty:netty-jni-util:0.0.3.Final,0.0
org.springframework:spring-core:6.0.4,org.springframework:spring-core:5.3.15,242.0
io.projectreactor:reactor-core:3.6.4,io.projectreactor:reactor-core:3.2.5.RELEASE,587.0
org.springframework:spring-core:6.0.4,org.springframework:spring-core:6.0.11,20.0
io.projectreactor:reactor-core:3.6.4,io.projectreactor:reactor-core:3.5.17,31.0
org.springframework:spring-core:6.0.4,org.springframework:spring-core:6.0.18,35.0
io.projectreactor:reactor-core:3.6.4,io.projectreactor:reactor-core:3.5.18,33.0
org.springframework:spring-core:6.0.4,org.springframework:spring-core:6.0.16,35.0
io.projectreactor:reactor-core:3.6.4,io.projectreactor:reactor-core:3.5.19,33.0
org.springframework:spring-core:6.0.4,org.springframework:spring-core:6.0.17,35.0
io.projectreactor:reactor-core:3.6.4,io.projectreactor:reactor-core:3.6.2,3.0
org.springframework:spring-core:6.0.4,org.springframework:spring-core:6.1.3,68.0
io.projectreactor:reactor-core:3.6.4,io.projectreactor:reactor-core:3.4.3,272.0
org.springframework:spring-core:6.0.4,org.springframework:spring-core:6.1.2,64.0
io.projectreactor:reactor-core:3.6.4,io.projectreactor:reactor-core:3.6.1,3.0
org.springframework:spring-core:6.0.4,org.springframework:spring-core:6.1.1,63.0
io.projectreactor:reactor-core:3.6.4,io.projectreactor:reactor-core:3.5.10,31.0
org.springframework:spring-core:6.0.4,org.springframework:spring-core:6.1.0,63.0
io.projectreactor:reactor-core:3.6.4,io.projectreactor:reactor-core:3.6.0,12.0
org.springframework:spring-core:6.0.4,org.springframework:spring-core:6.0.21,35.0
io.projectreactor:reactor-core:3.6.4,io.projectreactor:reactor-core:3.5.11,31.0
org.springframework:spring-core:6.0.4,org.springframework:spring-core:6.0.20,35.0
io.netty:netty-tcnative-classes:2.0.62.Final,io.netty:netty-tcnative-classes:2.0.51.Final,3.0
io.netty:netty-resolver-dns:4.1.86.Final,io.netty:netty-resolver-dns:4.1.89.Final,5.0
io.netty:netty-jni-util:0.0.9.Final,io.netty:netty-jni-util:0.0.7.Final,0.0
io.netty:netty-transport-native-unix-common:4.1.86.Final,io.netty:netty-transport-native-unix-common:4.1.89.Final,0.0
io.netty:netty-transport-native-unix-common:4.1.86.Final,io.netty:netty-transport-native-unix-common:4.1.91.Final,2.0
io.netty:netty-tcnative-classes:2.0.62.Final,io.netty:netty-tcnative-classes:2.0.53.Final,3.0
io.netty:netty-transport-native-unix-common:4.1.86.Final,io.netty:netty-transport-native-unix-common:4.1.87.Final,0.0
io.netty:netty-tcnative-classes:2.0.62.Final,io.netty:netty-tcnative-classes:2.0.56.Final,1.0
io.netty:netty-transport-native-unix-common:4.1.86.Final,io.netty:netty-transport-native-unix-common:4.1.104.Final,3.0
io.netty:netty-transport-native-unix-common:4.1.86.Final,io.netty:netty-transport-native-unix-common:4.1.81.Final,0.0
io.netty:netty-tcnative-classes:2.0.62.Final,io.netty:netty-tcnative-classes:2.0.54.Final,3.0
io.netty:netty-tcnative-classes:2.0.62.Final,io.netty:netty-tcnative-classes:2.0.59.Final,2.0
io.netty:netty-transport-native-unix-common:4.1.86.Final,io.netty:netty-transport-native-unix-common:4.1.96.Final,3.0
io.netty:netty-tcnative-classes:2.0.62.Final,io.netty:netty-tcnative-classes:2.0.50.Final,3.0
io.netty:netty-tcnative-classes:2.0.62.Final,io.netty:netty-tcnative-classes:2.0.58.Final,2.0
io.netty:netty-resolver-dns:4.1.86.Final,io.netty:netty-resolver-dns:4.1.96.Final,13.0
io.netty:netty-tcnative-classes:2.0.62.Final,io.netty:netty-tcnative-classes:2.0.65.Final,0.0
io.netty:netty-resolver-dns:4.1.86.Final,io.netty:netty-resolver-dns:4.1.104.Final,13.0
org.springframework:spring-aop:6.0.14,org.springframework:spring-aop:6.0.21,0.0
org.springframework:spring-aop:6.0.14,org.springframework:spring-aop:6.0.20,0.0
org.springframework:spring-context:6.0.14,org.springframework:spring-context:5.3.15,91.0
org.springframework:spring-context:6.0.14,org.springframework:spring-context:5.3.18,90.0
org.springframework:spring-context:6.0.14,org.springframework:spring-context:5.3.19,90.0
org.springframework:spring-context:6.0.14,org.springframework:spring-context:5.3.17,91.0
org.springframework:spring-context:6.0.14,org.springframework:spring-context:6.0.21,5.0
org.springframework:spring-context:6.0.14,org.springframework:spring-context:6.0.20,5.0
org.springframework:spring-aop:6.0.14,org.springframework:spring-aop:6.0.0,11.0
org.springframework:spring-aop:6.0.14,org.springframework:spring-aop:6.0.17,0.0
org.springframework:spring-aop:6.0.14,org.springframework:spring-aop:6.0.8,10.0
org.springframework:spring-aop:6.0.14,org.springframework:spring-aop:6.0.9,10.0
org.springframework:spring-aop:6.0.14,org.springframework:spring-aop:6.0.6,11.0
org.springframework:spring-aop:6.0.14,org.springframework:spring-aop:6.0.7,10.0
org.springframework:spring-aop:6.0.14,org.springframework:spring-aop:6.0.4,11.0
org.springframework:spring-aop:6.0.14,org.springframework:spring-aop:6.0.5,11.0
org.springframework:spring-aop:6.0.14,org.springframework:spring-aop:6.0.2,11.0
org.springframework:spring-aop:6.0.14,org.springframework:spring-aop:6.0.3,11.0
org.springframework:spring-aop:6.0.14,org.springframework:spring-aop:6.0.18,0.0
org.springframework:spring-core:6.0.6,org.springframework:spring-core:6.0.15,22.0
org.springframework:spring-core:6.0.6,org.springframework:spring-core:6.0.12,15.0
org.springframework:spring-core:6.0.7,org.springframework:spring-core:5.3.28,241.0
org.springframework:spring-core:6.0.7,org.springframework:spring-core:5.3.27,240.0
org.springframework:spring-core:6.0.7,org.springframework:spring-core:5.3.26,240.0
org.springframework:spring-core:6.0.7,org.springframework:spring-core:5.3.25,247.0
org.springframework:spring-core:6.0.7,org.springframework:spring-core:6.0.9,6.0
org.springframework:spring-core:6.0.7,org.springframework:spring-core:5.3.29,241.0
org.springframework:spring-core:6.0.7,org.springframework:spring-core:6.0.8,3.0
org.springframework:spring-core:6.0.7,org.springframework:spring-core:6.0.6,1.0
org.springframework:spring-core:6.0.7,org.springframework:spring-core:6.0.5,1.0
org.springframework:spring-core:6.0.6,org.springframework:spring-core:6.0.14,22.0
org.springframework:spring-oxm:6.1.5,org.springframework:spring-oxm:5.3.27,4.0
org.springframework:spring-oxm:6.1.5,org.springframework:spring-oxm:5.3.28,4.0
org.springframework:spring-oxm:6.1.5,org.springframework:spring-oxm:5.3.29,4.0
org.springframework.hateoas:spring-hateoas:2.2.1,org.springframework.hateoas:spring-hateoas:2.0.6,7.0
org.springframework:spring-core:6.0.6,org.springframework:spring-core:6.0.21,22.0
org.springframework:spring-context:6.1.5,org.springframework:spring-context:5.3.15,149.0
org.springframework:spring-core:6.0.6,org.springframework:spring-core:6.0.20,22.0
org.springframework:spring-context:6.1.5,org.springframework:spring-context:5.3.18,148.0
org.springframework:spring-core:6.0.6,org.springframework:spring-core:5.3.4,266.0
org.springframework:spring-context:6.1.5,org.springframework:spring-context:5.3.19,148.0
org.springframework:spring-core:6.0.6,org.springframework:spring-core:5.3.9,258.0
org.springframework:spring-context:6.1.5,org.springframework:spring-context:5.3.17,149.0
org.springframework:spring-core:6.0.6,org.springframework:spring-core:6.1.9,59.0
org.springframework:spring-context:6.1.5,org.springframework:spring-context:6.0.21,74.0
org.springframework:spring-core:6.0.6,org.springframework:spring-core:6.1.8,59.0
org.springframework:spring-context:6.1.5,org.springframework:spring-context:6.0.20,74.0
org.springframework:spring-core:6.0.6,org.springframework:spring-core:6.1.7,59.0
org.springframework:spring-context:6.1.5,org.springframework:spring-context:6.0.9,82.0
org.springframework:spring-core:6.0.6,org.springframework:spring-core:6.1.5,58.0
org.springframework:spring-context:6.1.5,org.springframework:spring-context:6.0.8,82.0
org.springframework:spring-core:6.0.6,org.springframework:spring-core:6.1.4,57.0
org.springframework:spring-context:6.1.5,org.springframework:spring-context:6.0.7,82.0
org.springframework:spring-core:6.0.6,org.springframework:spring-core:5.3.20,253.0
org.springframework:spring-webmvc:5.3.27,org.springframework:spring-webmvc:6.0.5,226.0
jakarta.activation:jakarta.activation-api:1.2.1,jakarta.activation:jakarta.activation-api:2.1.2,21.0
org.springframework:spring-webmvc:5.3.27,org.springframework:spring-webmvc:6.0.18,228.0
com.fasterxml.jackson.core:jackson-databind:2.12.4,com.fasterxml.jackson.core:jackson-databind:2.13.2.1,107.0
org.springframework:spring-webmvc:5.3.27,org.springframework:spring-webmvc:6.0.17,228.0
com.fasterxml.jackson.core:jackson-databind:2.12.4,com.fasterxml.jackson.core:jackson-databind:2.13.4.2,109.0
org.springframework:spring-webmvc:5.3.27,org.springframework:spring-webmvc:6.0.16,228.0
com.fasterxml.jackson.core:jackson-databind:2.12.4,com.fasterxml.jackson.core:jackson-databind:2.9.9,255.0
org.springframework:spring-webmvc:5.3.27,org.springframework:spring-webmvc:6.0.15,227.0
com.fasterxml.jackson.core:jackson-databind:2.12.4,com.fasterxml.jackson.core:jackson-databind:2.10.5.1,195.0
org.springframework:spring-webmvc:5.3.27,org.springframework:spring-webmvc:5.3.15,1.0
com.fasterxml.jackson.core:jackson-databind:2.12.4,com.fasterxml.jackson.core:jackson-databind:2.9.6,255.0
org.springframework:spring-webmvc:5.3.27,org.springframework:spring-webmvc:6.0.9,226.0
com.fasterxml.jackson.core:jackson-databind:2.12.4,com.fasterxml.jackson.core:jackson-databind:2.8.3,403.0
org.springframework:spring-webmvc:5.3.27,org.springframework:spring-webmvc:6.0.8,226.0
com.fasterxml.jackson.core:jackson-databind:2.12.4,com.fasterxml.jackson.core:jackson-databind:2.6.3,458.0
org.springframework:spring-webmvc:5.3.27,org.springframework:spring-webmvc:6.0.7,226.0
jakarta.activation:jakarta.activation-api:1.2.1,jakarta.activation:jakarta.activation-api:1.2.2,0.0
org.springframework:spring-webmvc:5.3.27,org.springframework:spring-webmvc:6.0.6,226.0
org.springframework:spring-webmvc:5.3.27,org.springframework:spring-webmvc:6.0.0,226.0
jakarta.activation:jakarta.activation-api:1.2.1,jakarta.activation:jakarta.activation-api:2.1.3,21.0
org.springframework:spring-context:6.1.5,org.springframework:spring-context:6.0.6,83.0
org.springframework:spring-context:6.1.5,org.springframework:spring-context:6.0.5,83.0
org.springframework:spring-context:6.1.5,org.springframework:spring-context:6.0.4,84.0
org.springframework:spring-core:6.0.6,org.springframework:spring-core:6.0.13,18.0
org.springframework:spring-context:6.1.5,org.springframework:spring-context:6.0.3,85.0
org.springframework:spring-core:6.0.6,org.springframework:spring-core:6.0.10,7.0
org.springframework:spring-context:6.1.5,org.springframework:spring-context:6.0.2,85.0
org.springframework:spring-core:6.0.6,org.springframework:spring-core:6.0.11,7.0
org.springframework:spring-context:6.1.5,org.springframework:spring-context:6.0.0,85.0
org.springframework:spring-core:6.0.6,org.springframework:spring-core:6.0.18,22.0
org.springframework:spring-context:6.1.5,org.springframework:spring-context:5.3.30,147.0
org.springframework:spring-core:6.0.6,org.springframework:spring-core:6.0.16,22.0
org.springframework:spring-context:6.1.5,org.springframework:spring-context:5.3.31,147.0
org.springframework:spring-core:6.0.6,org.springframework:spring-core:6.0.17,22.0
org.springframework:spring-context:6.1.5,org.springframework:spring-context:6.1.11,0.0
org.springframework:spring-core:6.0.6,org.springframework:spring-core:6.1.3,56.0
org.springframework:spring-context:6.1.5,org.springframework:spring-context:6.1.12,0.0
org.springframework:spring-core:6.0.6,org.springframework:spring-core:6.1.2,52.0
org.springframework:spring-core:6.0.6,org.springframework:spring-core:6.1.1,51.0
org.springframework:spring-core:6.0.6,org.springframework:spring-core:6.1.0,51.0
org.springframework:spring-webmvc:5.3.27,org.springframework:spring-webmvc:5.3.31,0.0
org.springframework:spring-webmvc:5.3.27,org.springframework:spring-webmvc:6.1.8,238.0
org.springframework:spring-webmvc:5.3.27,org.springframework:spring-webmvc:6.0.4,226.0
org.springframework:spring-webmvc:5.3.27,org.springframework:spring-webmvc:6.0.3,226.0
com.fasterxml.jackson.core:jackson-databind:2.12.4,com.fasterxml.jackson.core:jackson-databind:2.10.5,195.0
org.springframework:spring-webmvc:5.3.27,org.springframework:spring-webmvc:6.0.2,226.0
com.fasterxml.jackson.core:jackson-databind:2.12.4,com.fasterxml.jackson.core:jackson-databind:2.11.4,153.0
org.springframework:spring-webmvc:5.3.27,org.springframework:spring-webmvc:5.3.29,0.0
com.fasterxml.jackson.core:jackson-databind:2.12.4,com.fasterxml.jackson.core:jackson-databind:2.15.0,152.0
org.springframework:spring-webmvc:5.3.27,org.springframework:spring-webmvc:5.3.28,0.0
com.fasterxml.jackson.core:jackson-databind:2.12.4,com.fasterxml.jackson.core:jackson-databind:2.13.1,105.0
org.springframework:spring-webmvc:5.3.27,org.springframework:spring-webmvc:6.1.12,238.0
com.fasterxml.jackson.core:jackson-databind:2.12.4,com.fasterxml.jackson.core:jackson-databind:2.12.2,1.0
org.springframework:spring-webmvc:5.3.27,org.springframework:spring-webmvc:6.1.11,238.0
com.fasterxml.jackson.core:jackson-databind:2.12.4,com.fasterxml.jackson.core:jackson-databind:2.14.0,127.0
org.springframework:spring-webmvc:5.3.27,org.springframework:spring-webmvc:6.1.10,238.0
com.fasterxml.jackson.core:jackson-databind:2.12.4,com.fasterxml.jackson.core:jackson-databind:2.11.3,153.0
org.springframework:spring-webmvc:5.3.27,org.springframework:spring-webmvc:5.3.30,0.0
com.fasterxml.jackson.core:jackson-databind:2.12.4,com.fasterxml.jackson.core:jackson-databind:2.11.2,155.0
com.fasterxml.jackson.core:jackson-databind:2.12.4,com.fasterxml.jackson.core:jackson-databind:2.10.2,195.0
com.fasterxml.jackson.core:jackson-databind:2.12.4,com.fasterxml.jackson.core:jackson-databind:2.10.1,197.0
org.springframework:spring-context:6.1.5,org.springframework:spring-context:6.1.10,0.0
org.springframework:spring-context:6.1.5,org.springframework:spring-context:6.0.18,74.0
org.springframework:spring-context:6.1.5,org.springframework:spring-context:6.0.16,77.0
org.springframework:spring-context:6.1.5,org.springframework:spring-context:6.0.17,76.0
org.springframework:spring-context:6.1.5,org.springframework:spring-context:6.0.14,79.0
org.springframework:spring-context:6.1.5,org.springframework:spring-context:6.0.15,77.0
org.springframework:spring-context:6.1.5,org.springframework:spring-context:5.3.22,148.0
org.springframework:spring-context:6.1.5,org.springframework:spring-context:5.3.20,148.0
org.springframework:spring-context:6.1.5,org.springframework:spring-context:5.2.0.RELEASE,182.0
org.springframework:spring-context:6.1.5,org.springframework:spring-context:5.3.25,147.0
org.springframework:spring-webmvc:5.3.27,org.springframework:spring-webmvc:6.0.13,227.0
org.springframework:spring-webmvc:5.3.27,org.springframework:spring-webmvc:6.0.12,227.0
org.springframework:spring-webmvc:5.3.27,org.springframework:spring-webmvc:6.0.11,226.0
org.springframework:spring-webmvc:5.3.27,org.springframework:spring-webmvc:5.3.19,1.0
org.springframework:spring-webmvc:5.3.27,org.springframework:spring-webmvc:6.1.7,238.0
org.springframework:spring-webmvc:5.3.27,org.springframework:spring-webmvc:5.3.18,1.0
com.fasterxml.jackson.core:jackson-databind:2.12.4,com.fasterxml.jackson.core:jackson-databind:2.16.1,185.0
org.springframework:spring-webmvc:5.3.27,org.springframework:spring-webmvc:6.1.5,238.0
com.fasterxml.jackson.core:jackson-databind:2.12.4,com.fasterxml.jackson.core:jackson-databind:2.14.3,129.0
org.springframework:spring-webmvc:5.3.27,org.springframework:spring-webmvc:5.3.17,1.0
com.fasterxml.jackson.core:jackson-databind:2.12.4,com.fasterxml.jackson.core:jackson-databind:2.15.2,153.0
org.springframework:spring-webmvc:5.3.27,org.springframework:spring-webmvc:6.1.9,238.0
com.fasterxml.jackson.core:jackson-databind:2.12.4,com.fasterxml.jackson.core:jackson-databind:2.12.6.1,3.0
org.springframework:spring-webmvc:5.3.27,org.springframework:spring-webmvc:6.0.14,227.0
com.fasterxml.jackson.core:jackson-databind:2.12.4,com.fasterxml.jackson.core:jackson-databind:2.13.3,109.0
org.springframework:spring-webmvc:5.3.27,org.springframework:spring-webmvc:6.1.0,235.0
com.fasterxml.jackson.core:jackson-databind:2.12.4,com.fasterxml.jackson.core:jackson-databind:2.14.2,129.0
com.fasterxml.jackson.core:jackson-databind:2.12.4,com.fasterxml.jackson.core:jackson-databind:2.12.3,0.0
com.fasterxml.jackson.core:jackson-databind:2.12.4,com.fasterxml.jackson.core:jackson-databind:2.6.7.1,458.0
com.fasterxml.jackson.core:jackson-databind:2.12.4,com.fasterxml.jackson.core:jackson-databind:2.14.1,127.0
org.springframework:spring-context:6.1.5,org.springframework:spring-context:5.3.26,147.0
org.springframework:spring-context:6.1.5,org.springframework:spring-context:5.3.23,148.0
org.springframework:spring-context:6.1.5,org.springframework:spring-context:5.3.24,147.0
org.springframework:spring-context:6.1.5,org.springframework:spring-context:5.3.29,147.0
org.springframework:spring-context:6.1.5,org.springframework:spring-context:5.3.27,147.0
org.springframework:spring-context:6.1.5,org.springframework:spring-context:5.3.28,147.0
org.springframework:spring-context:6.1.5,org.springframework:spring-context:6.1.9,0.0
org.springframework:spring-context:6.1.5,org.springframework:spring-context:6.1.8,0.0
org.springframework:spring-context:6.1.5,org.springframework:spring-context:6.1.7,0.0
org.springframework:spring-context:6.1.5,org.springframework:spring-context:5.3.4,170.0
org.springframework:spring-webmvc:5.3.27,org.springframework:spring-webmvc:5.3.23,1.0
org.springframework:spring-webmvc:5.3.27,org.springframework:spring-webmvc:5.3.22,1.0
org.springframework:spring-webmvc:5.3.27,org.springframework:spring-webmvc:5.3.20,1.0
org.springframework:spring-webmvc:5.3.27,org.springframework:spring-webmvc:6.1.4,238.0
org.springframework:spring-webmvc:5.3.27,org.springframework:spring-webmvc:6.0.10,226.0
org.springframework:spring-webmvc:5.3.27,org.springframework:spring-webmvc:6.1.3,237.0
org.springframework:spring-webmvc:5.3.27,org.springframework:spring-webmvc:6.1.2,236.0
com.fasterxml.jackson.core:jackson-annotations:2.12.4,com.fasterxml.jackson.core:jackson-annotations:2.9.5,9.0
org.springframework:spring-webmvc:5.3.27,org.springframework:spring-webmvc:6.1.1,235.0
com.fasterxml.jackson.core:jackson-databind:2.12.4,com.fasterxml.jackson.core:jackson-databind:2.15.4,155.0
org.springframework:spring-webmvc:5.3.27,org.springframework:spring-webmvc:5.3.9,8.0
com.fasterxml.jackson.core:jackson-databind:2.12.4,com.fasterxml.jackson.core:jackson-databind:2.17.2,198.0
org.springframework:spring-webmvc:5.3.27,org.springframework:spring-webmvc:5.3.4,13.0
com.fasterxml.jackson.core:jackson-databind:2.12.4,com.fasterxml.jackson.core:jackson-databind:2.12.7.1,4.0
com.fasterxml.jackson.core:jackson-databind:2.12.4,com.fasterxml.jackson.core:jackson-databind:2.12.7,3.0
com.fasterxml.jackson.core:jackson-databind:2.12.4,com.fasterxml.jackson.core:jackson-databind:2.13.5,109.0
com.fasterxml.jackson.core:jackson-databind:2.12.4,com.fasterxml.jackson.core:jackson-databind:2.12.6,2.0
com.fasterxml.jackson.core:jackson-databind:2.12.4,com.fasterxml.jackson.core:jackson-databind:2.17.1,198.0
com.fasterxml.jackson.core:jackson-databind:2.12.4,com.fasterxml.jackson.core:jackson-databind:2.15.3,153.0
com.fasterxml.jackson.core:jackson-databind:2.12.4,com.fasterxml.jackson.core:jackson-databind:2.13.4,109.0
org.springframework:spring-context:6.1.5,org.springframework:spring-context:6.0.12,79.0
org.springframework:spring-context:6.1.5,org.springframework:spring-context:6.1.4,2.0
org.springframework:spring-context:6.1.5,org.springframework:spring-context:6.0.13,79.0
org.springframework:spring-context:6.1.5,org.springframework:spring-context:6.1.3,9.0
org.springframework:spring-context:6.1.5,org.springframework:spring-context:6.0.10,81.0
org.springframework:spring-context:6.1.5,org.springframework:spring-context:6.1.2,18.0
org.springframework:spring-context:6.1.5,org.springframework:spring-context:6.0.11,80.0
org.springframework:spring-context:6.1.5,org.springframework:spring-context:6.1.1,28.0
org.springframework:spring-context:6.1.5,org.springframework:spring-context:6.1.0,34.0
org.springframework:spring-webmvc:5.3.27,org.springframework:spring-webmvc:5.3.26,0.0
org.springframework:spring-webmvc:5.3.27,org.springframework:spring-webmvc:5.3.25,1.0
org.springframework:spring-webmvc:5.3.27,org.springframework:spring-webmvc:5.3.24,1.0
org.xmlbeam:xmlprojector:1.4.24,org.xmlbeam:xmlprojector:1.4.23,0.0
com.fasterxml.jackson.core:jackson-annotations:2.12.4,com.fasterxml.jackson.core:jackson-annotations:2.11.3,6.0
org.xmlbeam:xmlprojector:1.4.24,org.xmlbeam:xmlprojector:1.4.22,0.0
com.fasterxml.jackson.core:jackson-annotations:2.12.4,com.fasterxml.jackson.core:jackson-annotations:2.14.0,1.0
com.fasterxml.jackson.core:jackson-annotations:2.12.4,com.fasterxml.jackson.core:jackson-annotations:2.13.1,0.0
com.fasterxml.jackson.core:jackson-annotations:2.12.4,com.fasterxml.jackson.core:jackson-annotations:2.11.2,6.0
com.fasterxml.jackson.core:jackson-annotations:2.12.4,com.fasterxml.jackson.core:jackson-annotations:2.17.2,4.0
com.fasterxml.jackson.core:jackson-annotations:2.12.4,com.fasterxml.jackson.core:jackson-annotations:2.12.7,0.0
com.fasterxml.jackson.core:jackson-annotations:2.12.4,com.fasterxml.jackson.core:jackson-annotations:2.15.4,2.0
com.fasterxml.jackson.core:jackson-annotations:2.12.4,com.fasterxml.jackson.core:jackson-annotations:2.6.0,30.0
org.springframework:spring-context:6.1.5,org.springframework:spring-context:5.3.9,155.0
com.fasterxml.jackson.core:jackson-annotations:2.12.4,com.fasterxml.jackson.core:jackson-annotations:2.9.0,10.0
org.springframework:spring-oxm:6.1.5,org.springframework:spring-oxm:6.0.0,0.0
com.fasterxml.jackson.core:jackson-annotations:2.12.4,com.fasterxml.jackson.core:jackson-annotations:2.8.0,26.0
org.springframework:spring-oxm:6.1.5,org.springframework:spring-oxm:6.1.0,0.0
org.springframework:spring-oxm:6.1.5,org.springframework:spring-oxm:6.0.20,0.0
org.springframework:spring-oxm:6.1.5,org.springframework:spring-oxm:6.0.6,0.0
org.springframework:spring-oxm:6.1.5,org.springframework:spring-oxm:6.0.7,0.0
org.springframework:spring-oxm:6.1.5,org.springframework:spring-oxm:6.1.7,0.0
org.springframework:spring-oxm:6.1.5,org.springframework:spring-oxm:6.0.8,0.0
org.springframework:spring-oxm:6.1.5,org.springframework:spring-oxm:6.0.9,0.0
com.fasterxml.jackson.core:jackson-annotations:2.12.4,com.fasterxml.jackson.core:jackson-annotations:2.12.6,0.0
com.fasterxml.jackson.core:jackson-annotations:2.12.4,com.fasterxml.jackson.core:jackson-annotations:2.17.1,4.0
com.fasterxml.jackson.core:jackson-annotations:2.12.4,com.fasterxml.jackson.core:jackson-annotations:2.13.5,0.0
com.fasterxml.jackson.core:jackson-annotations:2.12.4,com.fasterxml.jackson.core:jackson-annotations:2.16.1,4.0
com.fasterxml.jackson.core:jackson-annotations:2.12.4,com.fasterxml.jackson.core:jackson-annotations:2.14.3,1.0
com.fasterxml.jackson.core:jackson-annotations:2.12.4,com.fasterxml.jackson.core:jackson-annotations:2.15.2,2.0
org.springframework:spring-oxm:6.1.5,org.springframework:spring-oxm:6.1.12,0.0
com.fasterxml.jackson.core:jackson-annotations:2.12.4,com.fasterxml.jackson.core:jackson-annotations:2.13.4,0.0
org.springframework:spring-oxm:6.1.5,org.springframework:spring-oxm:6.1.2,0.0
com.fasterxml.jackson.core:jackson-annotations:2.12.4,com.fasterxml.jackson.core:jackson-annotations:2.10.2,6.0
org.springframework:spring-oxm:6.1.5,org.springframework:spring-oxm:6.1.3,0.0
com.fasterxml.jackson.core:jackson-annotations:2.12.4,com.fasterxml.jackson.core:jackson-annotations:2.10.1,6.0
org.springframework:spring-oxm:6.1.5,org.springframework:spring-oxm:6.0.4,0.0
com.fasterxml.jackson.core:jackson-annotations:2.12.4,com.fasterxml.jackson.core:jackson-annotations:2.12.2,0.0
org.springframework:spring-oxm:6.1.5,org.springframework:spring-oxm:6.1.4,0.0
org.springframework:spring-oxm:6.1.5,org.springframework:spring-oxm:6.0.5,0.0
org.springframework:spring-oxm:6.1.5,org.springframework:spring-oxm:5.3.30,4.0
org.springframework:spring-oxm:6.1.5,org.springframework:spring-oxm:5.3.31,4.0
org.springframework:spring-oxm:6.1.5,org.springframework:spring-oxm:5.3.4,4.0
org.springframework:spring-oxm:6.1.5,org.springframework:spring-oxm:5.3.17,4.0
org.springframework:spring-oxm:6.1.5,org.springframework:spring-oxm:5.3.19,4.0
org.springframework:spring-oxm:6.1.5,org.springframework:spring-oxm:6.0.10,0.0
org.springframework:spring-oxm:6.1.5,org.springframework:spring-oxm:5.3.9,4.0
org.springframework:spring-oxm:6.1.5,org.springframework:spring-oxm:6.0.14,0.0
org.springframework:spring-oxm:6.1.5,org.springframework:spring-oxm:6.0.13,0.0
org.springframework:spring-oxm:6.1.5,org.springframework:spring-oxm:6.0.12,0.0
org.springframework:spring-oxm:6.1.5,org.springframework:spring-oxm:6.0.11,0.0
org.springframework:spring-oxm:6.1.5,org.springframework:spring-oxm:6.0.18,0.0
org.springframework:spring-oxm:6.1.5,org.springframework:spring-oxm:6.0.17,0.0
org.springframework:spring-oxm:6.1.5,org.springframework:spring-oxm:6.0.16,0.0
org.springframework:spring-oxm:6.1.5,org.springframework:spring-oxm:6.0.15,0.0
org.springframework:spring-oxm:6.1.5,org.springframework:spring-oxm:6.1.9,0.0
org.springframework:spring-oxm:6.1.5,org.springframework:spring-oxm:5.3.22,4.0
org.springframework:spring-oxm:6.1.5,org.springframework:spring-oxm:5.3.23,4.0
org.springframework:spring-oxm:6.1.5,org.springframework:spring-oxm:5.3.24,4.0
org.springframework:spring-oxm:6.1.5,org.springframework:spring-oxm:5.3.25,4.0
org.springframework:spring-oxm:6.1.5,org.springframework:spring-oxm:5.3.26,4.0
org.springframework:spring-core:6.0.9,org.springframework:spring-core:6.0.6,6.0
org.springframework:spring-core:6.0.9,org.springframework:spring-core:6.0.5,6.0
org.springframework:spring-core:6.0.8,org.springframework:spring-core:6.0.14,20.0
org.springframework:spring-core:6.0.9,org.springframework:spring-core:5.3.24,250.0
org.springframework:spring-core:6.0.9,org.springframework:spring-core:5.3.23,251.0
org.springframework:spring-core:6.0.9,org.springframework:spring-core:5.3.22,251.0
org.springframework:spring-core:6.0.9,org.springframework:spring-core:5.3.28,241.0
org.springframework:spring-core:6.0.9,org.springframework:spring-core:5.3.27,242.0
org.springframework:spring-core:6.0.9,org.springframework:spring-core:5.3.26,242.0
org.springframework:spring-core:6.0.9,org.springframework:spring-core:5.3.25,249.0
org.springframework:spring-core:6.0.9,org.springframework:spring-core:5.3.29,241.0
org.springframework:spring-core:6.0.9,org.springframework:spring-core:6.0.8,4.0
org.springframework:spring-core:6.0.9,org.springframework:spring-core:5.3.18,257.0
org.springframework:spring-core:6.0.9,org.springframework:spring-core:5.2.0.RELEASE,308.0
org.springframework:spring-core:6.0.9,org.springframework:spring-core:6.0.3,26.0
org.springframework:spring-core:6.0.9,org.springframework:spring-core:6.0.2,28.0
org.springframework:spring-core:6.0.9,org.springframework:spring-core:6.0.0,28.0
org.springframework:spring-core:6.0.9,org.springframework:spring-core:6.1.12,55.0
org.springframework:spring-core:6.0.9,org.springframework:spring-core:6.1.11,55.0
org.springframework:spring-core:6.0.9,org.springframework:spring-core:6.1.10,55.0
org.springframework:spring-core:6.0.9,org.springframework:spring-core:5.3.31,243.0
org.springframework:spring-core:6.0.9,org.springframework:spring-core:5.3.30,244.0
org.springframework:spring-core:6.0.9,org.springframework:spring-core:5.3.9,260.0
org.springframework:spring-core:6.0.9,org.springframework:spring-core:6.1.9,55.0
org.springframework:spring-core:6.0.9,org.springframework:spring-core:6.1.8,55.0
org.springframework:spring-core:6.0.9,org.springframework:spring-core:6.1.7,55.0
org.springframework:spring-core:6.0.9,org.springframework:spring-core:6.1.5,54.0
org.springframework:spring-core:6.0.9,org.springframework:spring-core:6.1.4,53.0
joda-time:joda-time:2.10.14,joda-time:joda-time:2.10.10,0.0
joda-time:joda-time:2.10.14,joda-time:joda-time:1.6,122.0
joda-time:joda-time:2.10.14,joda-time:joda-time:2.9.7,11.0
joda-time:joda-time:2.10.14,joda-time:joda-time:2.8.1,17.0
joda-time:joda-time:2.10.14,joda-time:joda-time:2.9,14.0
org.springframework:spring-webflux:5.3.27,org.springframework:spring-webflux:5.3.4,14.0
org.springframework:spring-core:6.0.9,org.springframework:spring-core:5.3.20,255.0
org.springframework:spring-webflux:5.3.27,org.springframework:spring-webflux:5.3.22,4.0
org.springframework:spring-core:6.0.9,org.springframework:spring-core:3.0.3.RELEASE,725.0
org.springframework:spring-webflux:5.3.27,org.springframework:spring-webflux:5.3.23,2.0
org.springframework:spring-core:6.0.9,org.springframework:spring-core:5.3.17,258.0
org.springframework:spring-webflux:5.3.27,org.springframework:spring-webflux:5.3.24,2.0
org.springframework:spring-core:6.0.9,org.springframework:spring-core:5.3.15,258.0
org.springframework:spring-core:6.0.9,org.springframework:spring-core:5.3.19,257.0
org.springframework:spring-core:6.0.9,org.springframework:spring-core:6.0.11,2.0
org.springframework:spring-core:6.0.9,org.springframework:spring-core:6.0.18,17.0
org.springframework:spring-core:6.0.9,org.springframework:spring-core:6.0.16,17.0
org.springframework:spring-core:6.0.9,org.springframework:spring-core:6.0.17,17.0
org.springframework:spring-core:6.0.9,org.springframework:spring-core:6.1.3,52.0
org.springframework:spring-core:6.0.9,org.springframework:spring-core:6.1.2,48.0
org.springframework:spring-core:6.0.9,org.springframework:spring-core:6.1.1,47.0
com.fasterxml.jackson.core:jackson-core:2.12.4,com.fasterxml.jackson.core:jackson-core:2.1.3,105.0
com.fasterxml.jackson.core:jackson-core:2.12.4,com.fasterxml.jackson.core:jackson-core:2.6.7,81.0
com.fasterxml.jackson.core:jackson-core:2.12.4,com.fasterxml.jackson.core:jackson-core:2.9.6,56.0
com.fasterxml.jackson.core:jackson-core:2.12.4,com.fasterxml.jackson.core:jackson-core:2.6.3,82.0
org.springframework:spring-webflux:5.3.27,org.springframework:spring-webflux:5.3.20,4.0
com.fasterxml.jackson.core:jackson-core:2.12.4,com.fasterxml.jackson.core:jackson-core:2.8.3,70.0
org.springframework:spring-webflux:5.3.27,org.springframework:spring-webflux:6.0.18,71.0
com.fasterxml.jackson.core:jackson-core:2.12.4,com.fasterxml.jackson.core:jackson-core:2.9.9,56.0
org.springframework:spring-webflux:5.3.27,org.springframework:spring-webflux:6.0.17,71.0
org.springframework:spring-webflux:5.3.27,org.springframework:spring-webflux:6.0.16,71.0
org.springframework:spring-webflux:5.3.27,org.springframework:spring-webflux:6.0.15,69.0
org.springframework:spring-webflux:5.3.27,org.springframework:spring-webflux:6.0.14,69.0
org.springframework:spring-webflux:5.3.27,org.springframework:spring-webflux:6.1.11,92.0
org.springframework:spring-webflux:5.3.27,org.springframework:spring-webflux:6.0.13,69.0
org.springframework:spring-webflux:5.3.27,org.springframework:spring-webflux:6.0.12,69.0
org.springframework:spring-core:6.0.9,org.springframework:spring-core:6.1.0,47.0
org.springframework:spring-webflux:5.3.27,org.springframework:spring-webflux:5.3.9,7.0
org.springframework:spring-core:6.0.9,org.springframework:spring-core:6.0.21,17.0
org.springframework:spring-core:6.0.9,org.springframework:spring-core:6.0.20,17.0
org.springframework:spring-core:6.0.9,org.springframework:spring-core:5.3.4,268.0
org.springframework:spring-core:6.0.6,org.springframework:spring-core:6.0.9,6.0
org.springframework:spring-core:6.0.6,org.springframework:spring-core:5.3.29,241.0
org.springframework:spring-core:6.0.6,org.springframework:spring-core:6.0.8,3.0
org.springframework:spring-core:6.0.6,org.springframework:spring-core:6.0.7,1.0
org.springframework:spring-core:6.0.6,org.springframework:spring-core:6.0.5,1.0
org.springframework:spring-core:6.0.9,org.springframework:spring-core:6.0.14,17.0
org.springframework:spring-core:6.0.9,org.springframework:spring-core:6.0.15,17.0
com.fasterxml.jackson.core:jackson-core:2.12.4,com.fasterxml.jackson.core:jackson-core:2.13.1,18.0
com.fasterxml.jackson.core:jackson-core:2.12.4,com.fasterxml.jackson.core:jackson-core:2.11.2,35.0
com.fasterxml.jackson.core:jackson-core:2.12.4,com.fasterxml.jackson.core:jackson-core:2.10.2,40.0
com.fasterxml.jackson.core:jackson-core:2.12.4,com.fasterxml.jackson.core:jackson-core:2.10.1,40.0
com.fasterxml.jackson.core:jackson-core:2.12.4,com.fasterxml.jackson.core:jackson-core:2.14.1,41.0
com.fasterxml.jackson.core:jackson-core:2.12.4,com.fasterxml.jackson.core:jackson-core:2.11.4,35.0
com.fasterxml.jackson.core:jackson-core:2.12.4,com.fasterxml.jackson.core:jackson-core:2.15.0,45.0
org.springframework:spring-webflux:5.3.27,org.springframework:spring-webflux:6.1.12,92.0
com.fasterxml.jackson.core:jackson-core:2.12.4,com.fasterxml.jackson.core:jackson-core:2.13.2,18.0
org.springframework:spring-webflux:5.3.27,org.springframework:spring-webflux:6.0.20,71.0
com.fasterxml.jackson.core:jackson-core:2.12.4,com.fasterxml.jackson.core:jackson-core:2.12.2,0.0
org.springframework:spring-webflux:5.3.27,org.springframework:spring-webflux:5.3.19,4.0
com.fasterxml.jackson.core:jackson-core:2.12.4,com.fasterxml.jackson.core:jackson-core:2.14.0,41.0
org.springframework:spring-webflux:5.3.27,org.springframework:spring-webflux:5.3.15,4.0
com.fasterxml.jackson.core:jackson-core:2.12.4,com.fasterxml.jackson.core:jackson-core:2.11.3,35.0
org.springframework:spring-webflux:5.3.27,org.springframework:spring-webflux:5.3.17,4.0
org.springframework:spring-webflux:5.3.27,org.springframework:spring-webflux:5.3.30,0.0
org.springframework:spring-webflux:5.3.27,org.springframework:spring-webflux:5.3.31,0.0
org.springframework:spring-webflux:5.3.27,org.springframework:spring-webflux:6.0.0,68.0
org.springframework:spring-webflux:5.3.27,org.springframework:spring-webflux:6.0.4,68.0
org.springframework:spring-webflux:5.3.27,org.springframework:spring-webflux:6.0.11,69.0
org.springframework:spring-core:6.0.9,org.springframework:spring-core:6.0.12,10.0
org.springframework:spring-core:6.0.9,org.springframework:spring-core:6.0.13,13.0
org.springframework:spring-core:6.0.9,org.springframework:spring-core:6.0.10,2.0
org.springframework:spring-core:6.0.6,org.springframework:spring-core:6.1.11,59.0
org.springframework:spring-core:6.0.6,org.springframework:spring-core:6.1.10,59.0
org.springframework:spring-core:6.0.6,org.springframework:spring-core:5.3.31,243.0
org.springframework:spring-core:6.0.6,org.springframework:spring-core:5.3.30,244.0
org.springframework:spring-core:6.0.6,org.springframework:spring-core:5.3.24,248.0
org.springframework:spring-core:6.0.6,org.springframework:spring-core:5.3.23,249.0
org.springframework:spring-core:6.0.6,org.springframework:spring-core:5.3.22,249.0
org.springframework:spring-core:6.0.6,org.springframework:spring-core:5.3.28,241.0
org.springframework:spring-core:6.0.6,org.springframework:spring-core:5.3.27,240.0
com.fasterxml.jackson.core:jackson-core:2.12.4,com.fasterxml.jackson.core:jackson-core:2.13.3,18.0
com.fasterxml.jackson.core:jackson-core:2.12.4,com.fasterxml.jackson.core:jackson-core:2.10.5,40.0
com.fasterxml.jackson.core:jackson-core:2.12.4,com.fasterxml.jackson.core:jackson-core:2.12.3,0.0
com.fasterxml.jackson.core:jackson-core:2.12.4,com.fasterxml.jackson.core:jackson-core:2.17.1,55.0
com.fasterxml.jackson.core:jackson-core:2.12.4,com.fasterxml.jackson.core:jackson-core:2.13.5,18.0
org.springframework:spring-webflux:5.3.27,org.springframework:spring-webflux:6.1.3,92.0
com.fasterxml.jackson.core:jackson-core:2.12.4,com.fasterxml.jackson.core:jackson-core:2.14.3,41.0
org.springframework:spring-webflux:5.3.27,org.springframework:spring-webflux:6.0.10,69.0
com.fasterxml.jackson.core:jackson-core:2.12.4,com.fasterxml.jackson.core:jackson-core:2.15.2,45.0
org.springframework:spring-webflux:5.3.27,org.springframework:spring-webflux:6.1.2,90.0
com.fasterxml.jackson.core:jackson-core:2.12.4,com.fasterxml.jackson.core:jackson-core:2.13.4,18.0
org.springframework:spring-webflux:5.3.27,org.springframework:spring-webflux:6.1.0,90.0
com.fasterxml.jackson.core:jackson-core:2.12.4,com.fasterxml.jackson.core:jackson-core:2.16.1,53.0
org.springframework:spring-webflux:5.3.27,org.springframework:spring-webflux:6.0.8,68.0
org.springframework:spring-webflux:5.3.27,org.springframework:spring-webflux:6.1.7,92.0
com.fasterxml.jackson.core:jackson-core:2.12.4,com.fasterxml.jackson.core:jackson-core:2.14.2,41.0
org.springframework:spring-webflux:5.3.27,org.springframework:spring-webflux:6.0.7,68.0
org.springframework:spring-webflux:5.3.27,org.springframework:spring-webflux:6.0.6,68.0
org.springframework:spring-webflux:5.3.27,org.springframework:spring-webflux:6.1.5,92.0
org.springframework:spring-webflux:5.3.27,org.springframework:spring-webflux:6.0.5,68.0
org.springframework:spring-core:6.0.6,org.springframework:spring-core:5.3.26,240.0
org.springframework:spring-core:6.0.6,org.springframework:spring-core:5.3.25,247.0
org.springframework:spring-core:6.0.6,org.springframework:spring-core:3.0.3.RELEASE,725.0
org.springframework:spring-core:6.0.6,org.springframework:spring-core:5.3.17,256.0
org.springframework.hateoas:spring-hateoas:2.2.1,org.springframework.hateoas:spring-hateoas:1.3.3,85.0
org.springframework:spring-core:6.0.6,org.springframework:spring-core:5.3.15,256.0
org.springframework.hateoas:spring-hateoas:2.2.1,org.springframework.hateoas:spring-hateoas:2.0.5,12.0
org.springframework:spring-core:6.0.6,org.springframework:spring-core:5.3.19,255.0
org.springframework.hateoas:spring-hateoas:2.2.1,org.springframework.hateoas:spring-hateoas:2.1.4,4.0
org.springframework:spring-core:6.0.6,org.springframework:spring-core:5.3.18,255.0
org.springframework.hateoas:spring-hateoas:2.2.1,org.springframework.hateoas:spring-hateoas:2.3.2,2.0
org.springframework:spring-core:6.0.6,org.springframework:spring-core:5.2.0.RELEASE,307.0
org.springframework.hateoas:spring-hateoas:2.2.1,org.springframework.hateoas:spring-hateoas:2.2.3,2.0
org.springframework.hateoas:spring-hateoas:2.2.1,org.springframework.hateoas:spring-hateoas:2.1.3,4.0
org.springframework:spring-core:6.0.6,org.springframework:spring-core:6.0.3,21.0
org.springframework.hateoas:spring-hateoas:2.2.1,org.springframework.hateoas:spring-hateoas:2.3.1,2.0
org.springframework:spring-core:6.0.6,org.springframework:spring-core:6.0.2,23.0
org.springframework.hateoas:spring-hateoas:2.2.1,org.springframework.hateoas:spring-hateoas:2.0.4,14.0
org.springframework:spring-core:6.0.6,org.springframework:spring-core:6.0.0,23.0
org.springframework.hateoas:spring-hateoas:2.2.1,org.springframework.hateoas:spring-hateoas:2.0.7,6.0
org.springframework.hateoas:spring-hateoas:2.2.1,org.springframework.hateoas:spring-hateoas:2.2.4,2.0
com.fasterxml.jackson.core:jackson-core:2.12.4,com.fasterxml.jackson.core:jackson-core:2.15.3,45.0
com.fasterxml.jackson.core:jackson-core:2.12.4,com.fasterxml.jackson.core:jackson-core:2.12.6,1.0
jakarta.activation:jakarta.activation-api:1.2.1,jakarta.activation:jakarta.activation-api:2.1.0,21.0
org.springframework:spring-webflux:5.3.27,org.springframework:spring-webflux:6.1.4,92.0
jakarta.xml.bind:jakarta.xml.bind-api:2.3.2,jakarta.xml.bind:jakarta.xml.bind-api:2.3.3,0.0
org.springframework:spring-webflux:5.3.27,org.springframework:spring-webflux:5.3.29,0.0
org.springframework:spring-webflux:5.3.27,org.springframework:spring-webflux:6.1.9,92.0
jakarta.xml.bind:jakarta.xml.bind-api:2.3.2,jakarta.xml.bind:jakarta.xml.bind-api:4.0.2,101.0
org.springframework:spring-webflux:5.3.27,org.springframework:spring-webflux:6.0.9,68.0
jakarta.xml.bind:jakarta.xml.bind-api:2.3.2,jakarta.xml.bind:jakarta.xml.bind-api:4.0.0,101.0
org.springframework:spring-webflux:5.3.27,org.springframework:spring-webflux:5.3.25,2.0
jakarta.xml.bind:jakarta.xml.bind-api:2.3.2,jakarta.xml.bind:jakarta.xml.bind-api:4.0.1,101.0
org.springframework:spring-webflux:5.3.27,org.springframework:spring-webflux:5.3.26,0.0
com.fasterxml.jackson.core:jackson-core:2.12.4,com.fasterxml.jackson.core:jackson-core:2.12.7,1.0
com.fasterxml.jackson.core:jackson-core:2.12.4,com.fasterxml.jackson.core:jackson-core:2.15.4,45.0
org.springframework:spring-webflux:5.3.27,org.springframework:spring-webflux:5.3.28,0.0
com.fasterxml.jackson.core:jackson-core:2.12.4,com.fasterxml.jackson.core:jackson-core:2.17.2,55.0
org.springframework:spring-webmvc:5.3.27,org.springframework:spring-webmvc:6.0.21,228.0
org.springframework:spring-webmvc:5.3.27,org.springframework:spring-webmvc:6.0.20,228.0
org.springframework:spring-core:6.0.6,org.springframework:spring-core:6.1.12,59.0
org.springframework:spring-expression:6.0.14,org.springframework:spring-expression:5.3.26,14.0
org.springframework:spring-expression:6.0.14,org.springframework:spring-expression:5.3.29,8.0
org.springframework:spring-expression:6.0.14,org.springframework:spring-expression:6.0.12,2.0
org.springframework:spring-expression:6.0.14,org.springframework:spring-expression:5.3.31,8.0
org.springframework:spring-expression:6.0.14,org.springframework:spring-expression:6.0.11,2.0
org.springframework:spring-expression:6.0.14,org.springframework:spring-expression:6.0.13,0.0
org.springframework:spring-expression:6.0.14,org.springframework:spring-expression:6.0.16,0.0
org.springframework:spring-expression:6.0.14,org.springframework:spring-expression:6.0.15,0.0
org.springframework:spring-expression:6.0.14,org.springframework:spring-expression:5.3.27,9.0
org.springframework:spring-expression:6.0.14,org.springframework:spring-expression:5.3.4,17.0
org.springframework:spring-expression:6.0.14,org.springframework:spring-expression:5.3.30,8.0
org.springframework:spring-expression:6.0.14,org.springframework:spring-expression:6.0.4,13.0
org.springframework:spring-expression:6.0.14,org.springframework:spring-expression:6.0.17,0.0
org.springframework:spring-expression:6.0.14,org.springframework:spring-expression:6.0.7,12.0
org.springframework:spring-expression:6.0.14,org.springframework:spring-expression:6.0.6,13.0
org.springframework:spring-expression:6.0.14,org.springframework:spring-expression:6.0.9,2.0
org.springframework:spring-expression:6.0.14,org.springframework:spring-expression:6.0.8,3.0
org.springframework:spring-expression:6.0.14,org.springframework:spring-expression:6.0.0,13.0
org.springframework:spring-expression:6.0.14,org.springframework:spring-expression:6.0.3,13.0
org.springframework:spring-expression:6.0.14,org.springframework:spring-expression:6.0.2,13.0
org.springframework:spring-expression:6.0.14,org.springframework:spring-expression:6.0.10,2.0
org.springframework:spring-core:6.0.14,org.springframework:spring-core:6.0.15,1.0
org.springframework:spring-core:6.0.14,org.springframework:spring-core:6.0.12,8.0
org.springframework:spring-core:6.0.14,org.springframework:spring-core:6.0.13,5.0
org.springframework:spring-core:6.0.14,org.springframework:spring-core:6.0.10,17.0
org.springframework:spring-core:6.0.14,org.springframework:spring-core:6.0.11,17.0
org.springframework:spring-core:6.0.14,org.springframework:spring-core:6.0.18,2.0
org.springframework:spring-expression:6.0.14,org.springframework:spring-expression:5.2.0.RELEASE,17.0
org.springframework:spring-expression:6.0.14,org.springframework:spring-expression:5.3.20,15.0
org.springframework:spring-expression:6.0.14,org.springframework:spring-expression:6.1.12,15.0
org.springframework:spring-expression:6.0.14,org.springframework:spring-expression:5.3.28,8.0
org.springframework:spring-expression:6.0.14,org.springframework:spring-expression:5.3.9,17.0
org.springframework:spring-expression:6.0.14,org.springframework:spring-expression:5.3.23,15.0
org.springframework:spring-expression:6.0.14,org.springframework:spring-expression:5.3.22,15.0
org.springframework:spring-expression:6.0.14,org.springframework:spring-expression:5.3.25,15.0
org.springframework:spring-expression:6.0.14,org.springframework:spring-expression:5.3.24,15.0
org.springframework:spring-expression:6.0.14,org.springframework:spring-expression:6.1.11,13.0
org.springframework:spring-expression:6.0.14,org.springframework:spring-expression:6.1.10,13.0
org.jetbrains.kotlinx:kotlinx-coroutines-reactor:1.7.3,org.jetbrains.kotlinx:kotlinx-coroutines-reactor:1.8.1,0.0
org.jetbrains.kotlinx:kotlinx-coroutines-reactor:1.7.3,org.jetbrains.kotlinx:kotlinx-coroutines-reactor:1.6.4,1.0
org.jetbrains.kotlinx:kotlinx-coroutines-reactor:1.7.3,org.jetbrains.kotlinx:kotlinx-coroutines-reactor:1.5.2,1.0
org.springframework:spring-core:6.0.14,org.springframework:spring-core:6.1.9,41.0
org.springframework:spring-core:6.0.14,org.springframework:spring-core:6.1.8,41.0
org.springframework:spring-core:6.0.14,org.springframework:spring-core:6.1.7,41.0
org.springframework:spring-core:6.0.14,org.springframework:spring-core:6.1.5,40.0
org.jetbrains.kotlinx:kotlinx-coroutines-reactor:1.7.3,org.jetbrains.kotlinx:kotlinx-coroutines-reactor:1.4.3,5.0
org.springframework:spring-core:6.0.14,org.springframework:spring-core:6.1.4,39.0
org.springframework.hateoas:spring-hateoas:2.2.1,org.springframework.hateoas:spring-hateoas:2.0.1,14.0
org.springframework:spring-core:6.0.14,org.springframework:spring-core:5.3.20,261.0
org.springframework.hateoas:spring-hateoas:2.2.1,org.springframework.hateoas:spring-hateoas:2.1.0,12.0
org.springframework:spring-core:6.0.14,org.springframework:spring-core:3.0.3.RELEASE,727.0
org.springframework.hateoas:spring-hateoas:2.2.1,org.springframework.hateoas:spring-hateoas:2.0.0,14.0
org.springframework:spring-core:6.0.14,org.springframework:spring-core:5.3.17,264.0
org.springframework.hateoas:spring-hateoas:2.2.1,org.springframework.hateoas:spring-hateoas:2.0.3,14.0
org.springframework:spring-core:6.0.14,org.springframework:spring-core:5.3.15,264.0
org.springframework.hateoas:spring-hateoas:2.2.1,org.springframework.hateoas:spring-hateoas:2.1.2,5.0
org.springframework:spring-core:6.0.14,org.springframework:spring-core:5.3.19,263.0
org.springframework.hateoas:spring-hateoas:2.2.1,org.springframework.hateoas:spring-hateoas:2.3.0,0.0
org.springframework:spring-core:6.0.14,org.springframework:spring-core:5.3.9,266.0
org.springframework.hateoas:spring-hateoas:2.2.1,org.springframework.hateoas:spring-hateoas:2.0.2,14.0
org.springframework.hateoas:spring-hateoas:2.2.1,org.springframework.hateoas:spring-hateoas:2.2.0,0.0
org.springframework:spring-core:6.0.14,org.springframework:spring-core:6.0.16,2.0
org.springframework:spring-core:6.0.14,org.springframework:spring-core:6.0.17,2.0
org.springframework.hateoas:spring-hateoas:2.2.1,org.springframework.hateoas:spring-hateoas:2.1.1,10.0
org.springframework:spring-core:6.0.14,org.springframework:spring-core:6.1.3,38.0
org.springframework.hateoas:spring-hateoas:2.2.1,org.springframework.hateoas:spring-hateoas:1.5.6,46.0
org.springframework:spring-core:6.0.14,org.springframework:spring-core:6.1.2,33.0
org.springframework.hateoas:spring-hateoas:2.2.1,org.springframework.hateoas:spring-hateoas:1.3.7,83.0
org.springframework:spring-core:6.0.14,org.springframework:spring-core:6.1.1,32.0
org.springframework.hateoas:spring-hateoas:2.2.1,org.springframework.hateoas:spring-hateoas:1.5.5,46.0
org.springframework:spring-core:6.0.14,org.springframework:spring-core:6.1.0,32.0
org.springframework.hateoas:spring-hateoas:2.2.1,org.springframework.hateoas:spring-hateoas:1.5.4,46.0
org.springframework:spring-core:6.0.14,org.springframework:spring-core:6.0.21,2.0
org.springframework.hateoas:spring-hateoas:2.2.1,org.springframework.hateoas:spring-hateoas:1.4.5,47.0
org.springframework:spring-core:6.0.14,org.springframework:spring-core:6.0.20,2.0
org.springframework.hateoas:spring-hateoas:2.2.1,org.springframework.hateoas:spring-hateoas:1.5.3,46.0
org.springframework:spring-core:6.0.14,org.springframework:spring-core:5.3.4,274.0
org.springframework.hateoas:spring-hateoas:2.2.1,org.springframework.hateoas:spring-hateoas:1.4.4,48.0
org.springframework.hateoas:spring-hateoas:2.2.1,org.springframework.hateoas:spring-hateoas:1.5.2,46.0
org.springframework.hateoas:spring-hateoas:2.2.1,org.springframework.hateoas:spring-hateoas:1.2.4,129.0
org.springframework:spring-core:6.0.14,org.springframework:spring-core:5.3.30,245.0
org.springframework:spring-core:6.0.14,org.springframework:spring-core:5.3.24,256.0
org.springframework:spring-core:6.0.14,org.springframework:spring-core:5.3.23,257.0
org.springframework:spring-core:6.0.14,org.springframework:spring-core:5.3.22,257.0
org.springframework:spring-core:6.0.14,org.springframework:spring-core:5.3.28,248.0
org.springframework:spring-core:6.0.14,org.springframework:spring-core:5.3.27,249.0
org.springframework:spring-core:6.0.14,org.springframework:spring-core:5.3.26,249.0
org.springframework:spring-core:6.0.14,org.springframework:spring-core:5.3.25,256.0
org.springframework:spring-core:6.0.14,org.springframework:spring-core:6.0.9,19.0
org.springframework:spring-core:6.0.14,org.springframework:spring-core:5.3.29,248.0
org.springframework:spring-core:6.0.14,org.springframework:spring-core:5.3.18,263.0
org.springframework:spring-core:6.0.14,org.springframework:spring-core:5.2.0.RELEASE,311.0
org.springframework:spring-core:6.0.14,org.springframework:spring-core:6.0.4,44.0
org.springframework:spring-core:6.0.14,org.springframework:spring-core:6.0.3,44.0
org.springframework:spring-core:6.0.14,org.springframework:spring-core:6.0.2,45.0
org.springframework:spring-core:6.0.14,org.springframework:spring-core:6.0.0,45.0
org.springframework:spring-core:6.0.14,org.springframework:spring-core:6.1.12,41.0
org.springframework:spring-core:6.0.14,org.springframework:spring-core:6.1.11,41.0
org.springframework:spring-core:6.0.14,org.springframework:spring-core:6.1.10,41.0
org.springframework:spring-core:6.0.14,org.springframework:spring-core:5.3.31,244.0
org.springframework:spring-aop:6.0.14,org.springframework:spring-aop:6.0.15,0.0
org.springframework:spring-aop:6.0.14,org.springframework:spring-aop:6.0.13,0.0
org.springframework:spring-aop:6.0.14,org.springframework:spring-aop:5.2.0.RELEASE,29.0
org.springframework:spring-aop:6.0.14,org.springframework:spring-aop:6.1.9,12.0
org.springframework:spring-aop:6.0.14,org.springframework:spring-aop:5.3.20,26.0
org.springframework:spring-aop:6.0.14,org.springframework:spring-aop:6.1.7,12.0
org.springframework:spring-aop:6.0.14,org.springframework:spring-aop:6.1.8,12.0
org.springframework:spring-aop:6.0.14,org.springframework:spring-aop:6.1.5,13.0
org.springframework:spring-aop:6.0.14,org.springframework:spring-aop:6.1.3,13.0
org.springframework:spring-core:6.0.14,org.springframework:spring-core:6.0.8,22.0
org.springframework:spring-core:6.0.14,org.springframework:spring-core:6.0.7,24.0
org.springframework:spring-core:6.0.14,org.springframework:spring-core:6.0.6,24.0
org.springframework:spring-core:6.0.14,org.springframework:spring-core:6.0.5,24.0
org.springframework:spring-aop:6.0.14,org.springframework:spring-aop:5.3.31,26.0
org.springframework:spring-aop:6.0.14,org.springframework:spring-aop:5.3.30,26.0
org.springframework:spring-aop:6.0.14,org.springframework:spring-aop:6.0.12,0.0
org.springframework:spring-aop:6.0.14,org.springframework:spring-aop:6.0.11,0.0
org.springframework:spring-aop:6.0.14,org.springframework:spring-aop:6.0.10,1.0
org.springframework:spring-aop:6.0.14,org.springframework:spring-aop:6.0.16,0.0
org.springframework:spring-aop:6.0.14,org.springframework:spring-aop:5.3.15,26.0
org.springframework:spring-aop:6.0.14,org.springframework:spring-aop:5.3.24,26.0
org.springframework:spring-aop:6.0.14,org.springframework:spring-aop:5.3.23,26.0
org.springframework:spring-aop:6.0.14,org.springframework:spring-aop:5.3.9,26.0
org.springframework:spring-aop:6.0.14,org.springframework:spring-aop:5.3.22,26.0
org.springframework:spring-aop:6.0.14,org.springframework:spring-aop:6.1.12,12.0
org.springframework:spring-aop:6.0.14,org.springframework:spring-aop:6.1.11,12.0
org.springframework:spring-aop:6.0.14,org.springframework:spring-aop:6.1.10,12.0
org.springframework:spring-aop:6.0.14,org.springframework:spring-aop:5.3.19,26.0
org.springframework:spring-aop:6.0.14,org.springframework:spring-aop:5.3.18,26.0
org.springframework:spring-aop:6.0.14,org.springframework:spring-aop:5.3.17,26.0
org.springframework:spring-aop:6.0.14,org.springframework:spring-aop:6.1.4,13.0
org.springframework:spring-aop:6.0.14,org.springframework:spring-aop:5.3.29,26.0
org.springframework:spring-aop:6.0.14,org.springframework:spring-aop:6.1.1,5.0
org.springframework:spring-aop:6.0.14,org.springframework:spring-aop:5.3.28,26.0
org.springframework:spring-aop:6.0.14,org.springframework:spring-aop:6.1.2,12.0
org.springframework:spring-aop:6.0.14,org.springframework:spring-aop:5.3.4,26.0
org.springframework:spring-aop:6.0.14,org.springframework:spring-aop:5.3.27,26.0
org.springframework:spring-aop:6.0.14,org.springframework:spring-aop:5.3.26,26.0
org.springframework:spring-aop:6.0.14,org.springframework:spring-aop:6.1.0,5.0
org.springframework:spring-aop:6.0.14,org.springframework:spring-aop:5.3.25,26.0
org.springframework:spring-core:6.0.8,org.springframework:spring-core:6.0.2,25.0
org.springframework:spring-core:6.0.8,org.springframework:spring-core:6.0.0,25.0
org.springframework:spring-core:6.0.8,org.springframework:spring-core:6.1.12,58.0
org.springframework:spring-core:6.0.8,org.springframework:spring-core:6.1.11,58.0
org.springframework:spring-core:6.0.8,org.springframework:spring-core:6.1.10,58.0
org.springframework:spring-core:6.0.8,org.springframework:spring-core:5.3.31,243.0
org.springframework:spring-core:6.0.8,org.springframework:spring-core:5.3.30,244.0
org.springframework:spring-core:6.0.8,org.springframework:spring-core:5.3.24,248.0
org.springframework:spring-core:6.0.8,org.springframework:spring-core:5.3.23,249.0
org.springframework:spring-core:6.0.8,org.springframework:spring-core:5.3.22,249.0
com.fasterxml.jackson.core:jackson-databind:2.12.2,com.fasterxml.jackson.core:jackson-databind:2.15.2,153.0
com.fasterxml.jackson.core:jackson-databind:2.12.2,com.fasterxml.jackson.core:jackson-databind:2.12.6.1,4.0
com.fasterxml.jackson.core:jackson-databind:2.12.2,com.fasterxml.jackson.core:jackson-databind:2.12.7.1,5.0
org.springframework:spring-expression:5.3.27,org.springframework:spring-expression:6.0.11,8.0
com.fasterxml.jackson.core:jackson-databind:2.12.2,com.fasterxml.jackson.core:jackson-databind:2.12.7,4.0
org.springframework:spring-expression:5.3.27,org.springframework:spring-expression:6.0.14,9.0
com.fasterxml.jackson.core:jackson-databind:2.12.2,com.fasterxml.jackson.core:jackson-databind:2.13.5,109.0
org.springframework:spring-expression:5.3.27,org.springframework:spring-expression:6.0.13,9.0
com.fasterxml.jackson.core:jackson-databind:2.12.2,com.fasterxml.jackson.core:jackson-databind:2.12.6,3.0
org.springframework:spring-expression:5.3.27,org.springframework:spring-expression:6.0.16,9.0
com.fasterxml.jackson.core:jackson-databind:2.12.2,com.fasterxml.jackson.core:jackson-databind:2.17.1,198.0
org.springframework:spring-expression:5.3.27,org.springframework:spring-expression:6.0.15,9.0
com.fasterxml.jackson.core:jackson-databind:2.12.2,com.fasterxml.jackson.core:jackson-databind:2.15.3,153.0
com.fasterxml.jackson.core:jackson-databind:2.12.2,com.fasterxml.jackson.core:jackson-databind:2.13.4,109.0
org.springframework:spring-expression:5.3.27,org.springframework:spring-expression:5.3.4,12.0
com.fasterxml.jackson.core:jackson-databind:2.12.2,com.fasterxml.jackson.core:jackson-databind:2.16.1,185.0
org.springframework:spring-expression:5.3.27,org.springframework:spring-expression:5.3.26,9.0
com.fasterxml.jackson.core:jackson-databind:2.12.2,com.fasterxml.jackson.core:jackson-databind:2.14.3,129.0
org.springframework:spring-expression:5.3.27,org.springframework:spring-expression:5.3.29,1.0
org.springframework:spring-expression:5.3.27,org.springframework:spring-expression:5.3.28,1.0
org.springframework:spring-core:6.0.8,org.springframework:spring-core:5.3.28,241.0
org.slf4j:slf4j-api:2.0.2,org.slf4j:slf4j-api:1.7.35,30.0
org.springframework:spring-core:6.0.8,org.springframework:spring-core:6.1.4,56.0
org.slf4j:slf4j-api:2.0.2,org.slf4j:slf4j-api:1.7.13,34.0
org.springframework:spring-core:6.0.8,org.springframework:spring-core:5.3.20,253.0
org.slf4j:slf4j-api:2.0.2,org.slf4j:slf4j-api:1.7.36,30.0
org.springframework:spring-core:6.0.8,org.springframework:spring-core:3.0.3.RELEASE,725.0
org.jetbrains.kotlinx:kotlinx-coroutines-reactive:1.7.3,org.jetbrains.kotlinx:kotlinx-coroutines-reactive:1.4.0,7.0
org.springframework:spring-core:6.0.8,org.springframework:spring-core:5.3.17,256.0
org.jetbrains.kotlinx:kotlinx-coroutines-reactive:1.7.3,org.jetbrains.kotlinx:kotlinx-coroutines-reactive:1.6.0,4.0
org.springframework:spring-core:6.0.8,org.springframework:spring-core:5.3.15,256.0
org.jetbrains.kotlinx:kotlinx-coroutines-reactive:1.7.3,org.jetbrains.kotlinx:kotlinx-coroutines-reactive:1.4.2,7.0
org.springframework:spring-core:6.0.8,org.springframework:spring-core:5.3.19,255.0
org.jetbrains.kotlinx:kotlinx-coroutines-reactive:1.7.3,org.jetbrains.kotlinx:kotlinx-coroutines-reactive:1.5.2,4.0
org.springframework:spring-core:6.0.8,org.springframework:spring-core:5.3.18,255.0
org.jetbrains.kotlinx:kotlinx-coroutines-reactive:1.7.3,org.jetbrains.kotlinx:kotlinx-coroutines-reactive:1.4.3,7.0
org.springframework:spring-core:6.0.8,org.springframework:spring-core:5.2.0.RELEASE,307.0
org.jetbrains.kotlinx:kotlinx-coroutines-reactive:1.7.3,org.jetbrains.kotlinx:kotlinx-coroutines-reactive:1.8.1,2.0
org.jetbrains.kotlinx:kotlinx-coroutines-reactive:1.7.3,org.jetbrains.kotlinx:kotlinx-coroutines-reactive:1.6.4,4.0
org.springframework:spring-core:6.0.8,org.springframework:spring-core:6.0.3,23.0
org.springframework:spring-context:5.3.27,org.springframework:spring-context:5.3.15,4.0
com.fasterxml.jackson.core:jackson-databind:2.12.2,com.fasterxml.jackson.core:jackson-databind:2.17.2,198.0
org.springframework:spring-expression:5.3.27,org.springframework:spring-expression:5.3.9,12.0
com.fasterxml.jackson.core:jackson-annotations:2.12.2,com.fasterxml.jackson.core:jackson-annotations:2.13.1,0.0
org.springframework:spring-expression:5.3.27,org.springframework:spring-expression:5.3.23,10.0
com.fasterxml.jackson.core:jackson-annotations:2.12.2,com.fasterxml.jackson.core:jackson-annotations:2.11.2,6.0
org.springframework:spring-expression:5.3.27,org.springframework:spring-expression:5.3.22,10.0
com.fasterxml.jackson.core:jackson-annotations:2.12.2,com.fasterxml.jackson.core:jackson-annotations:2.17.2,4.0
org.springframework:spring-expression:5.3.27,org.springframework:spring-expression:5.3.25,10.0
com.fasterxml.jackson.core:jackson-annotations:2.12.2,com.fasterxml.jackson.core:jackson-annotations:2.12.7,0.0
org.springframework:spring-expression:5.3.27,org.springframework:spring-expression:5.3.24,10.0
com.fasterxml.jackson.core:jackson-annotations:2.12.2,com.fasterxml.jackson.core:jackson-annotations:2.15.4,2.0
org.springframework:spring-expression:5.3.27,org.springframework:spring-expression:6.1.11,21.0
com.fasterxml.jackson.core:jackson-annotations:2.12.2,com.fasterxml.jackson.core:jackson-annotations:2.6.0,30.0
org.springframework:spring-expression:5.3.27,org.springframework:spring-expression:6.1.10,21.0
com.fasterxml.jackson.core:jackson-annotations:2.12.2,com.fasterxml.jackson.core:jackson-annotations:2.9.0,10.0
org.springframework:spring-expression:5.3.27,org.springframework:spring-expression:5.2.0.RELEASE,13.0
com.fasterxml.jackson.core:jackson-annotations:2.12.2,com.fasterxml.jackson.core:jackson-annotations:2.8.0,26.0
org.springframework:spring-expression:5.3.27,org.springframework:spring-expression:5.3.20,10.0
com.fasterxml.jackson.core:jackson-annotations:2.12.2,com.fasterxml.jackson.core:jackson-annotations:2.9.5,9.0
org.springframework:spring-expression:5.3.27,org.springframework:spring-expression:6.1.12,22.0
com.fasterxml.jackson.core:jackson-databind:2.12.2,com.fasterxml.jackson.core:jackson-databind:2.15.4,155.0
org.jetbrains.kotlinx:kotlinx-coroutines-core:1.7.3,org.jetbrains.kotlinx:kotlinx-coroutines-core:1.8.1,0.0
org.jetbrains.kotlinx:kotlinx-coroutines-core:1.7.3,org.jetbrains.kotlinx:kotlinx-coroutines-core:1.6.4,0.0
org.springframework:spring-core:6.0.8,org.springframework:spring-core:6.1.1,50.0
org.springframework:spring-core:6.0.8,org.springframework:spring-core:6.1.0,50.0
org.jetbrains.kotlinx:kotlinx-coroutines-core:1.7.3,org.jetbrains.kotlinx:kotlinx-coroutines-core:1.7.0-Beta,0.0
org.springframework:spring-core:6.0.8,org.springframework:spring-core:6.0.21,20.0
org.jetbrains.kotlinx:kotlinx-coroutines-core:1.7.3,org.jetbrains.kotlinx:kotlinx-coroutines-core:1.4.0,0.0
org.springframework:spring-core:6.0.8,org.springframework:spring-core:6.0.20,20.0
org.jetbrains.kotlinx:kotlinx-coroutines-core:1.7.3,org.jetbrains.kotlinx:kotlinx-coroutines-core:1.4.2,0.0
org.springframework:spring-core:6.0.8,org.springframework:spring-core:5.3.4,266.0
org.jetbrains.kotlinx:kotlinx-coroutines-core:1.7.3,org.jetbrains.kotlinx:kotlinx-coroutines-core:1.5.2,0.0
org.springframework:spring-core:6.0.8,org.springframework:spring-core:5.3.9,258.0
org.jetbrains.kotlinx:kotlinx-coroutines-core:1.7.3,org.jetbrains.kotlinx:kotlinx-coroutines-core:1.4.3,0.0
org.springframework:spring-core:6.0.8,org.springframework:spring-core:6.1.9,58.0
jakarta.annotation:jakarta.annotation-api:2.0.0,jakarta.annotation:jakarta.annotation-api:2.1.1,0.0
org.springframework:spring-core:6.0.8,org.springframework:spring-core:6.1.8,58.0
org.springframework:spring-core:6.0.8,org.springframework:spring-core:6.1.7,58.0
org.springframework:spring-core:6.0.8,org.springframework:spring-core:6.1.5,57.0
org.springframework:spring-context:5.3.27,org.springframework:spring-context:6.0.5,137.0
org.springframework:spring-context:5.3.27,org.springframework:spring-context:6.0.4,137.0
org.springframework:spring-context:5.3.27,org.springframework:spring-context:5.3.18,3.0
org.springframework:spring-context:5.3.27,org.springframework:spring-context:5.3.19,2.0
com.fasterxml.jackson.core:jackson-annotations:2.12.2,com.fasterxml.jackson.core:jackson-annotations:2.13.5,0.0
org.springframework:spring-context:5.3.27,org.springframework:spring-context:5.3.17,4.0
com.fasterxml.jackson.core:jackson-annotations:2.12.2,com.fasterxml.jackson.core:jackson-annotations:2.16.1,4.0
org.springframework:spring-context:5.3.27,org.springframework:spring-context:6.0.21,142.0
com.fasterxml.jackson.core:jackson-annotations:2.12.2,com.fasterxml.jackson.core:jackson-annotations:2.14.3,1.0
org.springframework:spring-context:5.3.27,org.springframework:spring-context:6.0.20,142.0
com.fasterxml.jackson.core:jackson-annotations:2.12.2,com.fasterxml.jackson.core:jackson-annotations:2.15.2,2.0
org.springframework:spring-context:5.3.27,org.springframework:spring-context:6.0.9,138.0
com.fasterxml.jackson.core:jackson-annotations:2.12.2,com.fasterxml.jackson.core:jackson-annotations:2.13.4,0.0
org.springframework:spring-context:5.3.27,org.springframework:spring-context:6.0.8,138.0
com.fasterxml.jackson.core:jackson-annotations:2.12.2,com.fasterxml.jackson.core:jackson-annotations:2.10.2,6.0
org.springframework:spring-context:5.3.27,org.springframework:spring-context:6.0.7,138.0
com.fasterxml.jackson.core:jackson-annotations:2.12.2,com.fasterxml.jackson.core:jackson-annotations:2.10.1,6.0
org.springframework:spring-context:5.3.27,org.springframework:spring-context:6.0.6,137.0
com.fasterxml.jackson.core:jackson-annotations:2.12.2,com.fasterxml.jackson.core:jackson-annotations:2.11.3,6.0
com.fasterxml.jackson.core:jackson-annotations:2.12.2,com.fasterxml.jackson.core:jackson-annotations:2.14.0,1.0
jakarta.annotation:jakarta.annotation-api:2.0.0,jakarta.annotation:jakarta.annotation-api:1.3.5,16.0
org.springframework:spring-beans:6.1.5,org.springframework:spring-beans:6.1.11,3.0
org.springframework:spring-beans:6.1.5,org.springframework:spring-beans:6.1.12,3.0
org.springframework:spring-beans:6.1.5,org.springframework:spring-beans:6.1.10,3.0
org.springframework:spring-core:6.0.8,org.springframework:spring-core:6.0.15,20.0
org.springframework:spring-beans:6.1.5,org.springframework:spring-beans:6.0.4,33.0
org.springframework:spring-core:6.0.8,org.springframework:spring-core:6.0.12,13.0
org.springframework:spring-beans:6.1.5,org.springframework:spring-beans:6.0.3,34.0
org.springframework:spring-core:6.0.8,org.springframework:spring-core:6.0.13,16.0
org.springframework:spring-beans:6.1.5,org.springframework:spring-beans:6.0.6,33.0
org.springframework:spring-core:6.0.8,org.springframework:spring-core:6.0.10,5.0
org.springframework:spring-beans:6.1.5,org.springframework:spring-beans:6.0.5,33.0
org.springframework:spring-core:6.0.8,org.springframework:spring-core:6.0.11,5.0
org.springframework:spring-beans:6.1.5,org.springframework:spring-beans:3.0.3.RELEASE,194.0
org.springframework:spring-core:6.0.8,org.springframework:spring-core:6.0.18,20.0
org.springframework:spring-core:6.0.8,org.springframework:spring-core:6.0.16,20.0
org.springframework:spring-core:6.0.8,org.springframework:spring-core:6.0.17,20.0
org.springframework:spring-core:6.0.8,org.springframework:spring-core:6.1.3,55.0
org.springframework:spring-core:6.0.8,org.springframework:spring-core:6.1.2,51.0
org.springframework:spring-context:5.3.27,org.springframework:spring-context:6.0.18,142.0
org.springframework:spring-context:5.3.27,org.springframework:spring-context:6.0.16,140.0
org.springframework:spring-context:5.3.27,org.springframework:spring-context:6.0.17,141.0
org.springframework:spring-context:5.3.27,org.springframework:spring-context:6.0.3,137.0
org.springframework:spring-context:5.3.27,org.springframework:spring-context:6.0.2,137.0
org.springframework:spring-context:5.3.27,org.springframework:spring-context:6.0.0,137.0
com.fasterxml.jackson.core:jackson-annotations:2.12.2,com.fasterxml.jackson.core:jackson-annotations:2.13.3,0.0
org.springframework:spring-context:5.3.27,org.springframework:spring-context:5.3.30,0.0
com.fasterxml.jackson.core:jackson-annotations:2.12.2,com.fasterxml.jackson.core:jackson-annotations:2.11.4,6.0
org.springframework:spring-context:5.3.27,org.springframework:spring-context:5.3.31,0.0
com.fasterxml.jackson.core:jackson-annotations:2.12.2,com.fasterxml.jackson.core:jackson-annotations:2.12.3,0.0
org.springframework:spring-context:5.3.27,org.springframework:spring-context:6.1.11,168.0
com.fasterxml.jackson.core:jackson-annotations:2.12.2,com.fasterxml.jackson.core:jackson-annotations:2.14.1,1.0
org.springframework:spring-context:5.3.27,org.springframework:spring-context:6.1.12,168.0
com.fasterxml.jackson.core:jackson-annotations:2.12.2,com.fasterxml.jackson.core:jackson-annotations:2.15.0,2.0
org.springframework:spring-context:5.3.27,org.springframework:spring-context:6.1.10,168.0
com.fasterxml.jackson.core:jackson-annotations:2.12.2,com.fasterxml.jackson.core:jackson-annotations:2.13.2,0.0
com.fasterxml.jackson.core:jackson-annotations:2.12.2,com.fasterxml.jackson.core:jackson-annotations:2.10.5,6.0
com.fasterxml.jackson.core:jackson-annotations:2.12.2,com.fasterxml.jackson.core:jackson-annotations:2.15.3,2.0
com.fasterxml.jackson.core:jackson-annotations:2.12.2,com.fasterxml.jackson.core:jackson-annotations:2.12.6,0.0
com.fasterxml.jackson.core:jackson-annotations:2.12.2,com.fasterxml.jackson.core:jackson-annotations:2.17.1,4.0
org.springframework:spring-beans:6.1.5,org.springframework:spring-beans:6.0.8,30.0
org.springframework:spring-beans:6.1.5,org.springframework:spring-beans:6.0.7,31.0
org.springframework:spring-beans:6.1.5,org.springframework:spring-beans:6.0.9,29.0
org.springframework:spring-beans:6.1.5,org.springframework:spring-beans:5.3.9,93.0
org.springframework:spring-beans:6.1.5,org.springframework:spring-beans:6.0.0,35.0
org.springframework:spring-beans:6.1.5,org.springframework:spring-beans:5.3.30,88.0
org.springframework:spring-beans:6.1.5,org.springframework:spring-beans:6.0.2,35.0
org.springframework:spring-beans:6.1.5,org.springframework:spring-beans:5.3.31,88.0
org.springframework:spring-beans:6.1.5,org.springframework:spring-beans:6.0.21,20.0
org.springframework:spring-beans:6.1.5,org.springframework:spring-beans:6.0.20,20.0
org.springframework:spring-context:5.3.27,org.springframework:spring-context:5.3.23,1.0
org.springframework:spring-context:5.3.27,org.springframework:spring-context:5.3.24,0.0
org.springframework:spring-context:5.3.27,org.springframework:spring-context:5.3.29,0.0
org.springframework:spring-context:5.3.27,org.springframework:spring-context:6.0.14,140.0
org.springframework:spring-context:5.3.27,org.springframework:spring-context:6.0.15,140.0
org.springframework:spring-context:5.3.27,org.springframework:spring-context:5.3.22,1.0
org.springframework:spring-context:5.3.27,org.springframework:spring-context:5.3.20,2.0
com.fasterxml.jackson.core:jackson-core:2.12.2,com.fasterxml.jackson.core:jackson-core:2.10.2,40.0
org.springframework:spring-context:5.3.27,org.springframework:spring-context:5.2.0.RELEASE,63.0
com.fasterxml.jackson.core:jackson-core:2.12.2,com.fasterxml.jackson.core:jackson-core:2.10.1,40.0
org.springframework:spring-context:5.3.27,org.springframework:spring-context:5.3.25,0.0
com.fasterxml.jackson.core:jackson-core:2.12.2,com.fasterxml.jackson.core:jackson-core:2.1.3,105.0
org.springframework:spring-context:5.3.27,org.springframework:spring-context:5.3.26,0.0
com.fasterxml.jackson.core:jackson-core:2.12.2,com.fasterxml.jackson.core:jackson-core:2.6.7,81.0
com.fasterxml.jackson.core:jackson-core:2.12.2,com.fasterxml.jackson.core:jackson-core:2.9.6,56.0
com.fasterxml.jackson.core:jackson-core:2.12.2,com.fasterxml.jackson.core:jackson-core:2.6.3,82.0
com.fasterxml.jackson.core:jackson-core:2.12.2,com.fasterxml.jackson.core:jackson-core:2.8.3,70.0
com.fasterxml.jackson.core:jackson-core:2.12.2,com.fasterxml.jackson.core:jackson-core:2.9.9,56.0
com.fasterxml.jackson.core:jackson-annotations:2.12.2,com.fasterxml.jackson.core:jackson-annotations:2.12.4,0.0
com.fasterxml.jackson.core:jackson-annotations:2.12.2,com.fasterxml.jackson.core:jackson-annotations:2.14.2,1.0
org.springframework:spring-beans:6.1.5,org.springframework:spring-beans:6.1.3,2.0
org.springframework:spring-beans:6.1.5,org.springframework:spring-beans:6.1.2,3.0
org.springframework:spring-beans:6.1.5,org.springframework:spring-beans:5.3.15,92.0
org.springframework:spring-beans:6.1.5,org.springframework:spring-beans:6.1.4,1.0
org.springframework:spring-beans:6.1.5,org.springframework:spring-beans:6.1.7,2.0
org.springframework:spring-beans:6.1.5,org.springframework:spring-beans:5.3.18,89.0
org.springframework:spring-beans:6.1.5,org.springframework:spring-beans:5.3.19,89.0
org.springframework:spring-beans:6.1.5,org.springframework:spring-beans:6.1.9,3.0
org.springframework:spring-beans:6.1.5,org.springframework:spring-beans:6.1.8,3.0
org.springframework:spring-context:5.3.27,org.springframework:spring-context:6.0.12,140.0
org.springframework:spring-context:5.3.27,org.springframework:spring-context:6.1.4,167.0
org.springframework:spring-context:5.3.27,org.springframework:spring-context:6.0.13,140.0
org.springframework:spring-context:5.3.27,org.springframework:spring-context:6.1.3,164.0
org.springframework:spring-context:5.3.27,org.springframework:spring-context:6.0.10,139.0
org.springframework:spring-context:5.3.27,org.springframework:spring-context:5.3.28,0.0
org.springframework:spring-context:5.3.27,org.springframework:spring-context:6.1.9,168.0
org.springframework:spring-context:5.3.27,org.springframework:spring-context:6.1.8,168.0
org.springframework:spring-context:5.3.27,org.springframework:spring-context:6.1.7,168.0
org.springframework:spring-context:5.3.27,org.springframework:spring-context:5.3.4,34.0
com.fasterxml.jackson.core:jackson-core:2.12.2,com.fasterxml.jackson.core:jackson-core:2.12.3,0.0
org.springframework:spring-context:5.3.27,org.springframework:spring-context:6.1.5,168.0
com.fasterxml.jackson.core:jackson-core:2.12.2,com.fasterxml.jackson.core:jackson-core:2.14.1,41.0
com.fasterxml.jackson.core:jackson-core:2.12.2,com.fasterxml.jackson.core:jackson-core:2.11.4,35.0
com.fasterxml.jackson.core:jackson-core:2.12.2,com.fasterxml.jackson.core:jackson-core:2.15.0,45.0
com.fasterxml.jackson.core:jackson-core:2.12.2,com.fasterxml.jackson.core:jackson-core:2.13.2,18.0
com.fasterxml.jackson.core:jackson-core:2.12.2,com.fasterxml.jackson.core:jackson-core:2.14.0,41.0
com.fasterxml.jackson.core:jackson-core:2.12.2,com.fasterxml.jackson.core:jackson-core:2.11.3,35.0
org.springframework:spring-beans:6.1.5,org.springframework:spring-beans:5.3.17,89.0
com.fasterxml.jackson.core:jackson-core:2.12.2,com.fasterxml.jackson.core:jackson-core:2.13.1,18.0
org.springframework:spring-beans:6.1.5,org.springframework:spring-beans:6.0.18,20.0
com.fasterxml.jackson.core:jackson-core:2.12.2,com.fasterxml.jackson.core:jackson-core:2.11.2,35.0
org.springframework:spring-beans:6.1.5,org.springframework:spring-beans:6.1.1,7.0
org.springframework:spring-beans:6.1.5,org.springframework:spring-beans:6.1.0,7.0
org.springframework:spring-beans:6.1.5,org.springframework:spring-beans:6.0.15,20.0
org.springframework:spring-beans:6.1.5,org.springframework:spring-beans:5.3.4,94.0
org.springframework:spring-beans:6.1.5,org.springframework:spring-beans:6.0.14,20.0
org.springframework:spring-beans:6.1.5,org.springframework:spring-beans:6.0.17,20.0
org.springframework:spring-beans:6.1.5,org.springframework:spring-beans:6.0.16,20.0
org.springframework:spring-beans:6.1.5,org.springframework:spring-beans:6.0.11,24.0
org.springframework:spring-context:5.3.27,org.springframework:spring-context:6.1.2,163.0
org.springframework:spring-context:5.3.27,org.springframework:spring-context:6.0.11,139.0
org.springframework:spring-context:5.3.27,org.springframework:spring-context:6.1.1,160.0
org.springframework:spring-context:5.3.27,org.springframework:spring-context:6.1.0,157.0
org.springframework:spring-context:5.3.27,org.springframework:spring-context:5.3.9,13.0
com.fasterxml.jackson.core:jackson-core:2.12.2,com.fasterxml.jackson.core:jackson-core:2.17.1,55.0
com.fasterxml.jackson.core:jackson-core:2.12.2,com.fasterxml.jackson.core:jackson-core:2.13.5,18.0
com.fasterxml.jackson.core:jackson-core:2.12.2,com.fasterxml.jackson.core:jackson-core:2.14.3,41.0
com.fasterxml.jackson.core:jackson-core:2.12.2,com.fasterxml.jackson.core:jackson-core:2.15.2,45.0
com.fasterxml.jackson.core:jackson-core:2.12.2,com.fasterxml.jackson.core:jackson-core:2.13.4,18.0
com.fasterxml.jackson.core:jackson-core:2.12.2,com.fasterxml.jackson.core:jackson-core:2.16.1,53.0
org.springframework:spring-beans:6.1.5,org.springframework:spring-beans:6.0.10,26.0
com.fasterxml.jackson.core:jackson-core:2.12.2,com.fasterxml.jackson.core:jackson-core:2.12.4,0.0
org.springframework:spring-beans:6.1.5,org.springframework:spring-beans:6.0.13,20.0
com.fasterxml.jackson.core:jackson-core:2.12.2,com.fasterxml.jackson.core:jackson-core:2.14.2,41.0
org.springframework:spring-beans:6.1.5,org.springframework:spring-beans:6.0.12,20.0
com.fasterxml.jackson.core:jackson-core:2.12.2,com.fasterxml.jackson.core:jackson-core:2.13.3,18.0
org.springframework:spring-beans:6.1.5,org.springframework:spring-beans:5.2.0.RELEASE,99.0
com.fasterxml.jackson.core:jackson-core:2.12.2,com.fasterxml.jackson.core:jackson-core:2.10.5,40.0
org.springframework:spring-beans:6.1.5,org.springframework:spring-beans:5.3.25,88.0
org.springframework:spring-beans:6.1.5,org.springframework:spring-beans:5.3.26,88.0
org.springframework:spring-beans:6.1.5,org.springframework:spring-beans:5.3.23,89.0
org.springframework:spring-beans:6.1.5,org.springframework:spring-beans:5.3.24,88.0
org.springframework:spring-beans:6.1.5,org.springframework:spring-beans:5.3.29,88.0
org.springframework:spring-beans:6.1.5,org.springframework:spring-beans:5.3.27,88.0
org.springframework:spring-beans:6.1.5,org.springframework:spring-beans:5.3.28,88.0
org.springframework:spring-beans:6.1.5,org.springframework:spring-beans:5.3.22,89.0
com.fasterxml.jackson.core:jackson-core:2.12.2,com.fasterxml.jackson.core:jackson-core:2.12.7,1.0
org.springframework:spring-beans:6.1.5,org.springframework:spring-beans:5.3.20,89.0
com.fasterxml.jackson.core:jackson-core:2.12.2,com.fasterxml.jackson.core:jackson-core:2.15.4,45.0
org.jetbrains.kotlinx:kotlinx-coroutines-reactor:1.7.3,org.jetbrains.kotlinx:kotlinx-coroutines-reactor:1.6.0,1.0
com.fasterxml.jackson.core:jackson-core:2.12.2,com.fasterxml.jackson.core:jackson-core:2.17.2,55.0
org.jetbrains.kotlinx:kotlinx-coroutines-reactor:1.7.3,org.jetbrains.kotlinx:kotlinx-coroutines-reactor:1.4.2,5.0
com.fasterxml.jackson.core:jackson-core:2.12.2,com.fasterxml.jackson.core:jackson-core:2.15.3,45.0
org.jetbrains.kotlinx:kotlinx-coroutines-reactor:1.7.3,org.jetbrains.kotlinx:kotlinx-coroutines-reactor:1.4.0,5.0
com.fasterxml.jackson.core:jackson-core:2.12.2,com.fasterxml.jackson.core:jackson-core:2.12.6,1.0
io.netty:netty-buffer:4.1.107.Final,io.netty:netty-buffer:4.1.101.Final,5.0
io.netty:netty-buffer:4.1.107.Final,io.netty:netty-buffer:4.1.17.Final,60.0
io.netty:netty-buffer:4.1.107.Final,io.netty:netty-buffer:4.1.99.Final,6.0
io.netty:netty-buffer:4.1.107.Final,io.netty:netty-buffer:4.1.89.Final,10.0
io.netty:netty-buffer:4.1.107.Final,io.netty:netty-buffer:4.1.79.Final,11.0
io.netty:netty-buffer:4.1.107.Final,io.netty:netty-buffer:4.1.5.Final,75.0
io.netty:netty-buffer:4.1.107.Final,io.netty:netty-buffer:4.1.92.Final,9.0
io.netty:netty-buffer:4.1.107.Final,io.netty:netty-buffer:4.1.82.Final,10.0
io.netty:netty-buffer:4.1.107.Final,io.netty:netty-buffer:4.1.85.Final,10.0
io.netty:netty-buffer:4.1.107.Final,io.netty:netty-buffer:4.1.84.Final,10.0
io.netty:netty-buffer:4.1.107.Final,io.netty:netty-buffer:4.1.94.Final,14.0
org.slf4j:slf4j-api:2.0.2,org.slf4j:slf4j-api:2.0.12,3.0
org.slf4j:slf4j-api:2.0.2,org.slf4j:slf4j-api:2.0.13,3.0
org.slf4j:slf4j-api:2.0.2,org.slf4j:slf4j-api:1.7.35,30.0
org.slf4j:slf4j-api:2.0.2,org.slf4j:slf4j-api:1.7.13,34.0
org.slf4j:slf4j-api:2.0.2,org.slf4j:slf4j-api:1.7.36,30.0
com.fasterxml.jackson.core:jackson-databind:2.15.3,com.fasterxml.jackson.core:jackson-databind:2.15.4,2.0
com.fasterxml.jackson.core:jackson-databind:2.15.3,com.fasterxml.jackson.core:jackson-databind:2.17.2,87.0
io.netty:netty-buffer:4.1.107.Final,io.netty:netty-buffer:4.1.39.Final,52.0
com.fasterxml.jackson.core:jackson-databind:2.15.3,com.fasterxml.jackson.core:jackson-databind:2.12.7.1,200.0
io.netty:netty-buffer:4.1.107.Final,io.netty:netty-buffer:4.1.87.Final,10.0
com.fasterxml.jackson.core:jackson-databind:2.15.3,com.fasterxml.jackson.core:jackson-databind:2.12.7,200.0
io.netty:netty-buffer:4.1.107.Final,io.netty:netty-buffer:4.1.97.Final,6.0
com.fasterxml.jackson.core:jackson-databind:2.15.3,com.fasterxml.jackson.core:jackson-databind:2.13.5,118.0
io.netty:netty-buffer:4.1.107.Final,io.netty:netty-buffer:4.1.70.Final,15.0
io.netty:netty-buffer:4.1.107.Final,io.netty:netty-buffer:4.1.108.Final,1.0
io.netty:netty-transport:4.1.107.Final,io.netty:netty-transport:4.1.81.Final,9.0
io.netty:netty-transport:4.1.107.Final,io.netty:netty-transport:4.1.43.Final,48.0
io.netty:netty-transport:4.1.107.Final,io.netty:netty-transport:4.1.96.Final,3.0
io.netty:netty-transport:4.1.107.Final,io.netty:netty-transport:4.1.109.Final,2.0
io.netty:netty-transport:4.1.107.Final,io.netty:netty-transport:4.1.91.Final,5.0
io.netty:netty-transport:4.1.107.Final,io.netty:netty-transport:4.1.86.Final,6.0
com.fasterxml.jackson.core:jackson-databind:2.15.3,com.fasterxml.jackson.core:jackson-databind:2.12.6,199.0
com.fasterxml.jackson.core:jackson-databind:2.15.3,com.fasterxml.jackson.core:jackson-databind:2.17.1,87.0
com.fasterxml.jackson.core:jackson-databind:2.15.3,com.fasterxml.jackson.core:jackson-databind:2.13.4,118.0
com.fasterxml.jackson.core:jackson-databind:2.15.3,com.fasterxml.jackson.core:jackson-databind:2.16.1,64.0
com.fasterxml.jackson.core:jackson-databind:2.15.3,com.fasterxml.jackson.core:jackson-databind:2.14.3,56.0
com.fasterxml.jackson.core:jackson-databind:2.15.3,com.fasterxml.jackson.core:jackson-databind:2.15.2,0.0
com.fasterxml.jackson.core:jackson-databind:2.15.3,com.fasterxml.jackson.core:jackson-databind:2.12.6.1,200.0
com.fasterxml.jackson.core:jackson-databind:2.15.3,com.fasterxml.jackson.core:jackson-databind:2.13.3,118.0
io.netty:netty-transport:4.1.107.Final,io.netty:netty-transport:4.1.112.Final,4.0
io.netty:netty-transport:4.1.107.Final,io.netty:netty-transport:4.1.85.Final,6.0
io.netty:netty-transport:4.1.107.Final,io.netty:netty-transport:4.1.39.Final,49.0
io.netty:netty-transport:4.1.107.Final,io.netty:netty-transport:4.1.104.Final,0.0
io.netty:netty-transport:4.1.107.Final,io.netty:netty-transport:4.1.108.Final,1.0
io.netty:netty-transport:4.1.107.Final,io.netty:netty-transport:4.1.17.Final,68.0
io.netty:netty-transport:4.1.107.Final,io.netty:netty-transport:4.1.75.Final,18.0
io.netty:netty-transport:4.1.107.Final,io.netty:netty-transport:4.1.93.Final,5.0
io.netty:netty-transport:4.1.107.Final,io.netty:netty-transport:4.1.110.Final,3.0
io.netty:netty-transport:4.1.107.Final,io.netty:netty-transport:4.1.70.Final,20.0
com.fasterxml.jackson.core:jackson-databind:2.15.3,com.fasterxml.jackson.core:jackson-databind:2.14.2,56.0
com.fasterxml.jackson.core:jackson-databind:2.15.3,com.fasterxml.jackson.core:jackson-databind:2.12.3,200.0
com.fasterxml.jackson.core:jackson-databind:2.15.3,com.fasterxml.jackson.core:jackson-databind:2.6.7.1,527.0
com.fasterxml.jackson.core:jackson-databind:2.15.3,com.fasterxml.jackson.core:jackson-databind:2.14.1,57.0
com.fasterxml.jackson.core:jackson-databind:2.15.3,com.fasterxml.jackson.core:jackson-databind:2.10.5,308.0
com.fasterxml.jackson.core:jackson-databind:2.15.3,com.fasterxml.jackson.core:jackson-databind:2.11.4,275.0
com.fasterxml.jackson.core:jackson-databind:2.15.3,com.fasterxml.jackson.core:jackson-databind:2.15.0,1.0
com.fasterxml.jackson.core:jackson-databind:2.15.3,com.fasterxml.jackson.core:jackson-databind:2.13.1,119.0
com.fasterxml.jackson.core:jackson-databind:2.15.3,com.fasterxml.jackson.core:jackson-databind:2.14.0,60.0
io.netty:netty-transport:4.1.107.Final,io.netty:netty-transport:4.1.5.Final,85.0
io.netty:netty-transport:4.1.107.Final,io.netty:netty-transport:4.1.92.Final,5.0
io.netty:netty-transport:4.1.107.Final,io.netty:netty-transport:4.1.82.Final,9.0
io.netty:netty-transport:4.1.107.Final,io.netty:netty-transport:4.1.51.Final,41.0
io.netty:netty-transport:4.1.107.Final,io.netty:netty-transport:4.1.111.Final,4.0
io.netty:netty-transport:4.1.107.Final,io.netty:netty-transport:4.1.106.Final,0.0
io.netty:netty-transport:4.1.107.Final,io.netty:netty-transport:4.1.99.Final,3.0
io.netty:netty-transport:4.1.107.Final,io.netty:netty-transport:4.1.89.Final,6.0
io.netty:netty-transport:4.1.107.Final,io.netty:netty-transport:4.1.79.Final,12.0
io.netty:netty-transport:4.1.107.Final,io.netty:netty-transport:4.1.97.Final,3.0
io.netty:netty-transport:4.1.107.Final,io.netty:netty-transport:4.1.87.Final,6.0
com.fasterxml.jackson.core:jackson-databind:2.15.3,com.fasterxml.jackson.core:jackson-databind:2.11.3,275.0
com.fasterxml.jackson.core:jackson-databind:2.15.3,com.fasterxml.jackson.core:jackson-databind:2.11.2,277.0
com.fasterxml.jackson.core:jackson-databind:2.15.3,com.fasterxml.jackson.core:jackson-databind:2.10.2,308.0
com.fasterxml.jackson.core:jackson-databind:2.15.3,com.fasterxml.jackson.core:jackson-databind:2.10.1,309.0
com.fasterxml.jackson.core:jackson-databind:2.15.3,com.fasterxml.jackson.core:jackson-databind:2.13.2.1,119.0
com.fasterxml.jackson.core:jackson-databind:2.15.3,com.fasterxml.jackson.core:jackson-databind:2.13.4.2,118.0
com.fasterxml.jackson.core:jackson-databind:2.15.3,com.fasterxml.jackson.core:jackson-databind:2.9.9,355.0
com.fasterxml.jackson.core:jackson-databind:2.15.3,com.fasterxml.jackson.core:jackson-databind:2.10.5.1,308.0
com.fasterxml.jackson.core:jackson-databind:2.15.3,com.fasterxml.jackson.core:jackson-databind:2.9.6,355.0
com.fasterxml.jackson.core:jackson-databind:2.15.3,com.fasterxml.jackson.core:jackson-databind:2.8.3,479.0
io.netty:netty-transport:4.1.107.Final,io.netty:netty-transport:4.1.94.Final,5.0
io.netty:netty-transport:4.1.107.Final,io.netty:netty-transport:4.1.84.Final,7.0
org.ow2.asm:asm:9.2,org.ow2.asm:asm:9.5,12.0
org.ow2.asm:asm:9.2,org.ow2.asm:asm:9.3,10.0
org.ow2.asm:asm:9.2,org.ow2.asm:asm:7.1,7.0
org.ow2.asm:asm:9.2,org.ow2.asm:asm:9.0,1.0
org.ow2.asm:asm:9.2,org.ow2.asm:asm:7.0,11.0
org.ow2.asm:asm:9.2,org.ow2.asm:asm:9.1,1.0
org.ow2.asm:asm:9.2,org.ow2.asm:asm:5.0.4,32.0
io.netty:netty-transport:4.1.107.Final,io.netty:netty-transport:4.1.101.Final,0.0
com.fasterxml.jackson.core:jackson-databind:2.15.3,com.fasterxml.jackson.core:jackson-databind:2.6.3,527.0
com.jayway.jsonpath:json-path:2.6.0,com.jayway.jsonpath:json-path:2.8.0,11.0
com.jayway.jsonpath:json-path:2.6.0,com.jayway.jsonpath:json-path:2.9.0,12.0
com.jayway.jsonpath:json-path:2.6.0,com.jayway.jsonpath:json-path:2.4.0,32.0
com.jayway.jsonpath:json-path:2.6.0,com.jayway.jsonpath:json-path:2.5.0,10.0
com.jayway.jsonpath:json-path:2.6.0,com.jayway.jsonpath:json-path:2.7.0,11.0
com.google.code.findbugs:jsr305:3.0.2,com.google.code.findbugs:jsr305:3.0.1,0.0
com.google.code.findbugs:jsr305:3.0.2,com.google.code.findbugs:jsr305:1.3.9,1.0
org.ow2.asm:asm:9.2,org.ow2.asm:asm:9.4,10.0
org.ow2.asm:asm:9.1,org.ow2.asm:asm:9.5,12.0
org.ow2.asm:asm:9.1,org.ow2.asm:asm:9.2,1.0
org.ow2.asm:asm:9.1,org.ow2.asm:asm:9.3,10.0
org.ow2.asm:asm:9.1,org.ow2.asm:asm:7.1,7.0
org.ow2.asm:asm:9.1,org.ow2.asm:asm:9.0,1.0
org.ow2.asm:asm:9.1,org.ow2.asm:asm:7.0,11.0
org.ow2.asm:asm:9.1,org.ow2.asm:asm:5.0.4,32.0
org.ow2.asm:asm:9.2,org.ow2.asm:asm:5.0.3,32.0
org.ow2.asm:asm:9.2,org.ow2.asm:asm:9.6,15.0
org.springframework:spring-webmvc:6.1.4,org.springframework:spring-webmvc:6.0.21,33.0
org.springframework:spring-webmvc:6.1.4,org.springframework:spring-webmvc:6.0.20,33.0
org.springframework:spring-webmvc:6.1.4,org.springframework:spring-webmvc:6.0.18,33.0
org.springframework:spring-webmvc:6.1.4,org.springframework:spring-webmvc:6.0.17,33.0
org.springframework:spring-webmvc:6.1.4,org.springframework:spring-webmvc:6.0.16,34.0
org.springframework:spring-webmvc:6.1.4,org.springframework:spring-webmvc:6.0.15,35.0
org.springframework:spring-webmvc:6.1.4,org.springframework:spring-webmvc:5.3.15,229.0
org.springframework:spring-webmvc:6.1.4,org.springframework:spring-webmvc:6.0.9,40.0
org.springframework:spring-webmvc:6.1.4,org.springframework:spring-webmvc:6.0.8,40.0
org.springframework:spring-webmvc:6.1.4,org.springframework:spring-webmvc:6.0.7,40.0
org.ow2.asm:asm:9.0,org.ow2.asm:asm:9.2,1.0
org.ow2.asm:asm:9.0,org.ow2.asm:asm:9.3,10.0
org.ow2.asm:asm:9.0,org.ow2.asm:asm:7.1,7.0
org.ow2.asm:asm:9.0,org.ow2.asm:asm:7.0,11.0
org.ow2.asm:asm:9.0,org.ow2.asm:asm:9.1,1.0
org.ow2.asm:asm:9.0,org.ow2.asm:asm:5.0.4,32.0
org.ow2.asm:asm:9.1,org.ow2.asm:asm:5.0.3,32.0
org.ow2.asm:asm:9.1,org.ow2.asm:asm:9.6,15.0
org.ow2.asm:asm:9.1,org.ow2.asm:asm:9.4,10.0
org.springframework:spring-webmvc:6.1.4,org.springframework:spring-webmvc:6.0.6,40.0
org.springframework:spring-webmvc:6.1.4,org.springframework:spring-webmvc:6.0.0,42.0
org.springframework:spring-webmvc:6.1.4,org.springframework:spring-webmvc:6.0.5,40.0
org.springframework:spring-webmvc:6.1.4,org.springframework:spring-webmvc:6.0.4,41.0
org.springframework:spring-webmvc:6.1.4,org.springframework:spring-webmvc:6.0.3,41.0
org.springframework:spring-webmvc:6.1.4,org.springframework:spring-webmvc:6.0.2,42.0
org.springframework:spring-webmvc:6.1.4,org.springframework:spring-webmvc:5.3.29,229.0
org.springframework:spring-webmvc:6.1.4,org.springframework:spring-webmvc:5.3.28,229.0
org.springframework:spring-webmvc:6.1.4,org.springframework:spring-webmvc:6.1.12,1.0
org.springframework:spring-webmvc:6.1.4,org.springframework:spring-webmvc:6.1.11,1.0
commons-codec:commons-codec:1.10,commons-codec:commons-codec:1.3,59.0
commons-codec:commons-codec:1.10,commons-codec:commons-codec:1.2,60.0
commons-codec:commons-codec:1.10,commons-codec:commons-codec:1.5,43.0
commons-codec:commons-codec:1.10,commons-codec:commons-codec:1.9,11.0
commons-codec:commons-codec:1.10,commons-codec:commons-codec:1.16.1,28.0
org.ow2.asm:asm:9.0,org.ow2.asm:asm:5.0.3,32.0
org.ow2.asm:asm:9.0,org.ow2.asm:asm:9.6,15.0
org.ow2.asm:asm:9.0,org.ow2.asm:asm:9.4,10.0
org.ow2.asm:asm:9.0,org.ow2.asm:asm:9.5,12.0
org.springframework:spring-webmvc:6.1.4,org.springframework:spring-webmvc:6.1.10,1.0
org.springframework:spring-webmvc:6.1.4,org.springframework:spring-webmvc:5.3.30,229.0
io.netty:netty-buffer:4.1.107.Final,io.netty:netty-buffer:4.1.100.Final,5.0
io.netty:netty-buffer:4.1.107.Final,io.netty:netty-buffer:4.1.110.Final,3.0
io.netty:netty-buffer:4.1.107.Final,io.netty:netty-buffer:4.1.75.Final,11.0
io.netty:netty-buffer:4.1.107.Final,io.netty:netty-buffer:4.1.43.Final,51.0
io.netty:netty-buffer:4.1.107.Final,io.netty:netty-buffer:4.1.91.Final,9.0
io.netty:netty-buffer:4.1.107.Final,io.netty:netty-buffer:4.1.86.Final,10.0
io.netty:netty-buffer:4.1.107.Final,io.netty:netty-buffer:4.1.51.Final,23.0
io.netty:netty-buffer:4.1.107.Final,io.netty:netty-buffer:4.1.81.Final,11.0
io.netty:netty-buffer:4.1.107.Final,io.netty:netty-buffer:4.1.104.Final,1.0
io.netty:netty-buffer:4.1.107.Final,io.netty:netty-buffer:4.1.93.Final,9.0
io.netty:netty-buffer:4.1.107.Final,io.netty:netty-buffer:4.1.111.Final,7.0
io.netty:netty-buffer:4.1.107.Final,io.netty:netty-buffer:4.1.106.Final,1.0
io.netty:netty-buffer:4.1.107.Final,io.netty:netty-buffer:4.1.96.Final,6.0
io.netty:netty-buffer:4.1.107.Final,io.netty:netty-buffer:4.1.109.Final,2.0
io.netty.incubator:netty-incubator-transport-classes-io_uring:0.0.13.Final,io.netty.incubator:netty-incubator-transport-classes-io_uring:0.0.21.Final,8.0
io.netty.incubator:netty-incubator-transport-classes-io_uring:0.0.13.Final,io.netty.incubator:netty-incubator-transport-classes-io_uring:0.0.16.Final,2.0
io.netty.incubator:netty-incubator-transport-classes-io_uring:0.0.13.Final,io.netty.incubator:netty-incubator-transport-classes-io_uring:0.0.25.Final,8.0
io.netty.incubator:netty-incubator-transport-classes-io_uring:0.0.13.Final,io.netty.incubator:netty-incubator-transport-classes-io_uring:0.0.15.Final,2.0
io.netty:netty-transport-native-unix-common:4.1.75.Final,io.netty:netty-transport-native-unix-common:4.1.101.Final,5.0
io.netty:netty-transport-native-unix-common:4.1.75.Final,io.netty:netty-transport-native-unix-common:4.1.107.Final,5.0
io.netty:netty-transport-native-unix-common:4.1.75.Final,io.netty:netty-transport-native-unix-common:4.1.70.Final,0.0
io.netty:netty-transport-native-unix-common:4.1.75.Final,io.netty:netty-transport-native-unix-common:4.1.51.Final,11.0
io.netty:netty-transport-native-unix-common:4.1.75.Final,io.netty:netty-transport-native-unix-common:4.1.85.Final,3.0
io.netty:netty-transport-native-unix-common:4.1.75.Final,io.netty:netty-transport-native-unix-common:4.1.99.Final,5.0
io.netty:netty-transport-native-unix-common:4.1.75.Final,io.netty:netty-transport-native-unix-common:4.1.39.Final,13.0
io.netty:netty-transport-native-unix-common:4.1.75.Final,io.netty:netty-transport-native-unix-common:4.1.94.Final,5.0
io.netty:netty-transport-native-unix-common:4.1.75.Final,io.netty:netty-transport-native-unix-common:4.1.84.Final,3.0
io.netty:netty-transport-native-unix-common:4.1.75.Final,io.netty:netty-transport-native-unix-common:4.1.82.Final,3.0
io.netty:netty-transport-native-unix-common:4.1.75.Final,io.netty:netty-transport-native-unix-common:4.1.79.Final,2.0
io.netty:netty-transport-native-unix-common:4.1.75.Final,io.netty:netty-transport-native-unix-common:4.1.92.Final,5.0
io.netty:netty-transport-native-unix-common:4.1.75.Final,io.netty:netty-transport-native-unix-common:4.1.89.Final,3.0
io.netty:netty-transport-native-unix-common:4.1.75.Final,io.netty:netty-transport-native-unix-common:4.1.91.Final,5.0
org.apache.tomcat.embed:tomcat-embed-websocket:10.1.1,org.apache.tomcat.embed:tomcat-embed-websocket:10.1.28,9.0
org.apache.tomcat.embed:tomcat-embed-websocket:10.1.1,org.apache.tomcat.embed:tomcat-embed-websocket:10.1.26,10.0
org.apache.tomcat.embed:tomcat-embed-websocket:10.1.1,org.apache.tomcat.embed:tomcat-embed-websocket:10.1.24,9.0
org.apache.tomcat.embed:tomcat-embed-websocket:10.1.1,org.apache.tomcat.embed:tomcat-embed-websocket:9.0.82,110.0
org.apache.tomcat.embed:tomcat-embed-websocket:10.1.1,org.apache.tomcat.embed:tomcat-embed-websocket:10.1.25,9.0
org.apache.tomcat.embed:tomcat-embed-websocket:10.1.1,org.apache.tomcat.embed:tomcat-embed-websocket:9.0.80,110.0
org.apache.tomcat.embed:tomcat-embed-websocket:10.1.1,org.apache.tomcat.embed:tomcat-embed-websocket:9.0.83,110.0
org.apache.tomcat.embed:tomcat-embed-websocket:10.1.1,org.apache.tomcat.embed:tomcat-embed-websocket:9.0.68,110.0
org.apache.tomcat.embed:tomcat-embed-websocket:10.1.1,org.apache.tomcat.embed:tomcat-embed-websocket:10.1.8,8.0
org.apache.tomcat.embed:tomcat-embed-websocket:10.1.1,org.apache.tomcat.embed:tomcat-embed-websocket:10.1.7,4.0
org.apache.tomcat.embed:tomcat-embed-websocket:10.1.1,org.apache.tomcat.embed:tomcat-embed-websocket:9.0.69,110.0
org.apache.tomcat.embed:tomcat-embed-websocket:10.1.1,org.apache.tomcat.embed:tomcat-embed-websocket:10.1.5,0.0
org.apache.tomcat.embed:tomcat-embed-websocket:10.1.1,org.apache.tomcat.embed:tomcat-embed-websocket:10.1.4,0.0
org.apache.tomcat.embed:tomcat-embed-websocket:10.1.1,org.apache.tomcat.embed:tomcat-embed-websocket:10.1.20,9.0
jakarta.annotation:jakarta.annotation-api:2.1.1,jakarta.annotation:jakarta.annotation-api:1.3.5,18.0
io.netty.incubator:netty-incubator-transport-classes-io_uring:0.0.13.Final,io.netty.incubator:netty-incubator-transport-classes-io_uring:0.0.17.Final,8.0
io.netty.incubator:netty-incubator-transport-classes-io_uring:0.0.13.Final,io.netty.incubator:netty-incubator-transport-classes-io_uring:0.0.23.Final,8.0
io.netty.incubator:netty-incubator-transport-classes-io_uring:0.0.13.Final,io.netty.incubator:netty-incubator-transport-classes-io_uring:0.0.24.Final,8.0
com.fasterxml.jackson.core:jackson-core:2.14.3,com.fasterxml.jackson.core:jackson-core:2.12.3,63.0
com.fasterxml.jackson.core:jackson-core:2.14.3,com.fasterxml.jackson.core:jackson-core:2.14.1,0.0
com.fasterxml.jackson.core:jackson-core:2.14.3,com.fasterxml.jackson.core:jackson-core:2.11.4,76.0
com.fasterxml.jackson.core:jackson-core:2.14.3,com.fasterxml.jackson.core:jackson-core:2.15.0,40.0
com.fasterxml.jackson.core:jackson-core:2.14.3,com.fasterxml.jackson.core:jackson-core:2.13.2,46.0
com.fasterxml.jackson.core:jackson-core:2.14.3,com.fasterxml.jackson.core:jackson-core:2.14.0,0.0
com.fasterxml.jackson.core:jackson-core:2.14.3,com.fasterxml.jackson.core:jackson-core:2.11.3,76.0
com.fasterxml.jackson.core:jackson-core:2.14.3,com.fasterxml.jackson.core:jackson-core:2.13.1,46.0
com.fasterxml.jackson.core:jackson-core:2.14.3,com.fasterxml.jackson.core:jackson-core:2.11.2,76.0
com.fasterxml.jackson.core:jackson-core:2.14.3,com.fasterxml.jackson.core:jackson-core:2.10.2,76.0
com.fasterxml.jackson.core:jackson-core:2.14.3,com.fasterxml.jackson.core:jackson-core:2.10.1,76.0
com.fasterxml.jackson.core:jackson-core:2.14.3,com.fasterxml.jackson.core:jackson-core:2.1.3,127.0
com.fasterxml.jackson.core:jackson-core:2.14.3,com.fasterxml.jackson.core:jackson-core:2.6.7,105.0
com.fasterxml.jackson.core:jackson-core:2.14.3,com.fasterxml.jackson.core:jackson-core:2.9.6,84.0
com.fasterxml.jackson.core:jackson-core:2.14.3,com.fasterxml.jackson.core:jackson-core:2.6.3,106.0
com.fasterxml.jackson.core:jackson-core:2.14.3,com.fasterxml.jackson.core:jackson-core:2.8.3,96.0
com.fasterxml.jackson.core:jackson-core:2.14.3,com.fasterxml.jackson.core:jackson-core:2.9.9,84.0
com.fasterxml.jackson.core:jackson-annotations:2.14.3,com.fasterxml.jackson.core:jackson-annotations:2.14.2,0.0
io.netty:netty-transport-native-unix-common:4.1.75.Final,io.netty:netty-transport-native-unix-common:4.1.87.Final,3.0
io.netty:netty-transport-native-unix-common:4.1.75.Final,io.netty:netty-transport-native-unix-common:4.1.104.Final,5.0
io.netty:netty-transport-native-unix-common:4.1.75.Final,io.netty:netty-transport-native-unix-common:4.1.81.Final,3.0
io.netty:netty-transport-native-unix-common:4.1.75.Final,io.netty:netty-transport-native-unix-common:4.1.86.Final,3.0
io.netty:netty-transport-native-unix-common:4.1.75.Final,io.netty:netty-transport-native-unix-common:4.1.96.Final,5.0
com.fasterxml.jackson.core:jackson-core:2.14.3,com.fasterxml.jackson.core:jackson-core:2.12.7,62.0
com.fasterxml.jackson.core:jackson-core:2.14.3,com.fasterxml.jackson.core:jackson-core:2.15.4,40.0
com.fasterxml.jackson.core:jackson-core:2.14.3,com.fasterxml.jackson.core:jackson-core:2.17.2,61.0
com.fasterxml.jackson.core:jackson-core:2.14.3,com.fasterxml.jackson.core:jackson-core:2.15.3,40.0
com.fasterxml.jackson.core:jackson-core:2.14.3,com.fasterxml.jackson.core:jackson-core:2.12.6,62.0
com.fasterxml.jackson.core:jackson-core:2.14.3,com.fasterxml.jackson.core:jackson-core:2.17.1,61.0
com.fasterxml.jackson.core:jackson-core:2.14.3,com.fasterxml.jackson.core:jackson-core:2.13.5,46.0
com.fasterxml.jackson.core:jackson-core:2.14.3,com.fasterxml.jackson.core:jackson-core:2.15.2,40.0
com.fasterxml.jackson.core:jackson-core:2.14.3,com.fasterxml.jackson.core:jackson-core:2.13.4,46.0
com.fasterxml.jackson.core:jackson-core:2.14.3,com.fasterxml.jackson.core:jackson-core:2.16.1,52.0
com.fasterxml.jackson.core:jackson-core:2.14.3,com.fasterxml.jackson.core:jackson-core:2.14.2,2.0
com.fasterxml.jackson.core:jackson-core:2.14.3,com.fasterxml.jackson.core:jackson-core:2.13.3,46.0
com.fasterxml.jackson.core:jackson-core:2.14.3,com.fasterxml.jackson.core:jackson-core:2.10.5,76.0
org.springframework:spring-core:6.1.5,org.springframework:spring-core:5.3.29,293.0
org.springframework:spring-core:6.1.5,org.springframework:spring-core:6.0.5,82.0
io.smallrye.reactive:mutiny:1.10.0,io.smallrye.reactive:mutiny:1.1.2,91.0
io.smallrye.reactive:mutiny:1.10.0,io.smallrye.reactive:mutiny:1.4.0,22.0
io.smallrye.reactive:mutiny:1.10.0,io.smallrye.reactive:mutiny:1.6.0,10.0
org.springframework:spring-beans:6.0.7,org.springframework:spring-beans:6.1.3,27.0
org.springframework:spring-beans:6.0.7,org.springframework:spring-beans:6.1.2,27.0
org.springframework:spring-beans:6.0.7,org.springframework:spring-beans:5.3.15,82.0
io.netty:netty-common:4.1.107.Final,io.netty:netty-common:4.1.97.Final,1.0
org.springframework:spring-beans:6.0.7,org.springframework:spring-beans:6.1.5,28.0
io.netty:netty-common:4.1.107.Final,io.netty:netty-common:4.1.93.Final,3.0
org.springframework:spring-beans:6.0.7,org.springframework:spring-beans:6.1.4,28.0
io.netty:netty-common:4.1.107.Final,io.netty:netty-common:4.1.79.Final,16.0
org.springframework:spring-beans:6.0.7,org.springframework:spring-beans:6.1.7,28.0
io.netty:netty-common:4.1.107.Final,io.netty:netty-common:4.1.110.Final,1.0
org.springframework:spring-beans:6.0.7,org.springframework:spring-beans:5.3.18,79.0
io.netty:netty-common:4.1.107.Final,io.netty:netty-common:4.1.106.Final,0.0
org.springframework:spring-beans:6.0.7,org.springframework:spring-beans:5.3.19,79.0
io.netty:netty-common:4.1.107.Final,io.netty:netty-common:4.1.89.Final,7.0
io.netty:netty-common:4.1.107.Final,io.netty:netty-common:4.1.99.Final,1.0
io.netty:netty-common:4.1.107.Final,io.netty:netty-common:4.1.100.Final,0.0
io.netty:netty-common:4.1.107.Final,io.netty:netty-common:4.1.39.Final,106.0
io.netty:netty-common:4.1.107.Final,io.netty:netty-common:4.1.108.Final,0.0
com.jayway.jsonpath:json-path:2.6.0,com.jayway.jsonpath:json-path:2.4.0,32.0
com.jayway.jsonpath:json-path:2.6.0,com.jayway.jsonpath:json-path:2.5.0,10.0
org.jetbrains.kotlinx:kotlinx-coroutines-core:1.7.3,org.jetbrains.kotlinx:kotlinx-coroutines-core:1.6.4,0.0
org.jetbrains.kotlinx:kotlinx-coroutines-core:1.7.3,org.jetbrains.kotlinx:kotlinx-coroutines-core:1.7.0-Beta,0.0
io.netty:netty-buffer:4.1.107.Final,io.netty:netty-buffer:4.1.112.Final,8.0
io.netty:netty-common:4.1.107.Final,io.netty:netty-common:4.1.5.Final,159.0
io.netty:netty-common:4.1.107.Final,io.netty:netty-common:4.1.85.Final,13.0
io.netty:netty-common:4.1.107.Final,io.netty:netty-common:4.1.109.Final,0.0
io.netty:netty-common:4.1.107.Final,io.netty:netty-common:4.1.104.Final,0.0
io.netty:netty-common:4.1.107.Final,io.netty:netty-common:4.1.112.Final,8.0
io.netty:netty-common:4.1.107.Final,io.netty:netty-common:4.1.70.Final,22.0
io.netty:netty-common:4.1.107.Final,io.netty:netty-common:4.1.87.Final,8.0
io.netty:netty-common:4.1.107.Final,io.netty:netty-common:4.1.17.Final,132.0
org.jetbrains.kotlinx:kotlinx-coroutines-core:1.7.3,org.jetbrains.kotlinx:kotlinx-coroutines-core:1.4.0,0.0
org.jetbrains.kotlinx:kotlinx-coroutines-core:1.7.3,org.jetbrains.kotlinx:kotlinx-coroutines-core:1.4.2,0.0
org.jetbrains.kotlinx:kotlinx-coroutines-core:1.7.3,org.jetbrains.kotlinx:kotlinx-coroutines-core:1.5.2,0.0
org.jetbrains.kotlinx:kotlinx-coroutines-core:1.7.3,org.jetbrains.kotlinx:kotlinx-coroutines-core:1.4.3,0.0
org.slf4j:slf4j-api:2.0.2,org.slf4j:slf4j-api:1.7.30,30.0
org.slf4j:slf4j-api:2.0.2,org.slf4j:slf4j-api:1.7.33,30.0
org.slf4j:slf4j-api:2.0.2,org.slf4j:slf4j-api:1.7.12,35.0
org.slf4j:slf4j-api:2.0.2,org.slf4j:slf4j-api:1.7.32,30.0
org.slf4j:slf4j-api:2.0.2,org.slf4j:slf4j-api:1.7.10,35.0
org.slf4j:slf4j-api:2.0.2,org.slf4j:slf4j-api:2.0.7,2.0
org.slf4j:slf4j-api:2.0.2,org.slf4j:slf4j-api:2.0.6,2.0
org.slf4j:slf4j-api:2.0.2,org.slf4j:slf4j-api:2.0.9,3.0
org.slf4j:slf4j-api:2.0.2,org.slf4j:slf4j-api:2.0.3,1.0
org.slf4j:slf4j-api:2.0.2,org.slf4j:slf4j-api:2.0.4,2.0
org.slf4j:slf4j-api:2.0.2,org.slf4j:slf4j-api:1.7.26,30.0
org.slf4j:slf4j-api:2.0.2,org.slf4j:slf4j-api:1.6.4,38.0
org.slf4j:slf4j-api:2.0.2,org.slf4j:slf4j-api:1.5.3,42.0
org.slf4j:slf4j-api:2.0.2,org.slf4j:slf4j-api:1.7.25,30.0
org.slf4j:slf4j-api:2.0.2,org.slf4j:slf4j-api:1.6.1,38.0
org.slf4j:slf4j-api:2.0.2,org.slf4j:slf4j-api:1.7.7,36.0
org.slf4j:slf4j-api:2.0.2,org.slf4j:slf4j-api:1.7.6,36.0
org.slf4j:slf4j-api:2.0.2,org.slf4j:slf4j-api:1.7.28,30.0
org.slf4j:slf4j-api:2.0.2,org.slf4j:slf4j-api:1.7.5,37.0
org.slf4j:slf4j-api:2.0.2,org.slf4j:slf4j-api:1.7.29,30.0
org.slf4j:slf4j-api:2.0.2,org.slf4j:slf4j-api:1.7.22,30.0
org.slf4j:slf4j-api:2.0.2,org.slf4j:slf4j-api:2.0.15,3.0
org.slf4j:slf4j-api:2.0.2,org.slf4j:slf4j-api:2.0.16,3.0
org.slf4j:slf4j-api:2.0.2,org.slf4j:slf4j-api:1.7.21,30.0
org.slf4j:slf4j-api:2.0.2,org.slf4j:slf4j-api:2.0.11,4.0
org.apache.tomcat.embed:tomcat-embed-el:10.1.1,org.apache.tomcat.embed:tomcat-embed-el:10.1.15,5.0
org.apache.tomcat.embed:tomcat-embed-el:10.1.1,org.apache.tomcat.embed:tomcat-embed-el:10.1.20,6.0
org.apache.tomcat.embed:tomcat-embed-websocket:10.1.1,org.apache.tomcat.embed:tomcat-embed-websocket:10.1.17,8.0
org.apache.tomcat.embed:tomcat-embed-websocket:10.1.1,org.apache.tomcat.embed:tomcat-embed-websocket:10.1.18,8.0
org.apache.tomcat.embed:tomcat-embed-websocket:10.1.1,org.apache.tomcat.embed:tomcat-embed-websocket:10.1.15,8.0
org.apache.tomcat.embed:tomcat-embed-websocket:10.1.1,org.apache.tomcat.embed:tomcat-embed-websocket:10.1.16,8.0
org.apache.tomcat.embed:tomcat-embed-websocket:10.1.1,org.apache.tomcat.embed:tomcat-embed-websocket:10.1.13,8.0
org.apache.tomcat.embed:tomcat-embed-websocket:10.1.1,org.apache.tomcat.embed:tomcat-embed-websocket:9.0.70,110.0
org.apache.tomcat.embed:tomcat-embed-websocket:10.1.1,org.apache.tomcat.embed:tomcat-embed-websocket:9.0.71,110.0
org.apache.tomcat.embed:tomcat-embed-websocket:10.1.1,org.apache.tomcat.embed:tomcat-embed-websocket:10.1.11,8.0
org.apache.tomcat.embed:tomcat-embed-websocket:10.1.1,org.apache.tomcat.embed:tomcat-embed-websocket:10.1.12,8.0
org.apache.tomcat.embed:tomcat-embed-websocket:10.1.1,org.apache.tomcat.embed:tomcat-embed-websocket:9.0.74,110.0
org.apache.tomcat.embed:tomcat-embed-websocket:10.1.1,org.apache.tomcat.embed:tomcat-embed-websocket:9.0.75,110.0
org.apache.tomcat.embed:tomcat-embed-websocket:10.1.1,org.apache.tomcat.embed:tomcat-embed-websocket:9.0.73,110.0
org.apache.tomcat.embed:tomcat-embed-websocket:10.1.1,org.apache.tomcat.embed:tomcat-embed-websocket:9.0.78,110.0
org.apache.tomcat.embed:tomcat-embed-websocket:10.1.1,org.apache.tomcat.embed:tomcat-embed-websocket:9.0.79,110.0
org.apache.tomcat.embed:tomcat-embed-websocket:10.1.1,org.apache.tomcat.embed:tomcat-embed-websocket:9.0.76,110.0
org.apache.tomcat.embed:tomcat-embed-websocket:10.1.1,org.apache.tomcat.embed:tomcat-embed-websocket:10.1.19,9.0
org.apache.tomcat.embed:tomcat-embed-websocket:10.1.1,org.apache.tomcat.embed:tomcat-embed-websocket:10.1.10,8.0
io.netty:netty-common:4.1.86.Final,io.netty:netty-common:4.1.85.Final,2.0
io.netty:netty-common:4.1.86.Final,io.netty:netty-common:4.1.109.Final,9.0
io.netty:netty-common:4.1.86.Final,io.netty:netty-common:4.1.104.Final,9.0
io.netty:netty-common:4.1.86.Final,io.netty:netty-common:4.1.112.Final,17.0
org.springframework:spring-core:6.0.6,org.springframework:spring-core:5.3.24,248.0
org.springframework:spring-core:6.0.6,org.springframework:spring-core:5.3.23,249.0
org.springframework:spring-core:6.0.6,org.springframework:spring-core:5.3.22,249.0
org.springframework:spring-core:6.0.6,org.springframework:spring-core:5.3.28,241.0
org.springframework:spring-core:6.0.6,org.springframework:spring-core:5.3.27,240.0
org.springframework:spring-core:6.0.6,org.springframework:spring-core:5.3.26,240.0
org.springframework:spring-core:6.0.6,org.springframework:spring-core:5.3.25,247.0
org.springframework:spring-core:6.0.6,org.springframework:spring-core:5.3.29,241.0
org.jetbrains.kotlin:kotlin-stdlib-common:1.5.21,org.jetbrains.kotlin:kotlin-stdlib-common:1.7.22,0.0
org.jetbrains.kotlin:kotlin-stdlib-common:1.5.21,org.jetbrains.kotlin:kotlin-stdlib-common:1.3.31,0.0
org.jetbrains.kotlin:kotlin-stdlib-common:1.5.21,org.jetbrains.kotlin:kotlin-stdlib-common:1.4.10,0.0
org.jetbrains.kotlin:kotlin-stdlib-common:1.5.21,org.jetbrains.kotlin:kotlin-stdlib-common:1.4.21,0.0
org.jetbrains.kotlin:kotlin-stdlib-common:1.5.21,org.jetbrains.kotlin:kotlin-stdlib-common:1.4.32,0.0
io.netty:netty-common:4.1.86.Final,io.netty:netty-common:4.1.5.Final,157.0
org.jetbrains.kotlin:kotlin-stdlib-common:1.5.21,org.jetbrains.kotlin:kotlin-stdlib-common:1.4.30,0.0
org.jetbrains.kotlin:kotlin-stdlib-common:1.5.21,org.jetbrains.kotlin:kotlin-stdlib-common:1.2.51,0.0
org.jetbrains.kotlin:kotlin-stdlib-common:1.5.21,org.jetbrains.kotlin:kotlin-stdlib-common:1.5.31,0.0
org.jetbrains.kotlin:kotlin-stdlib-common:1.5.21,org.jetbrains.kotlin:kotlin-stdlib-common:1.6.10,0.0
org.jetbrains.kotlin:kotlin-stdlib-common:1.5.21,org.jetbrains.kotlin:kotlin-stdlib-common:1.6.21,0.0
org.springframework:spring-core:6.0.6,org.springframework:spring-core:6.0.5,1.0
org.springframework:spring-beans:6.0.6,org.springframework:spring-beans:6.1.11,30.0
org.springframework:spring-beans:6.0.6,org.springframework:spring-beans:6.1.12,30.0
org.springframework:spring-beans:6.0.6,org.springframework:spring-beans:6.1.10,30.0
org.springframework:spring-beans:6.0.6,org.springframework:spring-beans:6.0.4,1.0
org.springframework:spring-beans:6.0.6,org.springframework:spring-beans:6.0.3,2.0
org.springframework:spring-beans:6.0.6,org.springframework:spring-beans:6.0.5,1.0
org.jetbrains.kotlin:kotlin-stdlib-common:1.5.21,org.jetbrains.kotlin:kotlin-stdlib-common:1.8.10,0.0
org.jetbrains.kotlin:kotlin-stdlib-common:1.5.21,org.jetbrains.kotlin:kotlin-stdlib-common:1.5.30,0.0
org.jetbrains.kotlin:kotlin-stdlib-common:1.5.21,org.jetbrains.kotlin:kotlin-stdlib-common:1.8.20,0.0
org.jetbrains.kotlin:kotlin-stdlib-common:1.5.21,org.jetbrains.kotlin:kotlin-stdlib-common:1.5.32,0.0
org.jetbrains.kotlin:kotlin-stdlib-common:1.5.21,org.jetbrains.kotlin:kotlin-stdlib-common:1.6.0,0.0
org.jetbrains.kotlin:kotlin-stdlib-common:1.5.21,org.jetbrains.kotlin:kotlin-stdlib-common:1.8.22,0.0
org.jetbrains.kotlin:kotlin-stdlib-common:1.5.21,org.jetbrains.kotlin:kotlin-stdlib-common:1.6.20,0.0
org.jetbrains.kotlin:kotlin-stdlib-common:1.5.21,org.jetbrains.kotlin:kotlin-stdlib-common:1.7.10,0.0
org.springframework:spring-beans:6.0.6,org.springframework:spring-beans:3.0.3.RELEASE,188.0
org.jetbrains.kotlin:kotlin-stdlib-common:1.5.21,org.jetbrains.kotlin:kotlin-stdlib-common:1.7.21,0.0
org.springframework:spring-beans:6.0.6,org.springframework:spring-beans:6.0.8,4.0
org.jetbrains.kotlin:kotlin-stdlib-common:1.5.21,org.jetbrains.kotlin:kotlin-stdlib-common:1.8.21,0.0
org.springframework:spring-beans:6.0.6,org.springframework:spring-beans:6.0.7,4.0
org.springframework:spring-beans:6.0.6,org.springframework:spring-beans:6.0.9,5.0
org.springframework:spring-beans:6.0.6,org.springframework:spring-beans:5.3.9,82.0
org.springframework:spring-beans:6.0.6,org.springframework:spring-beans:6.0.0,3.0
org.springframework:spring-beans:6.0.6,org.springframework:spring-beans:5.3.30,77.0
org.springframework:spring-beans:6.0.6,org.springframework:spring-beans:6.0.2,3.0
org.springframework:spring-beans:6.0.6,org.springframework:spring-beans:5.3.31,77.0
org.springframework:spring-beans:6.0.6,org.springframework:spring-beans:6.0.21,11.0
io.reactivex.rxjava3:rxjava:3.1.8,io.reactivex.rxjava3:rxjava:3.1.5,34.0
io.reactivex.rxjava3:rxjava:3.1.8,io.reactivex.rxjava3:rxjava:3.0.10,187.0
io.reactivex.rxjava3:rxjava:3.1.8,io.reactivex.rxjava3:rxjava:3.1.7,0.0
org.springframework:spring-core:6.1.5,org.springframework:spring-core:6.0.15,62.0
org.springframework:spring-core:6.1.5,org.springframework:spring-core:6.0.12,69.0
org.springframework:spring-core:6.1.5,org.springframework:spring-core:6.0.13,66.0
org.springframework:spring-core:6.1.5,org.springframework:spring-core:6.0.10,76.0
org.jetbrains:annotations:13.0,org.jetbrains:annotations:23.0.0,4.0
org.jetbrains:annotations:13.0,org.jetbrains:annotations:15.0,2.0
org.jetbrains.kotlin:kotlin-stdlib-common:1.5.21,org.jetbrains.kotlin:kotlin-stdlib-common:1.4.0,0.0
io.netty:netty-transport-native-unix-common:4.1.107.Final,io.netty:netty-transport-native-unix-common:4.1.89.Final,3.0
io.netty:netty-transport-native-unix-common:4.1.107.Final,io.netty:netty-transport-native-unix-common:4.1.91.Final,2.0
io.netty:netty-transport-native-unix-common:4.1.107.Final,io.netty:netty-transport-native-unix-common:4.1.87.Final,3.0
org.springframework:spring-beans:6.0.6,org.springframework:spring-beans:6.0.20,11.0
io.netty:netty-transport-native-unix-common:4.1.107.Final,io.netty:netty-transport-native-unix-common:4.1.104.Final,0.0
org.springframework:spring-beans:6.0.6,org.springframework:spring-beans:6.1.3,29.0
io.netty:netty-transport-native-unix-common:4.1.107.Final,io.netty:netty-transport-native-unix-common:4.1.81.Final,3.0
org.springframework:spring-beans:6.0.6,org.springframework:spring-beans:6.1.2,29.0
io.netty:netty-transport-native-unix-common:4.1.107.Final,io.netty:netty-transport-native-unix-common:4.1.86.Final,3.0
org.springframework:spring-beans:6.0.6,org.springframework:spring-beans:5.3.15,81.0
io.netty:netty-transport-native-unix-common:4.1.107.Final,io.netty:netty-transport-native-unix-common:4.1.96.Final,0.0
org.springframework:spring-beans:6.0.6,org.springframework:spring-beans:6.1.5,30.0
org.springframework:spring-beans:6.0.6,org.springframework:spring-beans:6.1.4,30.0
org.springframework:spring-beans:6.0.6,org.springframework:spring-beans:6.1.7,30.0
org.springframework:spring-beans:6.0.6,org.springframework:spring-beans:5.3.18,78.0
org.springframework:spring-beans:6.0.6,org.springframework:spring-beans:5.3.19,78.0
org.springframework:spring-beans:6.0.6,org.springframework:spring-beans:6.1.9,30.0
org.springframework:spring-core:6.1.5,org.springframework:spring-core:6.0.11,76.0
org.springframework:spring-core:6.1.5,org.springframework:spring-core:6.0.18,61.0
org.springframework:spring-core:6.1.5,org.springframework:spring-core:6.0.16,61.0
org.springframework:spring-core:6.1.5,org.springframework:spring-core:6.0.17,61.0
org.springframework:spring-core:6.1.5,org.springframework:spring-core:6.1.3,5.0
org.springframework:spring-core:6.1.5,org.springframework:spring-core:6.1.2,11.0
org.springframework:spring-core:6.1.5,org.springframework:spring-core:6.1.1,22.0
org.springframework:spring-core:6.1.5,org.springframework:spring-core:6.1.0,22.0
org.springframework:spring-core:6.1.5,org.springframework:spring-core:6.0.21,61.0
org.springframework:spring-core:6.1.5,org.springframework:spring-core:6.0.20,61.0
io.netty:netty-transport-native-unix-common:4.1.107.Final,io.netty:netty-transport-native-unix-common:4.1.82.Final,3.0
io.netty:netty-transport-native-unix-common:4.1.107.Final,io.netty:netty-transport-native-unix-common:4.1.79.Final,4.0
io.netty:netty-transport-native-unix-common:4.1.107.Final,io.netty:netty-transport-native-unix-common:4.1.92.Final,1.0
io.netty:netty-transport-native-unix-common:4.1.107.Final,io.netty:netty-transport-native-unix-common:4.1.70.Final,8.0
io.netty:netty-transport-native-unix-common:4.1.107.Final,io.netty:netty-transport-native-unix-common:4.1.51.Final,17.0
org.springframework:spring-beans:6.0.6,org.springframework:spring-beans:6.1.8,30.0
io.netty:netty-transport-native-unix-common:4.1.107.Final,io.netty:netty-transport-native-unix-common:4.1.85.Final,3.0
org.springframework:spring-beans:6.0.6,org.springframework:spring-beans:5.3.17,78.0
io.netty:netty-transport-native-unix-common:4.1.107.Final,io.netty:netty-transport-native-unix-common:4.1.75.Final,8.0
org.springframework:spring-beans:6.0.6,org.springframework:spring-beans:6.0.18,11.0
io.netty:netty-transport-native-unix-common:4.1.107.Final,io.netty:netty-transport-native-unix-common:4.1.99.Final,0.0
org.springframework:spring-beans:6.0.6,org.springframework:spring-beans:6.1.1,25.0
io.netty:netty-transport-native-unix-common:4.1.107.Final,io.netty:netty-transport-native-unix-common:4.1.39.Final,19.0
org.springframework:spring-beans:6.0.6,org.springframework:spring-beans:6.1.0,25.0
io.netty:netty-transport-native-unix-common:4.1.107.Final,io.netty:netty-transport-native-unix-common:4.1.94.Final,1.0
org.springframework:spring-beans:6.0.6,org.springframework:spring-beans:6.0.15,11.0
io.netty:netty-transport-native-unix-common:4.1.107.Final,io.netty:netty-transport-native-unix-common:4.1.84.Final,3.0
org.springframework:spring-beans:6.0.6,org.springframework:spring-beans:5.3.4,83.0
org.springframework:spring-beans:6.0.6,org.springframework:spring-beans:6.0.14,11.0
org.springframework:spring-beans:6.0.6,org.springframework:spring-beans:6.0.17,11.0
org.springframework:spring-beans:6.0.6,org.springframework:spring-beans:6.0.16,11.0
org.springframework:spring-core:6.1.5,org.springframework:spring-core:5.3.4,318.0
org.springframework:spring-core:6.1.5,org.springframework:spring-core:5.3.9,310.0
org.springframework:spring-core:6.1.5,org.springframework:spring-core:6.1.9,3.0
org.springframework:spring-core:6.1.5,org.springframework:spring-core:6.1.8,3.0
org.springframework:spring-core:6.1.5,org.springframework:spring-core:6.1.7,3.0
org.springframework:spring-core:6.1.5,org.springframework:spring-core:6.1.4,2.0
org.springframework:spring-core:6.1.5,org.springframework:spring-core:5.3.20,305.0
org.springframework:spring-core:6.1.5,org.springframework:spring-core:3.0.3.RELEASE,754.0
org.springframework:spring-core:6.1.5,org.springframework:spring-core:5.3.17,308.0
io.netty:netty-transport-native-unix-common:4.1.107.Final,io.netty:netty-transport-native-unix-common:4.1.101.Final,0.0
io.netty:netty-transport-classes-kqueue:4.1.107.Final,io.netty:netty-transport-classes-kqueue:4.1.75.Final,5.0
org.springframework:spring-beans:6.0.6,org.springframework:spring-beans:6.0.11,8.0
io.netty:netty-transport-classes-kqueue:4.1.107.Final,io.netty:netty-transport-classes-kqueue:4.1.91.Final,0.0
org.springframework:spring-beans:6.0.6,org.springframework:spring-beans:6.0.10,7.0
io.netty:netty-transport-classes-kqueue:4.1.107.Final,io.netty:netty-transport-classes-kqueue:4.1.85.Final,0.0
org.springframework:spring-beans:6.0.6,org.springframework:spring-beans:6.0.13,11.0
io.netty:netty-transport-classes-kqueue:4.1.107.Final,io.netty:netty-transport-classes-kqueue:4.1.104.Final,0.0
org.springframework:spring-beans:6.0.6,org.springframework:spring-beans:6.0.12,11.0
org.bouncycastle:bcpkix-jdk15on:1.69,org.bouncycastle:bcpkix-jdk15on:1.65,60.0
org.springframework:spring-beans:6.0.6,org.springframework:spring-beans:5.2.0.RELEASE,89.0
org.bouncycastle:bcpkix-jdk15on:1.69,org.bouncycastle:bcpkix-jdk15on:1.54,189.0
org.springframework:spring-beans:6.0.6,org.springframework:spring-beans:5.3.25,77.0
org.bouncycastle:bcpkix-jdk15on:1.69,org.bouncycastle:bcpkix-jdk15on:1.64,65.0
org.springframework:spring-beans:6.0.6,org.springframework:spring-beans:5.3.26,77.0
org.springframework:spring-beans:6.0.6,org.springframework:spring-beans:5.3.23,78.0
org.bouncycastle:bcpkix-jdk15on:1.69,org.bouncycastle:bcpkix-jdk15on:1.59,128.0
org.springframework:spring-beans:6.0.6,org.springframework:spring-beans:5.3.24,77.0
org.springframework:spring-beans:6.0.6,org.springframework:spring-beans:5.3.29,77.0
org.springframework:spring-core:6.1.5,org.springframework:spring-core:5.3.15,308.0
org.springframework:spring-core:6.1.5,org.springframework:spring-core:5.3.19,307.0
org.springframework:spring-core:6.1.5,org.springframework:spring-core:5.3.18,307.0
org.springframework:spring-core:6.1.5,org.springframework:spring-core:5.2.0.RELEASE,354.0
org.springframework:spring-core:6.1.5,org.springframework:spring-core:6.0.3,101.0
org.springframework:spring-core:6.1.5,org.springframework:spring-core:6.0.2,102.0
org.springframework:spring-core:6.1.5,org.springframework:spring-core:6.0.0,102.0
org.springframework:spring-core:6.1.5,org.springframework:spring-core:6.1.12,3.0
org.springframework:spring-core:6.1.5,org.springframework:spring-core:6.1.11,3.0
org.springframework:spring-beans:6.0.7,org.springframework:spring-beans:6.0.5,5.0
io.netty:netty-transport-classes-kqueue:4.1.107.Final,io.netty:netty-transport-classes-kqueue:4.1.94.Final,0.0
org.springframework:spring-beans:6.0.6,org.springframework:spring-beans:5.3.27,77.0
io.netty:netty-common:4.1.107.Final,io.netty:netty-common:4.1.92.Final,3.0
org.springframework:spring-beans:6.0.6,org.springframework:spring-beans:5.3.28,77.0
org.springframework:spring-beans:6.0.6,org.springframework:spring-beans:5.3.22,78.0
io.netty:netty-common:4.1.107.Final,io.netty:netty-common:4.1.82.Final,14.0
org.springframework:spring-beans:6.0.6,org.springframework:spring-beans:5.3.20,78.0
io.netty:netty-common:4.1.107.Final,io.netty:netty-common:4.1.75.Final,21.0
org.springframework:spring-beans:6.0.7,org.springframework:spring-beans:6.1.11,28.0
io.netty:netty-transport-classes-kqueue:4.1.107.Final,io.netty:netty-transport-classes-kqueue:4.1.89.Final,0.0
org.springframework:spring-beans:6.0.7,org.springframework:spring-beans:6.1.12,28.0
io.netty:netty-transport-classes-kqueue:4.1.107.Final,io.netty:netty-transport-classes-kqueue:4.1.70.Final,6.0
org.springframework:spring-beans:6.0.7,org.springframework:spring-beans:6.1.10,28.0
io.netty:netty-transport-classes-kqueue:4.1.107.Final,io.netty:netty-transport-classes-kqueue:4.1.101.Final,0.0
org.springframework:spring-beans:6.0.7,org.springframework:spring-beans:6.0.4,5.0
io.netty:netty-transport-classes-kqueue:4.1.107.Final,io.netty:netty-transport-classes-kqueue:4.1.82.Final,1.0
org.springframework:spring-beans:6.0.7,org.springframework:spring-beans:6.0.3,6.0
io.netty:netty-transport-classes-kqueue:4.1.107.Final,io.netty:netty-transport-classes-kqueue:4.1.96.Final,0.0
org.springframework:spring-core:6.1.5,org.springframework:spring-core:6.1.10,3.0
org.springframework:spring-core:6.1.5,org.springframework:spring-core:5.3.31,291.0
org.springframework:spring-core:6.1.5,org.springframework:spring-core:5.3.30,291.0
org.springframework:spring-core:6.1.5,org.springframework:spring-core:5.3.24,300.0
org.springframework:spring-core:6.1.5,org.springframework:spring-core:5.3.23,301.0
org.springframework:spring-core:6.1.5,org.springframework:spring-core:5.3.22,301.0
org.springframework:spring-core:6.1.5,org.springframework:spring-core:5.3.28,293.0
org.springframework:spring-core:6.1.5,org.springframework:spring-core:5.3.27,294.0
org.springframework:spring-core:6.1.5,org.springframework:spring-core:5.3.26,294.0
org.springframework:spring-core:6.1.5,org.springframework:spring-core:5.3.25,300.0
org.springframework:spring-beans:6.0.7,org.springframework:spring-beans:6.0.21,8.0
org.springframework:spring-beans:6.0.7,org.springframework:spring-beans:6.0.20,8.0
org.springframework:spring-beans:6.0.7,org.springframework:spring-beans:3.0.3.RELEASE,188.0
org.springframework:spring-beans:6.0.7,org.springframework:spring-beans:6.0.8,0.0
io.netty:netty-common:4.1.107.Final,io.netty:netty-common:4.1.96.Final,1.0
io.netty:netty-common:4.1.107.Final,io.netty:netty-common:4.1.51.Final,64.0
org.springframework:spring-beans:6.0.7,org.springframework:spring-beans:6.0.9,2.0
io.netty:netty-common:4.1.107.Final,io.netty:netty-common:4.1.81.Final,14.0
org.springframework:spring-beans:6.0.7,org.springframework:spring-beans:5.3.9,83.0
io.netty:netty-common:4.1.107.Final,io.netty:netty-common:4.1.91.Final,5.0
org.springframework:spring-beans:6.0.7,org.springframework:spring-beans:6.0.0,7.0
io.netty:netty-common:4.1.107.Final,io.netty:netty-common:4.1.86.Final,11.0
org.springframework:spring-beans:6.0.7,org.springframework:spring-beans:5.3.30,78.0
io.netty:netty-common:4.1.107.Final,io.netty:netty-common:4.1.94.Final,3.0
org.springframework:spring-beans:6.0.7,org.springframework:spring-beans:6.0.2,7.0
io.netty:netty-common:4.1.107.Final,io.netty:netty-common:4.1.84.Final,14.0
org.springframework:spring-beans:6.0.7,org.springframework:spring-beans:5.3.31,78.0
io.netty:netty-common:4.1.107.Final,io.netty:netty-common:4.1.43.Final,106.0
io.netty:netty-common:4.1.107.Final,io.netty:netty-common:4.1.101.Final,0.0
io.netty:netty-common:4.1.107.Final,io.netty:netty-common:4.1.111.Final,8.0
org.apache.tomcat.embed:tomcat-embed-el:10.1.1,org.apache.tomcat.embed:tomcat-embed-el:9.0.70,97.0
org.apache.tomcat.embed:tomcat-embed-el:10.1.1,org.apache.tomcat.embed:tomcat-embed-el:9.0.71,97.0
org.apache.tomcat.embed:tomcat-embed-el:10.1.1,org.apache.tomcat.embed:tomcat-embed-el:10.1.26,7.0
org.apache.tomcat.embed:tomcat-embed-el:10.1.1,org.apache.tomcat.embed:tomcat-embed-el:10.1.10,5.0
org.apache.tomcat.embed:tomcat-embed-el:10.1.1,org.apache.tomcat.embed:tomcat-embed-el:9.0.69,97.0
org.apache.tomcat.embed:tomcat-embed-el:10.1.1,org.apache.tomcat.embed:tomcat-embed-el:10.1.7,4.0
org.apache.tomcat.embed:tomcat-embed-el:10.1.1,org.apache.tomcat.embed:tomcat-embed-el:10.1.8,5.0
org.apache.tomcat.embed:tomcat-embed-el:10.1.1,org.apache.tomcat.embed:tomcat-embed-el:10.1.4,1.0
org.apache.tomcat.embed:tomcat-embed-el:10.1.1,org.apache.tomcat.embed:tomcat-embed-el:10.1.5,1.0
org.apache.tomcat.embed:tomcat-embed-el:10.1.1,org.apache.tomcat.embed:tomcat-embed-el:9.0.83,97.0
org.apache.tomcat.embed:tomcat-embed-el:10.1.1,org.apache.tomcat.embed:tomcat-embed-el:10.1.19,6.0
org.apache.tomcat.embed:tomcat-embed-el:10.1.1,org.apache.tomcat.embed:tomcat-embed-el:9.0.68,97.0
org.apache.tomcat.embed:tomcat-embed-el:10.1.1,org.apache.tomcat.embed:tomcat-embed-el:10.1.13,5.0
org.apache.tomcat.embed:tomcat-embed-el:10.1.1,org.apache.tomcat.embed:tomcat-embed-el:10.1.12,5.0
org.apache.tomcat.embed:tomcat-embed-el:10.1.1,org.apache.tomcat.embed:tomcat-embed-el:10.1.11,5.0
org.apache.tomcat.embed:tomcat-embed-el:10.1.1,org.apache.tomcat.embed:tomcat-embed-el:10.1.18,6.0
org.apache.tomcat.embed:tomcat-embed-el:10.1.1,org.apache.tomcat.embed:tomcat-embed-el:9.0.80,97.0
org.apache.tomcat.embed:tomcat-embed-el:10.1.1,org.apache.tomcat.embed:tomcat-embed-el:10.1.17,6.0
org.apache.tomcat.embed:tomcat-embed-el:10.1.1,org.apache.tomcat.embed:tomcat-embed-el:10.1.16,6.0
org.apache.tomcat.embed:tomcat-embed-el:10.1.1,org.apache.tomcat.embed:tomcat-embed-el:9.0.82,97.0
org.springframework:spring-core:6.0.6,org.springframework:spring-core:5.3.30,244.0
org.springframework:spring-core:6.0.6,org.springframework:spring-core:5.2.0.RELEASE,307.0
org.springframework:spring-core:6.0.6,org.springframework:spring-core:6.0.3,21.0
org.springframework:spring-core:6.0.6,org.springframework:spring-core:6.0.2,23.0
org.springframework:spring-core:6.0.6,org.springframework:spring-core:6.0.0,23.0
org.springframework:spring-core:6.0.6,org.springframework:spring-core:5.3.31,243.0
org.apache.tomcat.embed:tomcat-embed-websocket:10.1.4,org.apache.tomcat.embed:tomcat-embed-websocket:10.1.20,9.0
jakarta.annotation:jakarta.annotation-api:2.1.1,jakarta.annotation:jakarta.annotation-api:1.3.5,18.0
org.apache.tomcat.embed:tomcat-embed-core:10.1.1,org.apache.tomcat.embed:tomcat-embed-core:8.5.69,572.0
org.apache.tomcat.embed:tomcat-embed-core:10.1.1,org.apache.tomcat.embed:tomcat-embed-core:10.1.10,111.0
org.apache.tomcat.embed:tomcat-embed-core:10.1.1,org.apache.tomcat.embed:tomcat-embed-core:8.5.65,580.0
org.apache.tomcat.embed:tomcat-embed-core:10.1.1,org.apache.tomcat.embed:tomcat-embed-core:8.5.87,584.0
org.apache.tomcat.embed:tomcat-embed-core:10.1.1,org.apache.tomcat.embed:tomcat-embed-core:8.5.46,673.0
org.apache.tomcat.embed:tomcat-embed-core:10.1.1,org.apache.tomcat.embed:tomcat-embed-core:9.0.82,466.0
org.apache.tomcat.embed:tomcat-embed-core:10.1.1,org.apache.tomcat.embed:tomcat-embed-core:10.1.18,133.0
org.apache.tomcat.embed:tomcat-embed-core:10.1.1,org.apache.tomcat.embed:tomcat-embed-core:10.1.17,128.0
org.apache.tomcat.embed:tomcat-embed-core:10.1.1,org.apache.tomcat.embed:tomcat-embed-core:10.1.16,127.0
org.apache.tomcat.embed:tomcat-embed-core:10.1.1,org.apache.tomcat.embed:tomcat-embed-core:9.0.80,465.0
org.apache.tomcat.embed:tomcat-embed-core:10.1.1,org.apache.tomcat.embed:tomcat-embed-core:10.1.15,122.0
org.apache.tomcat.embed:tomcat-embed-core:10.1.1,org.apache.tomcat.embed:tomcat-embed-core:10.1.13,115.0
org.apache.tomcat.embed:tomcat-embed-core:10.1.1,org.apache.tomcat.embed:tomcat-embed-core:10.1.12,115.0
org.apache.tomcat.embed:tomcat-embed-core:10.1.1,org.apache.tomcat.embed:tomcat-embed-core:10.1.11,115.0
org.apache.tomcat.embed:tomcat-embed-core:10.1.1,org.apache.tomcat.embed:tomcat-embed-core:9.0.79,465.0
org.apache.tomcat.embed:tomcat-embed-core:10.1.1,org.apache.tomcat.embed:tomcat-embed-core:9.0.78,465.0
org.apache.tomcat.embed:tomcat-embed-websocket:10.1.4,org.apache.tomcat.embed:tomcat-embed-websocket:9.0.75,110.0
org.apache.tomcat.embed:tomcat-embed-websocket:10.1.4,org.apache.tomcat.embed:tomcat-embed-websocket:9.0.73,110.0
org.apache.tomcat.embed:tomcat-embed-websocket:10.1.4,org.apache.tomcat.embed:tomcat-embed-websocket:9.0.78,110.0
org.apache.tomcat.embed:tomcat-embed-websocket:10.1.4,org.apache.tomcat.embed:tomcat-embed-websocket:9.0.79,110.0
org.apache.tomcat.embed:tomcat-embed-websocket:10.1.4,org.apache.tomcat.embed:tomcat-embed-websocket:9.0.76,110.0
org.apache.tomcat.embed:tomcat-embed-websocket:10.1.4,org.apache.tomcat.embed:tomcat-embed-websocket:10.1.19,9.0
org.apache.tomcat.embed:tomcat-embed-websocket:10.1.4,org.apache.tomcat.embed:tomcat-embed-websocket:10.1.10,8.0
org.apache.tomcat.embed:tomcat-embed-websocket:10.1.4,org.apache.tomcat.embed:tomcat-embed-websocket:10.1.28,9.0
org.apache.tomcat.embed:tomcat-embed-websocket:10.1.4,org.apache.tomcat.embed:tomcat-embed-websocket:10.1.26,10.0
org.apache.tomcat.embed:tomcat-embed-websocket:10.1.4,org.apache.tomcat.embed:tomcat-embed-websocket:10.1.24,9.0
org.apache.tomcat.embed:tomcat-embed-websocket:10.1.4,org.apache.tomcat.embed:tomcat-embed-websocket:9.0.82,110.0
org.apache.tomcat.embed:tomcat-embed-websocket:10.1.4,org.apache.tomcat.embed:tomcat-embed-websocket:10.1.25,9.0
org.apache.tomcat.embed:tomcat-embed-websocket:10.1.4,org.apache.tomcat.embed:tomcat-embed-websocket:9.0.80,110.0
org.apache.tomcat.embed:tomcat-embed-websocket:10.1.4,org.apache.tomcat.embed:tomcat-embed-websocket:9.0.83,110.0
org.apache.tomcat.embed:tomcat-embed-websocket:10.1.4,org.apache.tomcat.embed:tomcat-embed-websocket:9.0.68,110.0
org.apache.tomcat.embed:tomcat-embed-websocket:10.1.4,org.apache.tomcat.embed:tomcat-embed-websocket:10.1.8,8.0
org.apache.tomcat.embed:tomcat-embed-websocket:10.1.4,org.apache.tomcat.embed:tomcat-embed-websocket:10.1.7,4.0
org.apache.tomcat.embed:tomcat-embed-websocket:10.1.4,org.apache.tomcat.embed:tomcat-embed-websocket:9.0.69,110.0
org.apache.tomcat.embed:tomcat-embed-websocket:10.1.4,org.apache.tomcat.embed:tomcat-embed-websocket:10.1.5,0.0
org.apache.tomcat.embed:tomcat-embed-core:10.1.1,org.apache.tomcat.embed:tomcat-embed-core:10.1.7,84.0
org.apache.tomcat.embed:tomcat-embed-core:10.1.1,org.apache.tomcat.embed:tomcat-embed-core:10.1.8,98.0
org.apache.tomcat.embed:tomcat-embed-core:10.1.1,org.apache.tomcat.embed:tomcat-embed-core:8.5.100,590.0
org.apache.tomcat.embed:tomcat-embed-core:10.1.1,org.apache.tomcat.embed:tomcat-embed-core:10.1.4,13.0
org.apache.tomcat.embed:tomcat-embed-core:10.1.1,org.apache.tomcat.embed:tomcat-embed-core:10.1.5,15.0
org.apache.tomcat.embed:tomcat-embed-core:10.1.1,org.apache.tomcat.embed:tomcat-embed-core:9.0.83,469.0
org.apache.tomcat.embed:tomcat-embed-core:10.1.1,org.apache.tomcat.embed:tomcat-embed-core:10.1.19,134.0
org.apache.tomcat.embed:tomcat-embed-core:10.1.1,org.apache.tomcat.embed:tomcat-embed-core:9.0.69,398.0
org.apache.tomcat.embed:tomcat-embed-core:10.1.1,org.apache.tomcat.embed:tomcat-embed-core:8.5.82,536.0
org.apache.tomcat.embed:tomcat-embed-el:10.1.1,org.apache.tomcat.embed:tomcat-embed-el:9.0.73,97.0
org.apache.tomcat.embed:tomcat-embed-el:10.1.1,org.apache.tomcat.embed:tomcat-embed-el:9.0.74,97.0
org.apache.tomcat.embed:tomcat-embed-el:10.1.1,org.apache.tomcat.embed:tomcat-embed-el:9.0.75,97.0
org.apache.tomcat.embed:tomcat-embed-el:10.1.1,org.apache.tomcat.embed:tomcat-embed-el:9.0.76,97.0
org.apache.tomcat.embed:tomcat-embed-el:10.1.1,org.apache.tomcat.embed:tomcat-embed-el:9.0.78,97.0
org.apache.tomcat.embed:tomcat-embed-el:10.1.1,org.apache.tomcat.embed:tomcat-embed-el:9.0.79,97.0
org.apache.tomcat.embed:tomcat-embed-el:10.1.1,org.apache.tomcat.embed:tomcat-embed-el:10.1.25,6.0
org.apache.tomcat.embed:tomcat-embed-el:10.1.1,org.apache.tomcat.embed:tomcat-embed-el:10.1.24,6.0
org.apache.tomcat.embed:tomcat-embed-el:10.1.1,org.apache.tomcat.embed:tomcat-embed-el:10.1.28,6.0
org.apache.tomcat.embed:tomcat-embed-core:10.1.1,org.apache.tomcat.embed:tomcat-embed-core:9.0.76,463.0
org.apache.tomcat.embed:tomcat-embed-core:10.1.1,org.apache.tomcat.embed:tomcat-embed-core:9.0.75,457.0
org.apache.tomcat.embed:tomcat-embed-core:10.1.1,org.apache.tomcat.embed:tomcat-embed-core:9.0.74,457.0
org.apache.tomcat.embed:tomcat-embed-core:10.1.1,org.apache.tomcat.embed:tomcat-embed-core:9.0.73,453.0
org.apache.tomcat.embed:tomcat-embed-core:10.1.1,org.apache.tomcat.embed:tomcat-embed-core:8.5.95,583.0
org.apache.tomcat.embed:tomcat-embed-core:10.1.1,org.apache.tomcat.embed:tomcat-embed-core:8.5.72,563.0
org.apache.tomcat.embed:tomcat-embed-core:10.1.1,org.apache.tomcat.embed:tomcat-embed-core:8.5.97,587.0
org.apache.tomcat.embed:tomcat-embed-core:10.1.1,org.apache.tomcat.embed:tomcat-embed-core:8.5.96,586.0
org.apache.tomcat.embed:tomcat-embed-core:10.1.1,org.apache.tomcat.embed:tomcat-embed-core:8.5.93,585.0
org.apache.tomcat.embed:tomcat-embed-core:10.1.1,org.apache.tomcat.embed:tomcat-embed-core:10.1.20,144.0
org.apache.tomcat.embed:tomcat-embed-core:10.1.1,org.apache.tomcat.embed:tomcat-embed-core:8.5.99,587.0
org.apache.tomcat.embed:tomcat-embed-core:10.1.1,org.apache.tomcat.embed:tomcat-embed-core:8.5.98,587.0
org.apache.tomcat.embed:tomcat-embed-core:10.1.1,org.apache.tomcat.embed:tomcat-embed-core:8.5.78,541.0
org.apache.tomcat.embed:tomcat-embed-core:10.1.1,org.apache.tomcat.embed:tomcat-embed-core:9.0.71,408.0
org.apache.tomcat.embed:tomcat-embed-core:10.1.1,org.apache.tomcat.embed:tomcat-embed-core:10.1.28,174.0
org.apache.tomcat.embed:tomcat-embed-core:10.1.1,org.apache.tomcat.embed:tomcat-embed-core:9.0.70,407.0
org.apache.tomcat.embed:tomcat-embed-core:10.1.1,org.apache.tomcat.embed:tomcat-embed-core:10.1.26,165.0
org.apache.tomcat.embed:tomcat-embed-core:10.1.1,org.apache.tomcat.embed:tomcat-embed-core:10.1.25,163.0
org.apache.tomcat.embed:tomcat-embed-core:10.1.1,org.apache.tomcat.embed:tomcat-embed-core:10.1.24,157.0
org.apache.tomcat.embed:tomcat-embed-core:10.1.1,org.apache.tomcat.embed:tomcat-embed-core:9.0.68,395.0
io.projectreactor:reactor-core:3.6.4,io.projectreactor:reactor-core:3.4.1,279.0
io.projectreactor:reactor-core:3.6.4,io.projectreactor:reactor-core:3.5.12,31.0
io.projectreactor:reactor-core:3.6.4,io.projectreactor:reactor-core:3.5.13,30.0
io.projectreactor:reactor-core:3.6.4,io.projectreactor:reactor-core:3.5.14,30.0
io.projectreactor:reactor-core:3.6.4,io.projectreactor:reactor-core:3.5.15,30.0
io.projectreactor:reactor-core:3.6.4,io.projectreactor:reactor-core:3.5.16,30.0
io.projectreactor:reactor-core:3.6.4,io.projectreactor:reactor-core:3.6.9,7.0
io.projectreactor:reactor-core:3.6.4,io.projectreactor:reactor-core:3.6.8,6.0
io.projectreactor:reactor-core:3.6.4,io.projectreactor:reactor-core:3.6.7,6.0
io.projectreactor:reactor-core:3.6.4,io.projectreactor:reactor-core:3.6.6,4.0
org.springframework:spring-core:6.0.6,org.springframework:spring-core:6.0.17,22.0
io.netty:netty-tcnative-classes:2.0.62.Final,io.netty:netty-tcnative-classes:2.0.61.Final,1.0
io.netty:netty-transport-native-unix-common:4.1.86.Final,io.netty:netty-transport-native-unix-common:4.1.51.Final,16.0
org.springframework:spring-core:6.0.6,org.springframework:spring-core:6.0.15,22.0
io.netty:netty-transport-native-unix-common:4.1.86.Final,io.netty:netty-transport-native-unix-common:4.1.85.Final,0.0
org.springframework:spring-core:6.0.6,org.springframework:spring-core:6.0.12,15.0
org.springframework:spring-core:6.0.6,org.springframework:spring-core:6.0.13,18.0
io.netty:netty-transport-native-unix-common:4.1.86.Final,io.netty:netty-transport-native-unix-common:4.1.99.Final,3.0
org.springframework:spring-core:6.0.6,org.springframework:spring-core:6.0.10,7.0
io.netty:netty-transport-native-unix-common:4.1.86.Final,io.netty:netty-transport-native-unix-common:4.1.39.Final,18.0
org.springframework:spring-core:6.0.6,org.springframework:spring-core:6.0.11,7.0
io.netty:netty-transport-native-unix-common:4.1.86.Final,io.netty:netty-transport-native-unix-common:4.1.94.Final,3.0
org.springframework:spring-core:6.0.6,org.springframework:spring-core:6.0.18,22.0
io.netty:netty-transport-native-unix-common:4.1.86.Final,io.netty:netty-transport-native-unix-common:4.1.84.Final,0.0
org.springframework:spring-core:6.0.6,org.springframework:spring-core:6.0.16,22.0
io.netty:netty-transport-native-unix-common:4.1.86.Final,io.netty:netty-transport-native-unix-common:4.1.82.Final,0.0
io.netty:netty-transport-native-unix-common:4.1.86.Final,io.netty:netty-transport-native-unix-common:4.1.79.Final,2.0
io.netty:netty-transport-native-unix-common:4.1.86.Final,io.netty:netty-transport-native-unix-common:4.1.92.Final,3.0
io.projectreactor:reactor-core:3.6.4,io.projectreactor:reactor-core:3.4.8,232.0
io.projectreactor:reactor-core:3.6.4,io.projectreactor:reactor-core:3.6.5,0.0
io.projectreactor:reactor-core:3.6.4,io.projectreactor:reactor-core:3.6.3,0.0
io.projectreactor:reactor-core:3.6.4,io.projectreactor:reactor-core:3.4.34,119.0
io.projectreactor:reactor-core:3.6.4,io.projectreactor:reactor-core:3.4.33,119.0
io.projectreactor:reactor-core:3.6.4,io.projectreactor:reactor-core:3.4.32,119.0
io.projectreactor:reactor-core:3.6.4,io.projectreactor:reactor-core:3.4.31,120.0
io.projectreactor:reactor-core:3.6.4,io.projectreactor:reactor-core:3.4.30,122.0
io.projectreactor:reactor-core:3.6.4,io.projectreactor:reactor-core:3.4.29,122.0
io.netty:netty-common:4.1.86.Final,io.netty:netty-common:4.1.43.Final,102.0
org.springframework:spring-core:6.0.6,org.springframework:spring-core:6.0.21,22.0
io.netty:netty-common:4.1.86.Final,io.netty:netty-common:4.1.101.Final,9.0
org.springframework:spring-core:6.0.6,org.springframework:spring-core:6.0.20,22.0
io.netty:netty-common:4.1.86.Final,io.netty:netty-common:4.1.111.Final,17.0
org.springframework:spring-core:6.0.6,org.springframework:spring-core:5.3.4,266.0
io.netty:netty-common:4.1.86.Final,io.netty:netty-common:4.1.92.Final,7.0
org.springframework:spring-core:6.0.6,org.springframework:spring-core:5.3.9,258.0
io.netty:netty-common:4.1.86.Final,io.netty:netty-common:4.1.82.Final,3.0
io.netty:netty-common:4.1.86.Final,io.netty:netty-common:4.1.75.Final,12.0
io.netty:netty-transport-native-unix-common:4.1.86.Final,io.netty:netty-transport-native-unix-common:4.1.101.Final,3.0
io.netty:netty-transport-native-unix-common:4.1.86.Final,io.netty:netty-transport-native-unix-common:4.1.70.Final,6.0
io.projectreactor:reactor-core:3.6.4,io.projectreactor:reactor-core:3.4.28,122.0
io.projectreactor:reactor-core:3.6.4,io.projectreactor:reactor-core:3.4.27,122.0
io.projectreactor:reactor-core:3.6.4,io.projectreactor:reactor-core:3.3.0.RELEASE,528.0
org.springframework:spring-tx:6.1.5,org.springframework:spring-tx:6.0.14,16.0
org.springframework:spring-tx:6.1.5,org.springframework:spring-tx:5.3.23,51.0
org.springframework:spring-tx:6.1.5,org.springframework:spring-tx:6.0.13,16.0
org.springframework:spring-tx:6.1.5,org.springframework:spring-tx:5.3.22,51.0
org.springframework:spring-tx:6.1.5,org.springframework:spring-tx:6.0.16,16.0
org.springframework:spring-tx:6.1.5,org.springframework:spring-tx:5.3.25,51.0
org.springframework:spring-tx:6.1.5,org.springframework:spring-tx:6.0.15,16.0
org.springframework:spring-core:6.0.6,org.springframework:spring-core:5.3.20,253.0
org.springframework:spring-core:6.0.6,org.springframework:spring-core:3.0.3.RELEASE,725.0
org.springframework:spring-core:6.0.6,org.springframework:spring-core:5.3.17,256.0
io.netty:netty-common:4.1.86.Final,io.netty:netty-common:4.1.100.Final,9.0
org.springframework:spring-core:6.0.6,org.springframework:spring-core:5.3.15,256.0
io.netty:netty-common:4.1.86.Final,io.netty:netty-common:4.1.39.Final,102.0
org.springframework:spring-core:6.0.6,org.springframework:spring-core:5.3.19,255.0
io.netty:netty-common:4.1.86.Final,io.netty:netty-common:4.1.108.Final,9.0
org.springframework:spring-core:6.0.6,org.springframework:spring-core:5.3.18,255.0
io.netty:netty-common:4.1.86.Final,io.netty:netty-common:4.1.96.Final,8.0
io.netty:netty-common:4.1.86.Final,io.netty:netty-common:4.1.51.Final,60.0
io.netty:netty-common:4.1.86.Final,io.netty:netty-common:4.1.81.Final,3.0
io.netty:netty-common:4.1.86.Final,io.netty:netty-common:4.1.91.Final,5.0
io.netty:netty-common:4.1.86.Final,io.netty:netty-common:4.1.94.Final,8.0
io.netty:netty-common:4.1.86.Final,io.netty:netty-common:4.1.84.Final,3.0
org.springframework:spring-tx:6.1.5,org.springframework:spring-tx:5.3.24,51.0
org.springframework:spring-tx:6.1.5,org.springframework:spring-tx:6.0.18,16.0
org.springframework:spring-tx:6.1.5,org.springframework:spring-tx:6.0.17,16.0
org.springframework:spring-tx:6.1.5,org.springframework:spring-tx:5.3.19,51.0
org.springframework:spring-tx:6.1.5,org.springframework:spring-tx:6.0.20,16.0
org.springframework:spring-tx:6.1.5,org.springframework:spring-tx:6.1.12,1.0
org.springframework:spring-tx:6.1.5,org.springframework:spring-tx:5.3.17,51.0
org.springframework:spring-tx:6.1.5,org.springframework:spring-tx:6.0.0,22.0
org.springframework:spring-tx:6.1.5,org.springframework:spring-tx:6.1.0,1.0
org.springframework:spring-tx:6.1.5,org.springframework:spring-tx:6.1.2,1.0
io.netty:netty-common:4.1.86.Final,io.netty:netty-common:4.1.70.Final,16.0
io.netty:netty-common:4.1.86.Final,io.netty:netty-common:4.1.87.Final,3.0
io.netty:netty-common:4.1.86.Final,io.netty:netty-common:4.1.17.Final,128.0
io.netty:netty-common:4.1.86.Final,io.netty:netty-common:4.1.97.Final,8.0
io.netty:netty-common:4.1.86.Final,io.netty:netty-common:4.1.93.Final,7.0
io.netty:netty-common:4.1.86.Final,io.netty:netty-common:4.1.79.Final,6.0
io.netty:netty-common:4.1.86.Final,io.netty:netty-common:4.1.110.Final,10.0
io.netty:netty-common:4.1.86.Final,io.netty:netty-common:4.1.106.Final,9.0
org.springframework:spring-tx:6.1.5,org.springframework:spring-tx:6.1.3,0.0
io.netty:netty-common:4.1.86.Final,io.netty:netty-common:4.1.89.Final,5.0
org.springframework:spring-tx:6.1.5,org.springframework:spring-tx:6.0.4,22.0
io.netty:netty-common:4.1.86.Final,io.netty:netty-common:4.1.99.Final,8.0
org.springframework:spring-tx:6.1.5,org.springframework:spring-tx:6.1.4,0.0
org.springframework:spring-tx:6.1.5,org.springframework:spring-tx:6.0.5,21.0
org.springframework:spring-tx:6.1.5,org.springframework:spring-tx:6.0.6,21.0
org.springframework:spring-tx:6.1.5,org.springframework:spring-tx:6.0.7,19.0
org.springframework:spring-tx:6.1.5,org.springframework:spring-tx:6.1.7,0.0
org.springframework:spring-tx:6.1.5,org.springframework:spring-tx:6.0.8,19.0
org.springframework:spring-tx:6.1.5,org.springframework:spring-tx:6.0.9,19.0
org.springframework:spring-tx:6.1.5,org.springframework:spring-tx:6.1.9,0.0
org.springframework:spring-tx:6.1.5,org.springframework:spring-tx:5.3.30,49.0
org.springframework:spring-tx:6.1.5,org.springframework:spring-tx:5.3.31,49.0
org.springframework:spring-tx:6.1.5,org.springframework:spring-tx:5.3.4,52.0
org.springframework:spring-tx:6.1.5,org.springframework:spring-tx:6.0.10,19.0
org.springframework:spring-tx:6.1.5,org.springframework:spring-tx:5.3.27,51.0
org.springframework:spring-tx:6.1.5,org.springframework:spring-tx:5.3.26,51.0
org.springframework:spring-tx:6.1.5,org.springframework:spring-tx:6.0.12,17.0
org.springframework:spring-tx:6.1.5,org.springframework:spring-tx:5.3.29,50.0
org.springframework:spring-tx:6.1.5,org.springframework:spring-tx:6.0.11,18.0
org.springframework:spring-tx:6.1.5,org.springframework:spring-tx:5.3.28,51.0
org.springframework:spring-tx:6.1.5,org.springframework:spring-tx:5.3.9,51.0
com.querydsl:querydsl-collections:5.0.0,com.querydsl:querydsl-collections:5.1.0,0.0
com.querydsl:querydsl-collections:5.0.0,com.querydsl:querydsl-collections:4.4.0,7.0
com.querydsl:querydsl-core:5.0.0,com.querydsl:querydsl-core:4.4.0,75.0
com.querydsl:querydsl-core:5.0.0,com.querydsl:querydsl-core:5.1.0,12.0
io.reactivex.rxjava3:rxjava:3.1.8,io.reactivex.rxjava3:rxjava:3.1.9,1.0
io.reactivex.rxjava3:rxjava:3.1.8,io.reactivex.rxjava3:rxjava:3.0.13,179.0
io.netty:netty-resolver:4.1.91.Final,io.netty:netty-resolver:4.1.75.Final,0.0
io.netty:netty-resolver:4.1.91.Final,io.netty:netty-resolver:4.1.85.Final,0.0
io.netty:netty-buffer:4.1.91.Final,io.netty:netty-buffer:4.1.39.Final,52.0
io.netty:netty-buffer:4.1.91.Final,io.netty:netty-buffer:4.1.87.Final,3.0
org.springframework:spring-aop:6.1.10,org.springframework:spring-aop:6.0.10,15.0
io.netty:netty-resolver:4.1.91.Final,io.netty:netty-resolver:4.1.93.Final,0.0
org.springframework:spring-aop:6.1.10,org.springframework:spring-aop:6.0.16,14.0
io.netty:netty-resolver:4.1.91.Final,io.netty:netty-resolver:4.1.108.Final,0.0
org.springframework:spring-aop:6.1.10,org.springframework:spring-aop:6.0.15,14.0
io.netty:netty-resolver:4.1.91.Final,io.netty:netty-resolver:4.1.43.Final,4.0
io.netty:netty-resolver:4.1.91.Final,io.netty:netty-resolver:4.1.112.Final,0.0
io.netty:netty-resolver:4.1.91.Final,io.netty:netty-resolver:4.1.17.Final,6.0
io.netty:netty-resolver:4.1.91.Final,io.netty:netty-resolver:4.1.107.Final,0.0
io.netty:netty-resolver:4.1.91.Final,io.netty:netty-resolver:4.1.70.Final,1.0
org.springframework:spring-beans:6.1.10,org.springframework:spring-beans:5.3.22,90.0
org.springframework:spring-beans:6.1.10,org.springframework:spring-beans:5.3.20,90.0
org.springframework:spring-aop:6.1.10,org.springframework:spring-aop:5.3.31,38.0
org.springframework:spring-aop:6.1.10,org.springframework:spring-aop:5.3.30,38.0
io.netty:netty-resolver:4.1.91.Final,io.netty:netty-resolver:4.1.86.Final,0.0
org.springframework:spring-aop:6.1.10,org.springframework:spring-aop:6.0.12,14.0
io.netty:netty-resolver:4.1.91.Final,io.netty:netty-resolver:4.1.96.Final,0.0
org.springframework:spring-aop:6.1.10,org.springframework:spring-aop:6.0.11,14.0
io.netty:netty-resolver:4.1.91.Final,io.netty:netty-resolver:4.1.104.Final,0.0
org.springframework:spring-beans:6.1.10,org.springframework:spring-beans:5.3.23,90.0
io.netty:netty-resolver:4.1.91.Final,io.netty:netty-resolver:4.1.101.Final,0.0
org.springframework:spring-beans:6.1.10,org.springframework:spring-beans:5.3.24,89.0
io.netty:netty-resolver:4.1.91.Final,io.netty:netty-resolver:4.1.89.Final,0.0
org.springframework:spring-beans:6.1.10,org.springframework:spring-beans:5.3.29,89.0
io.netty:netty-resolver:4.1.91.Final,io.netty:netty-resolver:4.1.79.Final,0.0
org.springframework:spring-beans:6.1.10,org.springframework:spring-beans:5.3.27,89.0
io.netty:netty-resolver:4.1.91.Final,io.netty:netty-resolver:4.1.106.Final,0.0
org.springframework:spring-beans:6.1.10,org.springframework:spring-beans:5.3.28,89.0
io.netty:netty-resolver:4.1.91.Final,io.netty:netty-resolver:4.1.111.Final,0.0
io.netty:netty-resolver:4.1.91.Final,io.netty:netty-resolver:4.1.51.Final,3.0
io.netty:netty-resolver:4.1.91.Final,io.netty:netty-resolver:4.1.81.Final,0.0
io.netty:netty-resolver:4.1.91.Final,io.netty:netty-resolver:4.1.84.Final,0.0
io.netty:netty-resolver:4.1.91.Final,io.netty:netty-resolver:4.1.94.Final,0.0
io.netty:netty-resolver:4.1.91.Final,io.netty:netty-resolver:4.1.39.Final,4.0
io.netty:netty-resolver:4.1.91.Final,io.netty:netty-resolver:4.1.87.Final,0.0
io.netty:netty-resolver:4.1.91.Final,io.netty:netty-resolver:4.1.5.Final,10.0
io.netty:netty-resolver:4.1.91.Final,io.netty:netty-resolver:4.1.82.Final,0.0
io.netty:netty-resolver:4.1.91.Final,io.netty:netty-resolver:4.1.110.Final,0.0
io.netty:netty-resolver:4.1.91.Final,io.netty:netty-resolver:4.1.92.Final,0.0
io.netty:netty-resolver:4.1.91.Final,io.netty:netty-resolver:4.1.97.Final,0.0
io.netty:netty-resolver:4.1.91.Final,io.netty:netty-resolver:4.1.99.Final,0.0
io.netty:netty-resolver:4.1.91.Final,io.netty:netty-resolver:4.1.109.Final,0.0
io.netty:netty-buffer:4.1.100.Final,io.netty:netty-buffer:4.1.112.Final,12.0
io.netty:netty-buffer:4.1.100.Final,io.netty:netty-buffer:4.1.91.Final,6.0
io.netty:netty-buffer:4.1.100.Final,io.netty:netty-buffer:4.1.86.Final,7.0
io.netty:netty-buffer:4.1.100.Final,io.netty:netty-buffer:4.1.51.Final,23.0
io.netty:netty-buffer:4.1.100.Final,io.netty:netty-buffer:4.1.81.Final,8.0
io.netty:netty-buffer:4.1.100.Final,io.netty:netty-buffer:4.1.104.Final,5.0
io.netty:netty-buffer:4.1.100.Final,io.netty:netty-buffer:4.1.93.Final,6.0
io.netty:netty-buffer:4.1.100.Final,io.netty:netty-buffer:4.1.110.Final,7.0
io.netty:netty-buffer:4.1.100.Final,io.netty:netty-buffer:4.1.75.Final,8.0
io.netty:netty-buffer:4.1.100.Final,io.netty:netty-buffer:4.1.107.Final,5.0
io.micrometer:micrometer-observation:1.12.7,io.micrometer:micrometer-observation:1.12.1,0.0
io.micrometer:micrometer-observation:1.12.7,io.micrometer:micrometer-observation:1.11.1,9.0
io.micrometer:micrometer-observation:1.12.7,io.micrometer:micrometer-observation:1.10.2,18.0
io.micrometer:micrometer-observation:1.12.7,io.micrometer:micrometer-observation:1.12.0,0.0
io.micrometer:micrometer-observation:1.12.7,io.micrometer:micrometer-observation:1.12.3,0.0
io.micrometer:micrometer-observation:1.12.7,io.micrometer:micrometer-observation:1.11.4,4.0
io.micrometer:micrometer-observation:1.12.7,io.micrometer:micrometer-observation:1.13.2,0.0
io.micrometer:micrometer-observation:1.12.7,io.micrometer:micrometer-observation:1.10.5,15.0
io.micrometer:micrometer-observation:1.12.7,io.micrometer:micrometer-observation:1.11.3,4.0
io.micrometer:micrometer-observation:1.12.7,io.micrometer:micrometer-observation:1.13.1,0.0
io.micrometer:micrometer-observation:1.12.7,io.micrometer:micrometer-observation:1.12.9,0.0
io.micrometer:micrometer-observation:1.12.7,io.micrometer:micrometer-observation:1.12.8,0.0
io.micrometer:micrometer-observation:1.12.7,io.micrometer:micrometer-observation:1.11.9,3.0
io.micrometer:micrometer-observation:1.12.7,io.micrometer:micrometer-observation:1.11.12,3.0
io.micrometer:micrometer-observation:1.12.7,io.micrometer:micrometer-observation:1.11.0,11.0
io.micrometer:micrometer-observation:1.12.7,io.micrometer:micrometer-observation:1.10.1,18.0
io.micrometer:micrometer-observation:1.12.7,io.micrometer:micrometer-observation:1.10.0,18.0
io.micrometer:micrometer-observation:1.12.7,io.micrometer:micrometer-observation:1.11.2,7.0
io.micrometer:micrometer-observation:1.12.7,io.micrometer:micrometer-observation:1.13.0,0.0
io.micrometer:micrometer-observation:1.12.7,io.micrometer:micrometer-observation:1.10.3,18.0
io.micrometer:micrometer-observation:1.12.7,io.micrometer:micrometer-observation:1.10.10,7.0
io.micrometer:micrometer-observation:1.12.7,io.micrometer:micrometer-observation:1.10.6,14.0
io.netty:netty-common:4.1.91.Final,io.netty:netty-common:4.1.43.Final,103.0
io.micrometer:micrometer-observation:1.12.7,io.micrometer:micrometer-observation:1.11.8,3.0
io.micrometer:micrometer-observation:1.12.7,io.micrometer:micrometer-observation:1.10.9,10.0
io.micrometer:micrometer-observation:1.12.7,io.micrometer:micrometer-observation:1.11.7,3.0
io.micrometer:micrometer-observation:1.12.7,io.micrometer:micrometer-observation:1.12.6,0.0
io.micrometer:micrometer-observation:1.12.7,io.micrometer:micrometer-observation:1.10.8,12.0
io.micrometer:micrometer-observation:1.12.7,io.micrometer:micrometer-observation:1.10.13,6.0
io.micrometer:micrometer-observation:1.12.7,io.micrometer:micrometer-observation:1.10.11,7.0
io.micrometer:micrometer-observation:1.12.7,io.micrometer:micrometer-observation:1.10.12,6.0
io.netty:netty-common:4.1.91.Final,io.netty:netty-common:4.1.39.Final,103.0
io.netty:netty-common:4.1.91.Final,io.netty:netty-common:4.1.108.Final,4.0
io.netty:netty-common:4.1.91.Final,io.netty:netty-common:4.1.96.Final,3.0
io.netty:netty-common:4.1.91.Final,io.netty:netty-common:4.1.51.Final,61.0
io.netty:netty-common:4.1.91.Final,io.netty:netty-common:4.1.81.Final,9.0
io.netty:netty-common:4.1.91.Final,io.netty:netty-common:4.1.94.Final,3.0
io.netty:netty-common:4.1.91.Final,io.netty:netty-common:4.1.84.Final,9.0
io.netty:netty-common:4.1.91.Final,io.netty:netty-common:4.1.99.Final,3.0
io.micrometer:micrometer-observation:1.12.7,io.micrometer:micrometer-observation:1.10.4,15.0
io.netty:netty-common:4.1.91.Final,io.netty:netty-common:4.1.100.Final,4.0
io.micrometer:micrometer-observation:1.12.7,io.micrometer:micrometer-observation:1.12.2,0.0
io.micrometer:micrometer-observation:1.12.7,io.micrometer:micrometer-observation:1.11.10,3.0
io.micrometer:micrometer-observation:1.12.7,io.micrometer:micrometer-observation:1.11.6,3.0
io.micrometer:micrometer-observation:1.12.7,io.micrometer:micrometer-observation:1.12.5,0.0
io.micrometer:micrometer-observation:1.12.7,io.micrometer:micrometer-observation:1.10.7,14.0
io.micrometer:micrometer-observation:1.12.7,io.micrometer:micrometer-observation:1.11.11,3.0
io.micrometer:micrometer-observation:1.12.7,io.micrometer:micrometer-observation:1.11.5,3.0
io.micrometer:micrometer-observation:1.12.7,io.micrometer:micrometer-observation:1.12.4,0.0
io.micrometer:micrometer-observation:1.12.7,io.micrometer:micrometer-observation:1.13.3,0.0
io.netty:netty-common:4.1.91.Final,io.netty:netty-common:4.1.87.Final,3.0
io.netty:netty-common:4.1.91.Final,io.netty:netty-common:4.1.17.Final,129.0
io.netty:netty-common:4.1.91.Final,io.netty:netty-common:4.1.97.Final,3.0
io.netty:netty-common:4.1.91.Final,io.netty:netty-common:4.1.93.Final,2.0
io.netty:netty-common:4.1.91.Final,io.netty:netty-common:4.1.79.Final,11.0
org.springframework:spring-beans:6.1.10,org.springframework:spring-beans:6.1.2,7.0
io.netty:netty-common:4.1.91.Final,io.netty:netty-common:4.1.110.Final,5.0
org.springframework:spring-beans:6.1.10,org.springframework:spring-beans:5.3.15,93.0
io.netty:netty-common:4.1.91.Final,io.netty:netty-common:4.1.106.Final,4.0
org.springframework:spring-beans:6.1.10,org.springframework:spring-beans:6.1.5,4.0
io.netty:netty-common:4.1.91.Final,io.netty:netty-common:4.1.89.Final,2.0
org.springframework:spring-beans:6.1.10,org.springframework:spring-beans:5.3.9,94.0
io.netty:netty-common:4.1.91.Final,io.netty:netty-common:4.1.104.Final,4.0
org.springframework:spring-beans:6.1.10,org.springframework:spring-beans:6.0.0,36.0
io.netty:netty-common:4.1.91.Final,io.netty:netty-common:4.1.112.Final,12.0
org.springframework:spring-beans:6.1.10,org.springframework:spring-beans:5.3.30,89.0
io.netty:netty-common:4.1.91.Final,io.netty:netty-common:4.1.70.Final,19.0
org.springframework:spring-beans:6.1.10,org.springframework:spring-beans:6.0.2,36.0
org.springframework:spring-beans:6.1.10,org.springframework:spring-beans:5.3.31,89.0
org.springframework:spring-beans:6.1.10,org.springframework:spring-beans:6.0.21,22.0
org.springframework:spring-beans:6.1.10,org.springframework:spring-beans:6.0.20,22.0
org.springframework:spring-beans:6.1.10,org.springframework:spring-beans:6.1.3,6.0
io.netty:netty-buffer:4.1.91.Final,io.netty:netty-buffer:4.1.110.Final,10.0
io.netty:netty-buffer:4.1.91.Final,io.netty:netty-buffer:4.1.112.Final,15.0
io.netty:netty-common:4.1.91.Final,io.netty:netty-common:4.1.5.Final,158.0
io.netty:netty-common:4.1.91.Final,io.netty:netty-common:4.1.85.Final,8.0
org.springframework:spring-beans:6.1.10,org.springframework:spring-beans:6.0.9,31.0
io.netty:netty-common:4.1.91.Final,io.netty:netty-common:4.1.109.Final,4.0
org.springframework:spring-beans:6.1.10,org.springframework:spring-beans:6.1.11,0.0
io.netty:netty-buffer:4.1.91.Final,io.netty:netty-buffer:4.1.81.Final,4.0
org.springframework:spring-beans:6.1.10,org.springframework:spring-beans:6.1.12,1.0
io.netty:netty-buffer:4.1.91.Final,io.netty:netty-buffer:4.1.104.Final,9.0
io.netty:netty-buffer:4.1.91.Final,io.netty:netty-buffer:4.1.93.Final,1.0
org.springframework:spring-beans:6.1.10,org.springframework:spring-beans:6.0.4,34.0
org.springframework:spring-beans:6.1.10,org.springframework:spring-beans:6.0.3,35.0
org.springframework:spring-beans:6.1.10,org.springframework:spring-beans:6.0.5,34.0
org.springframework:spring-beans:6.1.10,org.springframework:spring-beans:3.0.3.RELEASE,195.0
org.springframework:spring-beans:6.1.10,org.springframework:spring-beans:6.0.8,31.0
io.netty:netty-buffer:4.1.91.Final,io.netty:netty-buffer:4.1.96.Final,5.0
org.springframework:spring-beans:6.1.10,org.springframework:spring-beans:6.0.13,22.0
io.netty:netty-buffer:4.1.91.Final,io.netty:netty-buffer:4.1.109.Final,9.0
org.springframework:spring-beans:6.1.10,org.springframework:spring-beans:6.0.12,22.0
io.netty:netty-buffer:4.1.91.Final,io.netty:netty-buffer:4.1.43.Final,51.0
org.springframework:spring-beans:6.1.10,org.springframework:spring-beans:5.2.0.RELEASE,100.0
org.springframework:spring-beans:6.1.10,org.springframework:spring-beans:5.3.25,89.0
io.netty:netty-buffer:4.1.91.Final,io.netty:netty-buffer:4.1.86.Final,3.0
org.springframework:spring-beans:6.1.10,org.springframework:spring-beans:5.3.26,89.0
io.netty:netty-buffer:4.1.91.Final,io.netty:netty-buffer:4.1.51.Final,23.0
org.springframework:spring-beans:6.1.10,org.springframework:spring-beans:5.3.4,95.0
io.netty:netty-buffer:4.1.91.Final,io.netty:netty-buffer:4.1.89.Final,2.0
org.springframework:spring-beans:6.1.10,org.springframework:spring-beans:6.0.14,22.0
io.netty:netty-buffer:4.1.91.Final,io.netty:netty-buffer:4.1.79.Final,5.0
org.springframework:spring-beans:6.1.10,org.springframework:spring-beans:6.0.17,22.0
io.netty:netty-buffer:4.1.91.Final,io.netty:netty-buffer:4.1.5.Final,75.0
org.springframework:spring-beans:6.1.10,org.springframework:spring-beans:6.0.16,22.0
io.netty:netty-buffer:4.1.91.Final,io.netty:netty-buffer:4.1.111.Final,14.0
org.springframework:spring-beans:6.1.10,org.springframework:spring-beans:6.0.11,26.0
io.netty:netty-buffer:4.1.91.Final,io.netty:netty-buffer:4.1.106.Final,9.0
org.springframework:spring-beans:6.1.10,org.springframework:spring-beans:6.0.10,28.0
io.netty:netty-buffer:4.1.91.Final,io.netty:netty-buffer:4.1.84.Final,3.0
org.springframework:spring-beans:6.1.10,org.springframework:spring-beans:6.0.18,22.0
io.netty:netty-buffer:4.1.91.Final,io.netty:netty-buffer:4.1.94.Final,9.0
org.springframework:spring-beans:6.1.10,org.springframework:spring-beans:6.1.1,11.0
io.netty:netty-buffer:4.1.91.Final,io.netty:netty-buffer:4.1.101.Final,6.0
org.springframework:spring-beans:6.1.10,org.springframework:spring-beans:6.1.0,11.0
io.netty:netty-buffer:4.1.91.Final,io.netty:netty-buffer:4.1.17.Final,60.0
org.springframework:spring-beans:6.1.10,org.springframework:spring-beans:6.0.15,22.0
io.netty:netty-buffer:4.1.91.Final,io.netty:netty-buffer:4.1.99.Final,5.0
org.springframework:spring-beans:6.1.10,org.springframework:spring-beans:6.1.4,5.0
io.netty:netty-buffer:4.1.91.Final,io.netty:netty-buffer:4.1.97.Final,5.0
org.springframework:spring-beans:6.1.10,org.springframework:spring-beans:6.1.7,1.0
io.netty:netty-buffer:4.1.91.Final,io.netty:netty-buffer:4.1.70.Final,11.0
org.springframework:spring-beans:6.1.10,org.springframework:spring-beans:5.3.18,90.0
io.netty:netty-buffer:4.1.91.Final,io.netty:netty-buffer:4.1.108.Final,9.0
org.springframework:spring-beans:6.1.10,org.springframework:spring-beans:5.3.19,90.0
io.netty:netty-buffer:4.1.91.Final,io.netty:netty-buffer:4.1.92.Final,1.0
org.springframework:spring-beans:6.1.10,org.springframework:spring-beans:6.1.9,0.0
io.netty:netty-buffer:4.1.91.Final,io.netty:netty-buffer:4.1.82.Final,3.0
org.springframework:spring-beans:6.1.10,org.springframework:spring-beans:6.1.8,0.0
io.netty:netty-buffer:4.1.91.Final,io.netty:netty-buffer:4.1.85.Final,3.0
org.springframework:spring-beans:6.1.10,org.springframework:spring-beans:5.3.17,90.0
org.springframework:spring-tx:5.3.27,org.springframework:spring-tx:6.0.8,66.0
org.springframework:spring-tx:5.3.27,org.springframework:spring-tx:6.0.9,66.0
org.springframework:spring-tx:5.3.27,org.springframework:spring-tx:6.1.9,81.0
org.springframework:spring-tx:5.3.27,org.springframework:spring-tx:5.3.30,3.0
org.springframework:spring-tx:5.3.27,org.springframework:spring-tx:5.3.31,3.0
org.springframework:spring-tx:5.3.27,org.springframework:spring-tx:6.1.4,81.0
org.springframework:spring-tx:5.3.27,org.springframework:spring-tx:6.0.5,64.0
org.springframework:spring-tx:5.3.27,org.springframework:spring-tx:6.1.5,81.0
org.springframework:spring-tx:5.3.27,org.springframework:spring-tx:6.0.6,64.0
org.springframework:spring-tx:5.3.27,org.springframework:spring-tx:6.0.7,66.0
org.springframework:spring-tx:5.3.27,org.springframework:spring-tx:6.1.7,81.0
org.springframework:spring-tx:5.3.27,org.springframework:spring-tx:5.3.29,2.0
org.springframework:spring-tx:5.3.27,org.springframework:spring-tx:6.0.11,69.0
org.springframework:spring-tx:5.3.27,org.springframework:spring-tx:5.3.28,0.0
org.springframework:spring-tx:5.3.27,org.springframework:spring-tx:5.3.9,0.0
io.vavr:vavr:0.10.4,io.vavr:vavr:0.10.2,2.0
io.vavr:vavr:0.10.4,io.vavr:vavr:0.10.3,2.0
org.springframework:spring-tx:5.3.27,org.springframework:spring-tx:5.3.4,1.0
org.springframework:spring-tx:5.3.27,org.springframework:spring-tx:6.0.10,67.0
org.springframework:spring-tx:5.3.27,org.springframework:spring-tx:5.3.26,0.0
org.springframework:spring-tx:5.3.27,org.springframework:spring-tx:6.0.12,70.0
io.projectreactor:reactor-core:3.4.29,io.projectreactor:reactor-core:3.3.22.RELEASE,388.0
io.projectreactor:reactor-core:3.4.29,io.projectreactor:reactor-core:3.4.26,0.0
io.projectreactor:reactor-core:3.4.29,io.projectreactor:reactor-core:3.3.9.RELEASE,412.0
io.projectreactor:reactor-core:3.4.29,io.projectreactor:reactor-core:3.4.25,6.0
io.projectreactor:reactor-core:3.4.29,io.projectreactor:reactor-core:3.4.24,27.0
io.projectreactor:reactor-core:3.4.29,io.projectreactor:reactor-core:3.5.9,66.0
io.projectreactor:reactor-core:3.4.29,io.projectreactor:reactor-core:3.4.23,28.0
io.projectreactor:reactor-core:3.4.29,io.projectreactor:reactor-core:3.5.3,53.0
io.projectreactor:reactor-core:3.4.29,io.projectreactor:reactor-core:3.5.2,52.0
io.projectreactor:reactor-core:3.4.29,io.projectreactor:reactor-core:3.5.0,58.0
io.projectreactor:reactor-core:3.4.29,io.projectreactor:reactor-core:3.5.6,54.0
io.projectreactor:reactor-core:3.4.29,io.projectreactor:reactor-core:3.5.5,54.0
io.projectreactor:reactor-core:3.4.29,io.projectreactor:reactor-core:3.5.4,53.0
io.projectreactor:reactor-core:3.4.29,io.projectreactor:reactor-core:3.4.18,75.0
io.projectreactor:reactor-core:3.4.29,io.projectreactor:reactor-core:3.4.17,78.0
io.projectreactor:reactor-core:3.4.29,io.projectreactor:reactor-core:3.4.16,89.0
io.projectreactor:reactor-core:3.4.29,io.projectreactor:reactor-core:3.4.14,92.0
io.projectreactor:reactor-core:3.4.29,io.projectreactor:reactor-core:3.2.5.RELEASE,513.0
io.projectreactor:reactor-core:3.4.29,io.projectreactor:reactor-core:3.5.8,64.0
io.projectreactor:reactor-core:3.4.29,io.projectreactor:reactor-core:3.5.7,62.0
io.projectreactor:reactor-core:3.4.29,io.projectreactor:reactor-core:3.4.21,45.0
io.projectreactor:reactor-core:3.4.29,io.projectreactor:reactor-core:3.5.17,67.0
io.projectreactor:reactor-core:3.4.29,io.projectreactor:reactor-core:3.5.18,67.0
org.springframework:spring-aop:6.1.10,org.springframework:spring-aop:6.1.1,9.0
org.springframework:spring-aop:6.1.10,org.springframework:spring-aop:5.3.28,38.0
org.springframework:spring-aop:6.1.10,org.springframework:spring-aop:6.1.2,2.0
org.springframework:spring-aop:6.1.10,org.springframework:spring-aop:5.3.4,38.0
org.springframework:spring-aop:6.1.10,org.springframework:spring-aop:5.3.27,38.0
org.springframework:spring-aop:6.1.10,org.springframework:spring-aop:5.3.26,38.0
org.springframework:spring-aop:6.1.10,org.springframework:spring-aop:6.1.0,9.0
org.springframework:spring-aop:6.1.10,org.springframework:spring-aop:5.3.25,38.0
org.springframework:spring-aop:6.1.10,org.springframework:spring-aop:5.3.24,38.0
org.springframework:spring-aop:6.1.10,org.springframework:spring-aop:5.3.23,38.0
org.springframework:spring-aop:6.1.10,org.springframework:spring-aop:6.0.13,14.0
org.springframework:spring-aop:6.1.10,org.springframework:spring-aop:5.2.0.RELEASE,41.0
org.springframework:spring-aop:6.1.10,org.springframework:spring-aop:6.1.9,0.0
org.springframework:spring-aop:6.1.10,org.springframework:spring-aop:5.3.20,38.0
org.springframework:spring-aop:6.1.10,org.springframework:spring-aop:6.1.7,0.0
org.springframework:spring-aop:6.1.10,org.springframework:spring-aop:6.1.8,0.0
org.springframework:spring-aop:6.1.10,org.springframework:spring-aop:6.1.5,1.0
org.springframework:spring-aop:6.1.10,org.springframework:spring-aop:6.1.3,1.0
org.springframework:spring-aop:6.1.10,org.springframework:spring-aop:6.1.4,1.0
org.springframework:spring-aop:6.1.10,org.springframework:spring-aop:5.3.29,38.0
io.netty:netty-common:4.1.70.Final,io.netty:netty-common:4.1.100.Final,21.0
io.netty:netty-common:4.1.70.Final,io.netty:netty-common:4.1.39.Final,100.0
io.netty:netty-common:4.1.70.Final,io.netty:netty-common:4.1.108.Final,21.0
io.netty:netty-common:4.1.70.Final,io.netty:netty-common:4.1.96.Final,21.0
io.netty:netty-common:4.1.70.Final,io.netty:netty-common:4.1.51.Final,49.0
io.netty:netty-common:4.1.70.Final,io.netty:netty-common:4.1.81.Final,15.0
io.netty:netty-common:4.1.70.Final,io.netty:netty-common:4.1.91.Final,19.0
io.netty:netty-common:4.1.70.Final,io.netty:netty-common:4.1.86.Final,17.0
io.netty:netty-common:4.1.70.Final,io.netty:netty-common:4.1.94.Final,21.0
io.netty:netty-common:4.1.70.Final,io.netty:netty-common:4.1.84.Final,15.0
io.netty:netty-common:4.1.70.Final,io.netty:netty-common:4.1.87.Final,19.0
io.netty:netty-common:4.1.70.Final,io.netty:netty-common:4.1.17.Final,128.0
io.netty:netty-common:4.1.70.Final,io.netty:netty-common:4.1.97.Final,21.0
io.netty:netty-common:4.1.70.Final,io.netty:netty-common:4.1.93.Final,21.0
io.netty:netty-common:4.1.70.Final,io.netty:netty-common:4.1.79.Final,14.0
io.netty:netty-common:4.1.70.Final,io.netty:netty-common:4.1.110.Final,21.0
io.netty:netty-common:4.1.70.Final,io.netty:netty-common:4.1.106.Final,21.0
io.netty:netty-common:4.1.70.Final,io.netty:netty-common:4.1.89.Final,19.0
io.netty:netty-common:4.1.70.Final,io.netty:netty-common:4.1.99.Final,21.0
org.apache.tomcat.embed:tomcat-embed-core:10.1.11,org.apache.tomcat.embed:tomcat-embed-core:8.5.87,570.0
org.apache.tomcat.embed:tomcat-embed-core:10.1.11,org.apache.tomcat.embed:tomcat-embed-core:8.5.46,752.0
org.apache.tomcat.embed:tomcat-embed-core:10.1.11,org.apache.tomcat.embed:tomcat-embed-core:9.0.82,403.0
org.apache.tomcat.embed:tomcat-embed-core:10.1.11,org.apache.tomcat.embed:tomcat-embed-core:10.1.18,29.0
org.apache.tomcat.embed:tomcat-embed-core:10.1.11,org.apache.tomcat.embed:tomcat-embed-core:10.1.17,21.0
org.apache.tomcat.embed:tomcat-embed-core:10.1.11,org.apache.tomcat.embed:tomcat-embed-core:10.1.16,20.0
org.apache.tomcat.embed:tomcat-embed-core:10.1.11,org.apache.tomcat.embed:tomcat-embed-core:9.0.80,401.0
org.apache.tomcat.embed:tomcat-embed-core:10.1.11,org.apache.tomcat.embed:tomcat-embed-core:10.1.15,12.0
org.apache.tomcat.embed:tomcat-embed-core:10.1.11,org.apache.tomcat.embed:tomcat-embed-core:10.1.13,5.0
org.apache.tomcat.embed:tomcat-embed-core:10.1.11,org.apache.tomcat.embed:tomcat-embed-core:10.1.12,5.0
io.netty:netty-common:4.1.70.Final,io.netty:netty-common:4.1.43.Final,99.0
io.netty:netty-common:4.1.70.Final,io.netty:netty-common:4.1.101.Final,21.0
io.netty:netty-common:4.1.70.Final,io.netty:netty-common:4.1.111.Final,28.0
io.netty:netty-common:4.1.70.Final,io.netty:netty-common:4.1.92.Final,21.0
io.netty:netty-common:4.1.70.Final,io.netty:netty-common:4.1.82.Final,15.0
io.netty:netty-common:4.1.70.Final,io.netty:netty-common:4.1.75.Final,8.0
org.apache.tomcat.embed:tomcat-embed-core:10.1.11,org.apache.tomcat.embed:tomcat-embed-core:8.5.69,659.0
org.apache.tomcat.embed:tomcat-embed-core:10.1.11,org.apache.tomcat.embed:tomcat-embed-core:10.1.10,7.0
org.apache.tomcat.embed:tomcat-embed-core:10.1.11,org.apache.tomcat.embed:tomcat-embed-core:8.5.65,667.0
org.springframework:spring-beans:5.3.27,org.springframework:spring-beans:5.3.28,0.0
org.springframework:spring-beans:5.3.27,org.springframework:spring-beans:5.3.22,3.0
org.springframework:spring-beans:5.3.27,org.springframework:spring-beans:5.3.20,3.0
org.slf4j:slf4j-api:1.7.32,org.slf4j:slf4j-api:1.7.30,0.0
org.slf4j:slf4j-api:1.7.32,org.slf4j:slf4j-api:1.7.33,0.0
org.slf4j:slf4j-api:1.7.32,org.slf4j:slf4j-api:1.7.12,13.0
org.slf4j:slf4j-api:1.7.32,org.slf4j:slf4j-api:1.7.10,13.0
org.slf4j:slf4j-api:1.7.32,org.slf4j:slf4j-api:2.0.7,13.0
org.apache.tomcat.embed:tomcat-embed-core:10.1.11,org.apache.tomcat.embed:tomcat-embed-core:10.1.20,43.0
org.apache.tomcat.embed:tomcat-embed-core:10.1.11,org.apache.tomcat.embed:tomcat-embed-core:8.5.99,536.0
org.apache.tomcat.embed:tomcat-embed-core:10.1.11,org.apache.tomcat.embed:tomcat-embed-core:8.5.98,536.0
org.apache.tomcat.embed:tomcat-embed-core:10.1.11,org.apache.tomcat.embed:tomcat-embed-core:8.5.78,630.0
org.apache.tomcat.embed:tomcat-embed-core:10.1.11,org.apache.tomcat.embed:tomcat-embed-core:9.0.71,479.0
org.apache.tomcat.embed:tomcat-embed-core:10.1.11,org.apache.tomcat.embed:tomcat-embed-core:10.1.28,81.0
org.apache.tomcat.embed:tomcat-embed-core:10.1.11,org.apache.tomcat.embed:tomcat-embed-core:9.0.70,481.0
org.apache.tomcat.embed:tomcat-embed-core:10.1.11,org.apache.tomcat.embed:tomcat-embed-core:10.1.26,70.0
org.slf4j:slf4j-api:1.7.32,org.slf4j:slf4j-api:1.7.7,15.0
org.slf4j:slf4j-api:1.7.32,org.slf4j:slf4j-api:2.0.6,13.0
org.slf4j:slf4j-api:1.7.32,org.slf4j:slf4j-api:2.0.9,13.0
org.slf4j:slf4j-api:1.7.32,org.slf4j:slf4j-api:2.0.3,13.0
org.slf4j:slf4j-api:1.7.32,org.slf4j:slf4j-api:2.0.2,13.0
org.slf4j:slf4j-api:1.7.32,org.slf4j:slf4j-api:2.0.4,13.0
org.slf4j:slf4j-api:1.7.32,org.slf4j:slf4j-api:1.7.26,2.0
org.slf4j:slf4j-api:1.7.32,org.slf4j:slf4j-api:1.6.4,19.0
org.slf4j:slf4j-api:1.7.32,org.slf4j:slf4j-api:1.5.3,23.0
org.slf4j:slf4j-api:1.7.32,org.slf4j:slf4j-api:1.7.25,2.0
org.slf4j:slf4j-api:1.7.32,org.slf4j:slf4j-api:1.6.1,18.0
org.apache.tomcat.embed:tomcat-embed-core:10.1.11,org.apache.tomcat.embed:tomcat-embed-core:8.5.96,534.0
org.apache.tomcat.embed:tomcat-embed-core:10.1.11,org.apache.tomcat.embed:tomcat-embed-core:8.5.93,531.0
org.apache.tomcat.embed:tomcat-embed-core:10.1.11,org.apache.tomcat.embed:tomcat-embed-core:9.0.79,401.0
org.apache.tomcat.embed:tomcat-embed-core:10.1.11,org.apache.tomcat.embed:tomcat-embed-core:9.0.78,399.0
org.apache.tomcat.embed:tomcat-embed-core:10.1.11,org.apache.tomcat.embed:tomcat-embed-core:9.0.76,403.0
org.apache.tomcat.embed:tomcat-embed-core:10.1.11,org.apache.tomcat.embed:tomcat-embed-core:9.0.75,426.0
org.apache.tomcat.embed:tomcat-embed-core:10.1.11,org.apache.tomcat.embed:tomcat-embed-core:9.0.74,428.0
org.apache.tomcat.embed:tomcat-embed-core:10.1.11,org.apache.tomcat.embed:tomcat-embed-core:9.0.73,434.0
org.apache.tomcat.embed:tomcat-embed-core:10.1.11,org.apache.tomcat.embed:tomcat-embed-core:8.5.95,529.0
org.apache.tomcat.embed:tomcat-embed-core:10.1.11,org.apache.tomcat.embed:tomcat-embed-core:8.5.72,651.0
org.apache.tomcat.embed:tomcat-embed-core:10.1.11,org.apache.tomcat.embed:tomcat-embed-core:8.5.97,535.0
org.slf4j:slf4j-api:1.7.32,org.slf4j:slf4j-api:2.0.12,13.0
org.slf4j:slf4j-api:1.7.32,org.slf4j:slf4j-api:2.0.13,13.0
org.slf4j:slf4j-api:1.7.32,org.slf4j:slf4j-api:1.7.6,15.0
org.slf4j:slf4j-api:1.7.32,org.slf4j:slf4j-api:1.7.28,2.0
org.slf4j:slf4j-api:1.7.32,org.slf4j:slf4j-api:1.7.5,16.0
org.slf4j:slf4j-api:1.7.32,org.slf4j:slf4j-api:1.7.29,0.0
org.slf4j:slf4j-api:1.7.32,org.slf4j:slf4j-api:1.7.22,3.0
org.slf4j:slf4j-api:1.7.32,org.slf4j:slf4j-api:2.0.15,13.0
org.slf4j:slf4j-api:1.7.32,org.slf4j:slf4j-api:2.0.16,13.0
org.slf4j:slf4j-api:1.7.32,org.slf4j:slf4j-api:1.7.21,3.0
org.slf4j:slf4j-api:1.7.32,org.slf4j:slf4j-api:2.0.11,14.0
org.apache.tomcat.embed:tomcat-embed-core:10.1.12,org.apache.tomcat.embed:tomcat-embed-core:10.1.10,13.0
org.apache.tomcat.embed:tomcat-embed-core:10.1.12,org.apache.tomcat.embed:tomcat-embed-core:8.5.65,668.0
org.apache.tomcat.embed:tomcat-embed-core:10.1.12,org.apache.tomcat.embed:tomcat-embed-core:8.5.87,571.0
org.apache.tomcat.embed:tomcat-embed-core:10.1.12,org.apache.tomcat.embed:tomcat-embed-core:8.5.46,753.0
org.apache.tomcat.embed:tomcat-embed-core:10.1.12,org.apache.tomcat.embed:tomcat-embed-core:9.0.82,401.0
org.apache.tomcat.embed:tomcat-embed-core:10.1.12,org.apache.tomcat.embed:tomcat-embed-core:10.1.18,25.0
org.springframework:spring-tx:5.3.27,org.springframework:spring-tx:5.3.25,0.0
org.springframework:spring-tx:5.3.27,org.springframework:spring-tx:6.0.15,70.0
org.springframework:spring-tx:5.3.27,org.springframework:spring-tx:5.3.24,0.0
org.slf4j:slf4j-api:1.7.32,org.slf4j:slf4j-api:1.7.35,0.0
org.slf4j:slf4j-api:1.7.32,org.slf4j:slf4j-api:1.7.13,11.0
org.slf4j:slf4j-api:1.7.32,org.slf4j:slf4j-api:1.7.36,0.0
org.springframework:spring-tx:5.3.27,org.springframework:spring-tx:6.0.14,70.0
org.springframework:spring-tx:5.3.27,org.springframework:spring-tx:5.3.23,0.0
org.springframework:spring-tx:5.3.27,org.springframework:spring-tx:6.0.13,70.0
org.springframework:spring-tx:5.3.27,org.springframework:spring-tx:5.3.22,0.0
org.springframework:spring-tx:5.3.27,org.springframework:spring-tx:6.0.16,70.0
org.apache.tomcat.embed:tomcat-embed-core:10.1.11,org.apache.tomcat.embed:tomcat-embed-core:9.0.69,490.0
org.apache.tomcat.embed:tomcat-embed-core:10.1.11,org.apache.tomcat.embed:tomcat-embed-core:8.5.82,625.0
org.apache.tomcat.embed:tomcat-embed-core:10.1.12,org.apache.tomcat.embed:tomcat-embed-core:8.5.69,660.0
org.apache.tomcat.embed:tomcat-embed-core:10.1.11,org.apache.tomcat.embed:tomcat-embed-core:10.1.7,61.0
org.apache.tomcat.embed:tomcat-embed-core:10.1.11,org.apache.tomcat.embed:tomcat-embed-core:10.1.8,46.0
org.apache.tomcat.embed:tomcat-embed-core:10.1.11,org.apache.tomcat.embed:tomcat-embed-core:8.5.100,539.0
org.apache.tomcat.embed:tomcat-embed-core:10.1.11,org.apache.tomcat.embed:tomcat-embed-core:10.1.4,130.0
org.apache.tomcat.embed:tomcat-embed-core:10.1.11,org.apache.tomcat.embed:tomcat-embed-core:10.1.5,127.0
org.apache.tomcat.embed:tomcat-embed-core:10.1.11,org.apache.tomcat.embed:tomcat-embed-core:9.0.83,408.0
org.apache.tomcat.embed:tomcat-embed-core:10.1.11,org.apache.tomcat.embed:tomcat-embed-core:10.1.19,30.0
org.springframework:spring-tx:5.3.27,org.springframework:spring-tx:6.1.0,81.0
org.springframework:spring-tx:5.3.27,org.springframework:spring-tx:6.1.2,81.0
org.springframework:spring-tx:5.3.27,org.springframework:spring-tx:6.1.3,81.0
org.springframework:spring-tx:5.3.27,org.springframework:spring-tx:6.0.4,63.0
org.springframework:spring-tx:5.3.27,org.springframework:spring-tx:6.0.18,70.0
org.springframework:spring-tx:5.3.27,org.springframework:spring-tx:6.0.17,70.0
org.springframework:spring-tx:5.3.27,org.springframework:spring-tx:5.3.19,0.0
org.springframework:spring-tx:5.3.27,org.springframework:spring-tx:6.0.20,70.0
org.springframework:spring-tx:5.3.27,org.springframework:spring-tx:6.1.12,82.0
org.springframework:spring-tx:5.3.27,org.springframework:spring-tx:5.3.17,0.0
org.springframework:spring-tx:5.3.27,org.springframework:spring-tx:6.0.0,63.0
org.apache.tomcat.embed:tomcat-embed-core:10.1.11,org.apache.tomcat.embed:tomcat-embed-core:10.1.25,67.0
org.apache.tomcat.embed:tomcat-embed-core:10.1.11,org.apache.tomcat.embed:tomcat-embed-core:10.1.24,60.0
org.apache.tomcat.embed:tomcat-embed-core:10.1.11,org.apache.tomcat.embed:tomcat-embed-core:9.0.68,494.0
org.springframework:spring-core:6.1.12,org.springframework:spring-core:6.0.2,103.0
org.springframework:spring-core:6.1.12,org.springframework:spring-core:6.0.0,103.0
org.slf4j:slf4j-api:1.7.25,org.slf4j:slf4j-api:1.7.12,13.0
org.slf4j:slf4j-api:1.7.25,org.slf4j:slf4j-api:1.7.32,2.0
org.springframework:spring-core:6.1.12,org.springframework:spring-core:6.1.11,1.0
org.slf4j:slf4j-api:1.7.25,org.slf4j:slf4j-api:1.7.10,13.0
org.springframework:spring-core:6.1.12,org.springframework:spring-core:6.1.10,1.0
org.slf4j:slf4j-api:1.7.25,org.slf4j:slf4j-api:2.0.7,13.0
org.springframework:spring-core:6.1.12,org.springframework:spring-core:5.3.31,292.0
org.slf4j:slf4j-api:1.7.25,org.slf4j:slf4j-api:2.0.6,13.0
org.springframework:spring-core:6.1.12,org.springframework:spring-core:5.3.19,308.0
org.opensaml:opensaml-security-api:3.4.3,org.opensaml:opensaml-security-api:3.4.5,0.0
org.springframework:spring-core:6.1.12,org.springframework:spring-core:5.3.18,308.0
org.springframework:spring-core:6.1.12,org.springframework:spring-core:5.2.0.RELEASE,355.0
org.opensaml:opensaml-messaging-api:3.4.5,org.opensaml:opensaml-messaging-api:3.4.3,0.0
org.springframework:spring-core:6.1.12,org.springframework:spring-core:6.0.3,102.0
org.slf4j:slf4j-api:1.7.25,org.slf4j:slf4j-api:1.7.30,2.0
org.slf4j:slf4j-api:1.7.25,org.slf4j:slf4j-api:1.7.33,2.0
org.springframework:spring-core:6.1.12,org.springframework:spring-core:6.1.4,4.0
org.springframework:spring-core:6.1.12,org.springframework:spring-core:5.3.20,306.0
org.springframework:spring-core:6.1.12,org.springframework:spring-core:3.0.3.RELEASE,755.0
org.springframework:spring-core:6.1.12,org.springframework:spring-core:5.3.17,309.0
org.springframework:spring-core:6.1.12,org.springframework:spring-core:5.3.15,309.0
org.springframework:spring-core:6.1.12,org.springframework:spring-core:5.3.4,319.0
org.opensaml:opensaml-messaging-api:3.4.3,org.opensaml:opensaml-messaging-api:3.4.5,0.0
org.springframework:spring-core:6.1.12,org.springframework:spring-core:5.3.9,311.0
org.springframework:spring-core:6.1.12,org.springframework:spring-core:6.1.9,1.0
net.shibboleth.utilities:java-support:7.5.0,net.shibboleth.utilities:java-support:7.5.1,1.0
org.springframework:spring-core:6.1.12,org.springframework:spring-core:6.1.8,1.0
org.springframework:spring-core:6.1.12,org.springframework:spring-core:6.1.7,1.0
commons-codec:commons-codec:1.10,commons-codec:commons-codec:1.11,11.0
org.springframework:spring-core:6.1.12,org.springframework:spring-core:6.1.5,3.0
org.apache.httpcomponents:httpclient:4.5.3,org.apache.httpcomponents:httpclient:4.5.6,11.0
org.apache.httpcomponents:httpclient:4.5.3,org.apache.httpcomponents:httpclient:4.0.1,315.0
org.slf4j:slf4j-api:1.7.25,org.slf4j:slf4j-api:2.0.12,13.0
org.slf4j:slf4j-api:1.7.25,org.slf4j:slf4j-api:2.0.13,13.0
org.springframework:spring-core:6.1.12,org.springframework:spring-core:6.0.5,83.0
org.slf4j:slf4j-api:1.7.25,org.slf4j:slf4j-api:1.7.35,2.0
org.slf4j:slf4j-api:1.7.25,org.slf4j:slf4j-api:1.7.13,11.0
org.slf4j:slf4j-api:1.7.25,org.slf4j:slf4j-api:1.7.36,2.0
org.apache.httpcomponents:httpclient:4.5.3,org.apache.httpcomponents:httpclient:4.5.13,26.0
org.apache.httpcomponents:httpclient:4.5.3,org.apache.httpcomponents:httpclient:4.5.14,31.0
org.apache.httpcomponents:httpclient:4.5.3,org.apache.httpcomponents:httpclient:4.5.2,9.0
org.springframework:spring-core:6.1.12,org.springframework:spring-core:5.3.28,294.0
org.springframework:spring-core:6.1.12,org.springframework:spring-core:5.3.27,295.0
org.springframework:spring-core:6.1.12,org.springframework:spring-core:5.3.26,295.0
org.springframework:spring-core:6.1.12,org.springframework:spring-core:5.3.25,301.0
org.springframework:spring-core:6.1.12,org.springframework:spring-core:5.3.29,294.0
org.slf4j:slf4j-api:1.7.25,org.slf4j:slf4j-api:1.7.21,1.0
org.slf4j:slf4j-api:1.7.25,org.slf4j:slf4j-api:2.0.11,14.0
org.springframework:spring-core:6.1.12,org.springframework:spring-core:5.3.30,292.0
org.slf4j:slf4j-api:1.7.25,org.slf4j:slf4j-api:1.6.1,18.0
org.springframework:spring-core:6.1.12,org.springframework:spring-core:5.3.24,301.0
org.slf4j:slf4j-api:1.7.25,org.slf4j:slf4j-api:1.7.7,15.0
org.springframework:spring-core:6.1.12,org.springframework:spring-core:5.3.23,302.0
org.slf4j:slf4j-api:1.7.25,org.slf4j:slf4j-api:1.7.6,15.0
org.springframework:spring-core:6.1.12,org.springframework:spring-core:5.3.22,302.0
org.slf4j:slf4j-api:1.7.25,org.slf4j:slf4j-api:1.7.28,0.0
org.slf4j:slf4j-api:1.7.25,org.slf4j:slf4j-api:1.7.5,16.0
org.slf4j:slf4j-api:1.7.25,org.slf4j:slf4j-api:1.7.29,2.0
org.slf4j:slf4j-api:1.7.25,org.slf4j:slf4j-api:1.7.22,1.0
org.slf4j:slf4j-api:1.7.25,org.slf4j:slf4j-api:2.0.15,13.0
org.slf4j:slf4j-api:1.7.25,org.slf4j:slf4j-api:2.0.16,13.0
org.slf4j:slf4j-api:1.7.25,org.slf4j:slf4j-api:1.7.10,13.0
org.slf4j:slf4j-api:1.7.25,org.slf4j:slf4j-api:2.0.9,13.0
org.slf4j:slf4j-api:1.7.25,org.slf4j:slf4j-api:2.0.3,13.0
org.slf4j:slf4j-api:1.7.25,org.slf4j:slf4j-api:2.0.2,13.0
org.slf4j:slf4j-api:1.7.25,org.slf4j:slf4j-api:2.0.4,13.0
org.slf4j:slf4j-api:1.7.25,org.slf4j:slf4j-api:1.7.26,0.0
org.slf4j:slf4j-api:1.7.25,org.slf4j:slf4j-api:1.6.4,19.0
org.slf4j:slf4j-api:1.7.25,org.slf4j:slf4j-api:1.5.3,23.0
io.netty:netty-common:4.1.91.Final,io.netty:netty-common:4.1.101.Final,4.0
io.netty:netty-common:4.1.91.Final,io.netty:netty-common:4.1.111.Final,12.0
io.netty:netty-common:4.1.91.Final,io.netty:netty-common:4.1.92.Final,2.0
io.netty:netty-common:4.1.91.Final,io.netty:netty-common:4.1.82.Final,9.0
io.netty:netty-common:4.1.91.Final,io.netty:netty-common:4.1.75.Final,17.0
org.slf4j:slf4j-api:1.7.25,org.slf4j:slf4j-api:1.7.12,13.0
org.apache.tomcat.embed:tomcat-embed-core:10.1.13,org.apache.tomcat.embed:tomcat-embed-core:9.0.83,406.0
org.apache.tomcat.embed:tomcat-embed-core:10.1.13,org.apache.tomcat.embed:tomcat-embed-core:10.1.19,26.0
org.apache.tomcat.embed:tomcat-embed-core:10.1.13,org.apache.tomcat.embed:tomcat-embed-core:9.0.69,491.0
org.apache.tomcat.embed:tomcat-embed-core:10.1.13,org.apache.tomcat.embed:tomcat-embed-core:8.5.82,626.0
io.netty:netty-common:4.1.70.Final,io.netty:netty-common:4.1.5.Final,159.0
io.netty:netty-common:4.1.70.Final,io.netty:netty-common:4.1.85.Final,17.0
io.netty:netty-common:4.1.70.Final,io.netty:netty-common:4.1.109.Final,21.0
io.netty:netty-common:4.1.70.Final,io.netty:netty-common:4.1.104.Final,21.0
io.netty:netty-common:4.1.70.Final,io.netty:netty-common:4.1.112.Final,28.0
org.apache.tomcat.embed:tomcat-embed-core:10.1.13,org.apache.tomcat.embed:tomcat-embed-core:9.0.70,482.0
org.apache.tomcat.embed:tomcat-embed-core:10.1.13,org.apache.tomcat.embed:tomcat-embed-core:10.1.26,66.0
org.apache.tomcat.embed:tomcat-embed-core:10.1.13,org.apache.tomcat.embed:tomcat-embed-core:10.1.25,63.0
org.apache.tomcat.embed:tomcat-embed-core:10.1.13,org.apache.tomcat.embed:tomcat-embed-core:10.1.24,56.0
org.apache.tomcat.embed:tomcat-embed-core:10.1.13,org.apache.tomcat.embed:tomcat-embed-core:9.0.68,495.0
org.apache.tomcat.embed:tomcat-embed-core:10.1.13,org.apache.tomcat.embed:tomcat-embed-core:10.1.7,62.0
org.apache.tomcat.embed:tomcat-embed-core:10.1.13,org.apache.tomcat.embed:tomcat-embed-core:10.1.8,47.0
org.apache.tomcat.embed:tomcat-embed-core:10.1.13,org.apache.tomcat.embed:tomcat-embed-core:8.5.100,538.0
org.apache.tomcat.embed:tomcat-embed-core:10.1.13,org.apache.tomcat.embed:tomcat-embed-core:10.1.4,131.0
org.apache.tomcat.embed:tomcat-embed-core:10.1.13,org.apache.tomcat.embed:tomcat-embed-core:10.1.5,128.0
org.springframework:spring-aop:6.1.12,org.springframework:spring-aop:5.3.20,38.0
org.springframework:spring-aop:6.1.12,org.springframework:spring-aop:6.1.7,0.0
org.springframework:spring-aop:6.1.12,org.springframework:spring-aop:6.1.8,0.0
org.springframework:spring-aop:6.1.12,org.springframework:spring-aop:6.1.5,1.0
org.springframework:spring-aop:6.1.12,org.springframework:spring-aop:6.1.3,1.0
org.springframework:spring-aop:6.1.12,org.springframework:spring-aop:6.1.4,1.0
org.springframework:spring-aop:6.1.12,org.springframework:spring-aop:5.3.29,38.0
org.springframework:spring-aop:6.1.12,org.springframework:spring-aop:6.1.1,9.0
org.springframework:spring-aop:6.1.12,org.springframework:spring-aop:5.3.28,38.0
org.springframework:spring-aop:6.1.12,org.springframework:spring-aop:6.1.2,2.0
org.springframework:spring-aop:6.1.12,org.springframework:spring-aop:5.3.30,38.0
org.springframework:spring-aop:6.1.12,org.springframework:spring-aop:6.0.12,14.0
org.springframework:spring-aop:6.1.12,org.springframework:spring-aop:6.0.11,14.0
org.springframework:spring-aop:6.1.12,org.springframework:spring-aop:6.0.10,15.0
org.springframework:spring-aop:6.1.12,org.springframework:spring-aop:6.0.16,14.0
org.springframework:spring-aop:6.1.12,org.springframework:spring-aop:6.0.15,14.0
org.springframework:spring-aop:6.1.12,org.springframework:spring-aop:6.0.13,14.0
org.springframework:spring-aop:6.1.12,org.springframework:spring-aop:5.2.0.RELEASE,41.0
org.springframework:spring-aop:6.1.12,org.springframework:spring-aop:6.1.9,0.0
org.springframework:spring-aop:6.1.12,org.springframework:spring-aop:6.0.4,24.0
org.springframework:spring-aop:6.1.12,org.springframework:spring-aop:6.0.5,24.0
org.springframework:spring-aop:6.1.12,org.springframework:spring-aop:6.1.10,0.0
org.springframework:spring-aop:6.1.12,org.springframework:spring-aop:5.3.19,38.0
org.springframework:spring-aop:6.1.12,org.springframework:spring-aop:5.3.18,38.0
org.springframework:spring-aop:6.1.12,org.springframework:spring-aop:5.3.17,38.0
org.springframework:spring-aop:6.1.12,org.springframework:spring-aop:5.3.15,38.0
org.springframework:spring-aop:6.1.12,org.springframework:spring-aop:6.0.8,23.0
org.springframework:spring-aop:6.1.12,org.springframework:spring-aop:6.0.9,23.0
org.springframework:spring-aop:6.1.12,org.springframework:spring-aop:6.0.6,24.0
org.springframework:spring-aop:6.1.12,org.springframework:spring-aop:6.0.7,23.0
org.apache.httpcomponents:httpclient:4.5.3,org.apache.httpcomponents:httpclient:4.5.14,31.0
org.apache.httpcomponents:httpclient:4.5.3,org.apache.httpcomponents:httpclient:4.5.2,9.0
org.apache.httpcomponents:httpclient:4.5.3,org.apache.httpcomponents:httpclient:4.0.1,315.0
org.springframework:spring-aop:6.1.12,org.springframework:spring-aop:6.1.11,0.0
org.springframework:spring-aop:6.1.12,org.springframework:spring-aop:5.3.4,38.0
org.slf4j:slf4j-api:1.7.25,org.slf4j:slf4j-api:1.7.13,11.0
org.springframework:spring-aop:6.1.12,org.springframework:spring-aop:5.3.27,38.0
org.springframework:spring-aop:6.1.12,org.springframework:spring-aop:5.3.26,38.0
org.apache.httpcomponents:httpclient:4.5.3,org.apache.httpcomponents:httpclient:4.5.13,26.0
org.springframework:spring-aop:6.1.12,org.springframework:spring-aop:6.1.0,9.0
org.springframework:spring-aop:6.1.12,org.springframework:spring-aop:5.3.25,38.0
org.springframework:spring-aop:6.1.12,org.springframework:spring-aop:5.3.24,38.0
org.springframework:spring-aop:6.1.12,org.springframework:spring-aop:5.3.23,38.0
org.springframework:spring-aop:6.1.12,org.springframework:spring-aop:5.3.9,38.0
org.springframework:spring-aop:6.1.12,org.springframework:spring-aop:5.3.22,38.0
org.slf4j:slf4j-api:1.7.25,org.slf4j:slf4j-api:1.7.21,1.0
org.springframework:spring-core:6.1.12,org.springframework:spring-core:6.1.1,24.0
org.springframework:spring-core:6.1.12,org.springframework:spring-core:6.1.0,24.0
org.springframework:spring-core:6.1.12,org.springframework:spring-core:6.0.21,62.0
org.springframework:spring-core:6.1.12,org.springframework:spring-core:6.0.20,62.0
org.springframework:spring-core:6.1.12,org.springframework:spring-core:6.0.10,77.0
org.springframework:spring-core:6.1.12,org.springframework:spring-core:6.0.11,77.0
org.springframework:spring-core:6.1.12,org.springframework:spring-core:6.0.18,62.0
org.springframework:spring-core:6.1.12,org.springframework:spring-core:6.0.16,62.0
org.slf4j:slf4j-api:1.7.25,org.slf4j:slf4j-api:1.7.22,1.0
org.springframework:spring-core:6.1.12,org.springframework:spring-core:6.0.17,62.0
org.springframework:spring-core:6.1.12,org.springframework:spring-core:6.1.3,7.0
org.springframework:spring-core:6.1.12,org.springframework:spring-core:6.1.2,13.0
org.slf4j:slf4j-api:1.7.25,org.slf4j:slf4j-api:1.6.4,19.0
org.slf4j:slf4j-api:1.7.25,org.slf4j:slf4j-api:1.5.3,23.0
org.springframework:spring-core:6.1.12,org.springframework:spring-core:6.0.15,63.0
org.slf4j:slf4j-api:1.7.25,org.slf4j:slf4j-api:1.6.1,18.0
org.springframework:spring-core:6.1.12,org.springframework:spring-core:6.0.12,70.0
org.springframework:spring-core:6.1.12,org.springframework:spring-core:6.0.13,67.0
org.springframework:spring-aop:6.1.12,org.springframework:spring-aop:6.0.2,24.0
org.springframework:spring-aop:6.1.12,org.springframework:spring-aop:6.0.3,24.0
org.springframework:spring-aop:6.1.12,org.springframework:spring-aop:6.0.18,14.0
org.springframework:spring-aop:6.1.12,org.springframework:spring-aop:6.0.0,24.0
org.springframework:spring-aop:6.1.12,org.springframework:spring-aop:6.0.17,14.0
org.springframework:spring-aop:6.1.12,org.springframework:spring-aop:6.0.21,14.0
org.springframework:spring-aop:6.1.12,org.springframework:spring-aop:6.0.20,14.0
org.apache.tomcat.embed:tomcat-embed-core:10.1.13,org.apache.tomcat.embed:tomcat-embed-core:8.5.99,535.0
org.apache.tomcat.embed:tomcat-embed-core:10.1.13,org.apache.tomcat.embed:tomcat-embed-core:8.5.98,535.0
org.apache.tomcat.embed:tomcat-embed-core:10.1.13,org.apache.tomcat.embed:tomcat-embed-core:8.5.78,631.0
org.apache.tomcat.embed:tomcat-embed-core:10.1.13,org.apache.tomcat.embed:tomcat-embed-core:9.0.71,480.0
org.apache.tomcat.embed:tomcat-embed-core:10.1.13,org.apache.tomcat.embed:tomcat-embed-core:10.1.28,78.0
org.springframework:spring-core:5.3.27,org.springframework:spring-core:5.3.25,10.0
org.springframework:spring-core:5.3.27,org.springframework:spring-core:6.0.9,128.0
org.springframework:spring-core:5.3.27,org.springframework:spring-core:5.3.29,2.0
org.springframework:spring-core:5.3.27,org.springframework:spring-core:6.0.8,126.0
org.springframework:spring-core:5.3.27,org.springframework:spring-core:5.3.30,8.0
org.springframework:spring-core:5.3.27,org.springframework:spring-core:5.3.24,11.0
org.springframework:spring-core:5.3.27,org.springframework:spring-core:5.3.23,12.0
org.springframework:spring-core:5.3.27,org.springframework:spring-core:5.3.22,12.0
org.springframework:spring-core:5.3.27,org.springframework:spring-core:5.3.28,2.0
org.springframework:spring-core:5.3.27,org.springframework:spring-core:5.3.26,3.0
org.apache.tomcat.embed:tomcat-embed-core:10.1.13,org.apache.tomcat.embed:tomcat-embed-core:8.5.72,652.0
org.apache.tomcat.embed:tomcat-embed-core:10.1.13,org.apache.tomcat.embed:tomcat-embed-core:8.5.97,534.0
org.apache.tomcat.embed:tomcat-embed-core:10.1.13,org.apache.tomcat.embed:tomcat-embed-core:8.5.96,533.0
org.apache.tomcat.embed:tomcat-embed-core:10.1.13,org.apache.tomcat.embed:tomcat-embed-core:8.5.93,530.0
org.apache.tomcat.embed:tomcat-embed-core:10.1.13,org.apache.tomcat.embed:tomcat-embed-core:10.1.20,39.0
org.apache.tomcat.embed:tomcat-embed-core:10.1.13,org.apache.tomcat.embed:tomcat-embed-core:9.0.78,402.0
org.apache.tomcat.embed:tomcat-embed-core:10.1.13,org.apache.tomcat.embed:tomcat-embed-core:9.0.76,406.0
org.apache.tomcat.embed:tomcat-embed-core:10.1.13,org.apache.tomcat.embed:tomcat-embed-core:9.0.75,427.0
org.apache.tomcat.embed:tomcat-embed-core:10.1.13,org.apache.tomcat.embed:tomcat-embed-core:9.0.74,429.0
org.apache.tomcat.embed:tomcat-embed-core:10.1.13,org.apache.tomcat.embed:tomcat-embed-core:9.0.73,435.0
org.apache.tomcat.embed:tomcat-embed-core:10.1.13,org.apache.tomcat.embed:tomcat-embed-core:8.5.95,528.0
com.jayway.jsonpath:json-path:2.6.0,com.jayway.jsonpath:json-path:2.5.0,10.0
org.springframework:spring-beans:5.3.27,org.springframework:spring-beans:6.1.11,55.0
org.springframework:spring-beans:5.3.27,org.springframework:spring-beans:6.1.12,55.0
org.springframework:spring-core:5.3.27,org.springframework:spring-core:6.0.7,126.0
org.springframework:spring-core:5.3.27,org.springframework:spring-core:6.0.6,126.0
org.springframework:spring-core:5.3.27,org.springframework:spring-core:6.0.5,126.0
com.jayway.jsonpath:json-path:2.6.0,com.jayway.jsonpath:json-path:2.4.0,32.0
org.apache.tomcat.embed:tomcat-embed-core:10.1.13,org.apache.tomcat.embed:tomcat-embed-core:10.1.12,0.0
org.apache.tomcat.embed:tomcat-embed-core:10.1.13,org.apache.tomcat.embed:tomcat-embed-core:9.0.79,399.0
org.springframework:spring-beans:5.3.27,org.springframework:spring-beans:3.0.3.RELEASE,151.0
org.springframework:spring-beans:5.3.27,org.springframework:spring-beans:6.0.8,48.0
org.springframework:spring-beans:5.3.27,org.springframework:spring-beans:6.0.7,48.0
org.springframework:spring-beans:5.3.27,org.springframework:spring-beans:6.0.9,48.0
org.springframework:spring-beans:5.3.27,org.springframework:spring-beans:5.3.9,12.0
org.springframework:spring-beans:5.3.27,org.springframework:spring-beans:6.0.0,45.0
org.springframework:spring-beans:5.3.27,org.springframework:spring-beans:6.1.10,55.0
org.springframework:spring-beans:5.3.27,org.springframework:spring-beans:6.0.4,47.0
org.springframework:spring-beans:5.3.27,org.springframework:spring-beans:6.0.3,46.0
org.springframework:spring-beans:5.3.27,org.springframework:spring-beans:6.0.6,47.0
org.springframework:spring-beans:5.3.27,org.springframework:spring-beans:6.0.5,47.0
org.springframework:spring-beans:5.3.27,org.springframework:spring-beans:6.0.20,49.0
org.springframework:spring-beans:5.3.27,org.springframework:spring-beans:6.1.3,54.0
org.springframework:spring-beans:5.3.27,org.springframework:spring-beans:6.1.2,54.0
org.springframework:spring-beans:5.3.27,org.springframework:spring-beans:5.3.15,7.0
org.springframework:spring-beans:5.3.27,org.springframework:spring-beans:6.1.5,55.0
org.springframework:spring-beans:5.3.27,org.springframework:spring-beans:6.1.4,55.0
org.springframework:spring-beans:5.3.27,org.springframework:spring-beans:6.1.7,55.0
org.springframework:spring-beans:5.3.27,org.springframework:spring-beans:5.3.30,1.0
org.springframework:spring-beans:5.3.27,org.springframework:spring-beans:6.0.2,45.0
org.springframework:spring-beans:5.3.27,org.springframework:spring-beans:5.3.31,1.0
org.springframework:spring-beans:5.3.27,org.springframework:spring-beans:6.0.21,49.0
org.springframework:spring-beans:5.3.27,org.springframework:spring-beans:6.1.8,55.0
org.springframework:spring-beans:5.3.27,org.springframework:spring-beans:5.3.17,3.0
org.springframework:spring-beans:5.3.27,org.springframework:spring-beans:6.0.18,49.0
org.springframework:spring-beans:5.3.27,org.springframework:spring-beans:6.1.1,54.0
org.springframework:spring-beans:5.3.27,org.springframework:spring-beans:6.1.0,54.0
org.springframework:spring-beans:5.3.27,org.springframework:spring-beans:6.0.15,49.0
org.springframework:spring-beans:5.3.27,org.springframework:spring-beans:5.3.4,13.0
org.springframework:spring-beans:5.3.27,org.springframework:spring-beans:6.0.14,49.0
org.springframework:spring-beans:5.3.27,org.springframework:spring-beans:5.3.18,3.0
org.springframework:spring-beans:5.3.27,org.springframework:spring-beans:5.3.19,3.0
org.springframework:spring-beans:5.3.27,org.springframework:spring-beans:6.1.9,55.0
org.springframework:spring-beans:5.3.27,org.springframework:spring-beans:6.0.11,49.0
org.springframework:spring-beans:5.3.27,org.springframework:spring-beans:6.0.10,49.0
org.springframework:spring-beans:5.3.27,org.springframework:spring-beans:6.0.13,49.0
org.springframework:spring-beans:5.3.27,org.springframework:spring-beans:6.0.12,49.0
org.springframework:spring-beans:5.3.27,org.springframework:spring-beans:5.2.0.RELEASE,28.0
org.springframework:spring-beans:5.3.27,org.springframework:spring-beans:5.3.25,0.0
org.springframework:spring-beans:5.3.27,org.springframework:spring-beans:5.3.26,0.0
org.springframework:spring-beans:5.3.27,org.springframework:spring-beans:5.3.23,3.0
org.springframework:spring-beans:5.3.27,org.springframework:spring-beans:5.3.24,0.0
org.springframework:spring-beans:5.3.27,org.springframework:spring-beans:6.0.17,49.0
org.springframework:spring-beans:5.3.27,org.springframework:spring-beans:6.0.16,49.0
org.springframework:spring-beans:5.3.27,org.springframework:spring-beans:5.3.29,0.0
org.apache.tomcat.embed:tomcat-embed-core:10.1.15,org.apache.tomcat.embed:tomcat-embed-core:10.1.25,58.0
org.apache.tomcat.embed:tomcat-embed-core:10.1.15,org.apache.tomcat.embed:tomcat-embed-core:10.1.24,51.0
org.apache.tomcat.embed:tomcat-embed-core:10.1.15,org.apache.tomcat.embed:tomcat-embed-core:9.0.68,497.0
org.apache.tomcat.embed:tomcat-embed-core:10.1.15,org.apache.tomcat.embed:tomcat-embed-core:10.1.7,70.0
org.apache.tomcat.embed:tomcat-embed-core:10.1.15,org.apache.tomcat.embed:tomcat-embed-core:10.1.8,55.0
org.apache.tomcat.embed:tomcat-embed-core:10.1.15,org.apache.tomcat.embed:tomcat-embed-core:8.5.100,538.0
org.apache.tomcat.embed:tomcat-embed-core:10.1.15,org.apache.tomcat.embed:tomcat-embed-core:10.1.4,139.0
org.apache.tomcat.embed:tomcat-embed-core:10.1.15,org.apache.tomcat.embed:tomcat-embed-core:10.1.5,136.0
org.apache.tomcat.embed:tomcat-embed-core:10.1.15,org.apache.tomcat.embed:tomcat-embed-core:9.0.83,405.0
org.apache.tomcat.embed:tomcat-embed-core:10.1.15,org.apache.tomcat.embed:tomcat-embed-core:10.1.19,21.0
org.apache.tomcat.embed:tomcat-embed-core:10.1.15,org.apache.tomcat.embed:tomcat-embed-core:8.5.96,533.0
org.apache.tomcat.embed:tomcat-embed-core:10.1.15,org.apache.tomcat.embed:tomcat-embed-core:8.5.93,531.0
org.apache.tomcat.embed:tomcat-embed-core:10.1.15,org.apache.tomcat.embed:tomcat-embed-core:10.1.20,34.0
org.apache.tomcat.embed:tomcat-embed-core:10.1.15,org.apache.tomcat.embed:tomcat-embed-core:8.5.99,535.0
org.apache.tomcat.embed:tomcat-embed-core:10.1.15,org.apache.tomcat.embed:tomcat-embed-core:8.5.98,535.0
org.apache.tomcat.embed:tomcat-embed-core:10.1.15,org.apache.tomcat.embed:tomcat-embed-core:8.5.78,632.0
org.apache.tomcat.embed:tomcat-embed-core:10.1.15,org.apache.tomcat.embed:tomcat-embed-core:9.0.71,482.0
org.apache.tomcat.embed:tomcat-embed-core:10.1.15,org.apache.tomcat.embed:tomcat-embed-core:10.1.28,75.0
org.apache.tomcat.embed:tomcat-embed-core:10.1.15,org.apache.tomcat.embed:tomcat-embed-core:9.0.70,484.0
org.apache.tomcat.embed:tomcat-embed-core:10.1.15,org.apache.tomcat.embed:tomcat-embed-core:10.1.26,61.0
org.apache.tomcat.embed:tomcat-embed-core:10.1.16,org.apache.tomcat.embed:tomcat-embed-core:10.1.17,1.0
org.apache.tomcat.embed:tomcat-embed-core:10.1.16,org.apache.tomcat.embed:tomcat-embed-core:9.0.80,407.0
org.apache.tomcat.embed:tomcat-embed-core:10.1.16,org.apache.tomcat.embed:tomcat-embed-core:10.1.15,10.0
org.apache.tomcat.embed:tomcat-embed-core:10.1.16,org.apache.tomcat.embed:tomcat-embed-core:10.1.13,18.0
org.apache.tomcat.embed:tomcat-embed-core:10.1.16,org.apache.tomcat.embed:tomcat-embed-core:10.1.12,18.0
org.apache.tomcat.embed:tomcat-embed-core:10.1.16,org.apache.tomcat.embed:tomcat-embed-core:9.0.79,407.0
org.apache.tomcat.embed:tomcat-embed-core:10.1.16,org.apache.tomcat.embed:tomcat-embed-core:9.0.78,410.0
org.apache.tomcat.embed:tomcat-embed-core:10.1.16,org.apache.tomcat.embed:tomcat-embed-core:9.0.76,413.0
org.apache.tomcat.embed:tomcat-embed-core:10.1.15,org.apache.tomcat.embed:tomcat-embed-core:9.0.69,493.0
org.apache.tomcat.embed:tomcat-embed-core:10.1.15,org.apache.tomcat.embed:tomcat-embed-core:8.5.82,627.0
org.apache.tomcat.embed:tomcat-embed-core:10.1.16,org.apache.tomcat.embed:tomcat-embed-core:8.5.69,664.0
org.apache.tomcat.embed:tomcat-embed-core:10.1.16,org.apache.tomcat.embed:tomcat-embed-core:10.1.10,29.0
org.apache.tomcat.embed:tomcat-embed-core:10.1.16,org.apache.tomcat.embed:tomcat-embed-core:8.5.65,672.0
org.apache.tomcat.embed:tomcat-embed-core:10.1.16,org.apache.tomcat.embed:tomcat-embed-core:8.5.87,577.0
org.apache.tomcat.embed:tomcat-embed-core:10.1.16,org.apache.tomcat.embed:tomcat-embed-core:8.5.46,757.0
org.apache.tomcat.embed:tomcat-embed-core:10.1.16,org.apache.tomcat.embed:tomcat-embed-core:9.0.82,406.0
org.apache.tomcat.embed:tomcat-embed-core:10.1.16,org.apache.tomcat.embed:tomcat-embed-core:10.1.18,10.0
org.apache.tomcat.embed:tomcat-embed-core:10.1.16,org.apache.tomcat.embed:tomcat-embed-core:8.5.78,636.0
org.apache.tomcat.embed:tomcat-embed-core:10.1.16,org.apache.tomcat.embed:tomcat-embed-core:9.0.71,486.0
org.apache.tomcat.embed:tomcat-embed-core:10.1.16,org.apache.tomcat.embed:tomcat-embed-core:10.1.28,70.0
org.apache.tomcat.embed:tomcat-embed-core:10.1.16,org.apache.tomcat.embed:tomcat-embed-core:9.0.70,488.0
org.apache.tomcat.embed:tomcat-embed-core:10.1.16,org.apache.tomcat.embed:tomcat-embed-core:10.1.26,56.0
org.apache.tomcat.embed:tomcat-embed-core:10.1.16,org.apache.tomcat.embed:tomcat-embed-core:10.1.25,52.0
org.apache.tomcat.embed:tomcat-embed-core:10.1.16,org.apache.tomcat.embed:tomcat-embed-core:10.1.24,45.0
org.apache.tomcat.embed:tomcat-embed-core:10.1.16,org.apache.tomcat.embed:tomcat-embed-core:9.0.68,501.0
org.apache.tomcat.embed:tomcat-embed-core:10.1.16,org.apache.tomcat.embed:tomcat-embed-core:10.1.7,77.0
org.apache.tomcat.embed:tomcat-embed-core:10.1.16,org.apache.tomcat.embed:tomcat-embed-core:8.5.98,531.0
org.apache.tomcat.embed:tomcat-embed-core:10.1.16,org.apache.tomcat.embed:tomcat-embed-core:9.0.75,434.0
org.apache.tomcat.embed:tomcat-embed-core:10.1.16,org.apache.tomcat.embed:tomcat-embed-core:9.0.74,436.0
org.apache.tomcat.embed:tomcat-embed-core:10.1.16,org.apache.tomcat.embed:tomcat-embed-core:9.0.73,442.0
org.apache.tomcat.embed:tomcat-embed-core:10.1.16,org.apache.tomcat.embed:tomcat-embed-core:8.5.95,534.0
org.apache.tomcat.embed:tomcat-embed-core:10.1.16,org.apache.tomcat.embed:tomcat-embed-core:8.5.72,656.0
org.apache.tomcat.embed:tomcat-embed-core:10.1.16,org.apache.tomcat.embed:tomcat-embed-core:8.5.97,529.0
org.apache.tomcat.embed:tomcat-embed-core:10.1.16,org.apache.tomcat.embed:tomcat-embed-core:8.5.96,528.0
org.apache.tomcat.embed:tomcat-embed-core:10.1.16,org.apache.tomcat.embed:tomcat-embed-core:8.5.93,537.0
org.apache.tomcat.embed:tomcat-embed-core:10.1.16,org.apache.tomcat.embed:tomcat-embed-core:10.1.20,28.0
org.apache.tomcat.embed:tomcat-embed-core:10.1.16,org.apache.tomcat.embed:tomcat-embed-core:8.5.99,532.0
org.springframework:spring-core:5.3.27,org.springframework:spring-core:6.0.20,133.0
org.springframework:spring-core:5.3.27,org.springframework:spring-core:6.0.10,129.0
org.springframework:spring-core:5.3.27,org.springframework:spring-core:6.0.11,129.0
org.springframework:spring-core:5.3.27,org.springframework:spring-core:6.0.18,133.0
org.springframework:spring-core:5.3.27,org.springframework:spring-core:6.0.16,133.0
org.springframework:spring-core:5.3.27,org.springframework:spring-core:6.0.17,133.0
org.springframework:spring-core:5.3.27,org.springframework:spring-core:6.1.3,154.0
org.springframework:spring-core:5.3.27,org.springframework:spring-core:6.1.2,153.0
org.springframework:spring-core:5.3.27,org.springframework:spring-core:6.1.1,153.0
org.springframework:spring-core:5.3.27,org.springframework:spring-core:6.1.0,153.0
org.springframework:spring-core:5.3.27,org.springframework:spring-core:6.0.21,133.0
org.apache.tomcat.embed:tomcat-embed-core:10.1.13,org.apache.tomcat.embed:tomcat-embed-core:8.5.46,753.0
org.apache.tomcat.embed:tomcat-embed-core:10.1.13,org.apache.tomcat.embed:tomcat-embed-core:9.0.82,401.0
org.apache.tomcat.embed:tomcat-embed-core:10.1.13,org.apache.tomcat.embed:tomcat-embed-core:10.1.18,25.0
org.apache.tomcat.embed:tomcat-embed-core:10.1.13,org.apache.tomcat.embed:tomcat-embed-core:10.1.17,17.0
org.apache.tomcat.embed:tomcat-embed-core:10.1.13,org.apache.tomcat.embed:tomcat-embed-core:10.1.16,16.0
org.apache.tomcat.embed:tomcat-embed-core:10.1.13,org.apache.tomcat.embed:tomcat-embed-core:9.0.80,399.0
org.apache.tomcat.embed:tomcat-embed-core:10.1.13,org.apache.tomcat.embed:tomcat-embed-core:10.1.15,8.0
org.springframework:spring-core:5.3.27,org.springframework:spring-core:5.3.17,21.0
org.springframework:spring-core:5.3.27,org.springframework:spring-core:5.3.15,23.0
org.springframework:spring-core:5.3.27,org.springframework:spring-core:5.3.4,38.0
org.springframework:spring-core:5.3.27,org.springframework:spring-core:5.3.9,27.0
org.springframework:spring-core:5.3.27,org.springframework:spring-core:6.1.9,157.0
org.springframework:spring-core:5.3.27,org.springframework:spring-core:6.1.8,157.0
org.springframework:spring-core:5.3.27,org.springframework:spring-core:6.1.7,157.0
org.springframework:spring-core:5.3.27,org.springframework:spring-core:6.1.5,156.0
org.springframework:spring-core:5.3.27,org.springframework:spring-core:6.1.4,155.0
org.springframework:spring-core:5.3.27,org.springframework:spring-core:5.3.20,16.0
org.springframework:spring-core:5.3.27,org.springframework:spring-core:3.0.3.RELEASE,609.0
org.apache.tomcat.embed:tomcat-embed-core:10.1.13,org.apache.tomcat.embed:tomcat-embed-core:10.1.10,13.0
org.apache.tomcat.embed:tomcat-embed-core:10.1.13,org.apache.tomcat.embed:tomcat-embed-core:8.5.65,668.0
org.apache.tomcat.embed:tomcat-embed-core:10.1.13,org.apache.tomcat.embed:tomcat-embed-core:8.5.87,571.0
org.apache.tomcat.embed:tomcat-embed-core:10.1.16,org.apache.tomcat.embed:tomcat-embed-core:10.1.4,145.0
org.apache.tomcat.embed:tomcat-embed-core:10.1.16,org.apache.tomcat.embed:tomcat-embed-core:10.1.5,142.0
org.apache.tomcat.embed:tomcat-embed-core:10.1.16,org.apache.tomcat.embed:tomcat-embed-core:9.0.83,400.0
org.apache.tomcat.embed:tomcat-embed-core:10.1.16,org.apache.tomcat.embed:tomcat-embed-core:10.1.19,15.0
org.apache.tomcat.embed:tomcat-embed-core:10.1.16,org.apache.tomcat.embed:tomcat-embed-core:9.0.69,497.0
org.apache.tomcat.embed:tomcat-embed-core:10.1.16,org.apache.tomcat.embed:tomcat-embed-core:8.5.82,631.0
org.apache.tomcat.embed:tomcat-embed-core:10.1.13,org.apache.tomcat.embed:tomcat-embed-core:8.5.69,660.0
org.springframework:spring-core:5.3.27,org.springframework:spring-core:6.1.11,157.0
org.springframework:spring-core:5.3.27,org.springframework:spring-core:6.1.10,157.0
org.springframework:spring-core:5.3.27,org.springframework:spring-core:5.3.31,9.0
org.springframework:spring-core:5.3.27,org.springframework:spring-core:5.3.19,18.0
org.springframework:spring-core:5.3.27,org.springframework:spring-core:5.3.18,20.0
org.springframework:spring-core:5.3.27,org.springframework:spring-core:5.2.0.RELEASE,93.0
org.springframework:spring-core:5.3.27,org.springframework:spring-core:6.0.4,122.0
org.springframework:spring-core:5.3.27,org.springframework:spring-core:6.0.3,122.0
org.springframework:spring-core:5.3.27,org.springframework:spring-core:6.0.2,123.0
org.springframework:spring-core:5.3.27,org.springframework:spring-core:6.0.0,123.0
org.springframework:spring-core:5.3.27,org.springframework:spring-core:6.1.12,157.0
org.apache.tomcat.embed:tomcat-embed-core:10.1.16,org.apache.tomcat.embed:tomcat-embed-core:10.1.8,62.0
org.apache.tomcat.embed:tomcat-embed-core:10.1.16,org.apache.tomcat.embed:tomcat-embed-core:8.5.100,535.0
io.netty:netty-handler:4.1.101.Final,io.netty:netty-handler:4.1.104.Final,0.0
io.netty:netty-handler:4.1.101.Final,io.netty:netty-handler:4.1.75.Final,22.0
org.springframework:spring-expression:5.3.27,org.springframework:spring-expression:6.1.4,18.0
org.springframework:spring-expression:5.3.27,org.springframework:spring-expression:6.1.3,15.0
org.springframework:spring-expression:5.3.27,org.springframework:spring-expression:6.1.5,18.0
org.springframework:spring-expression:5.3.27,org.springframework:spring-expression:6.1.8,21.0
org.springframework:spring-expression:5.3.27,org.springframework:spring-expression:6.1.7,21.0
org.springframework:spring-expression:5.3.27,org.springframework:spring-expression:6.1.9,21.0
org.springframework:spring-expression:5.3.27,org.springframework:spring-expression:6.1.0,13.0
org.springframework:spring-expression:5.3.27,org.springframework:spring-expression:5.3.19,10.0
org.springframework:spring-expression:5.3.27,org.springframework:spring-expression:6.1.2,15.0
org.springframework:spring-expression:5.3.27,org.springframework:spring-expression:6.1.1,15.0
org.springframework:spring-expression:5.3.27,org.springframework:spring-expression:5.3.15,11.0
org.springframework:spring-expression:5.3.27,org.springframework:spring-expression:5.3.18,10.0
org.springframework:spring-expression:5.3.27,org.springframework:spring-expression:5.3.17,10.0
org.springframework:spring-expression:5.3.27,org.springframework:spring-expression:6.0.21,9.0
org.springframework:spring-expression:5.3.27,org.springframework:spring-expression:6.0.20,9.0
org.springframework:spring-expression:5.3.27,org.springframework:spring-expression:6.0.5,13.0
org.springframework:spring-expression:5.3.27,org.springframework:spring-expression:6.0.18,9.0
org.springframework:spring-expression:5.3.27,org.springframework:spring-expression:6.0.4,13.0
org.springframework:spring-expression:5.3.27,org.springframework:spring-expression:6.0.17,9.0
org.springframework:spring-expression:5.3.27,org.springframework:spring-expression:6.0.7,12.0
org.springframework:spring-expression:5.3.27,org.springframework:spring-expression:6.0.6,13.0
org.springframework:spring-expression:5.3.27,org.springframework:spring-expression:6.0.9,8.0
org.springframework:spring-expression:5.3.27,org.springframework:spring-expression:6.0.8,7.0
org.springframework:spring-expression:5.3.27,org.springframework:spring-expression:6.0.0,13.0
org.springframework:spring-expression:5.3.27,org.springframework:spring-expression:6.0.3,13.0
org.springframework:spring-expression:5.3.27,org.springframework:spring-expression:6.0.2,13.0
org.springframework:spring-expression:5.3.27,org.springframework:spring-expression:6.0.10,8.0
org.springframework:spring-expression:5.3.27,org.springframework:spring-expression:5.3.30,1.0
org.springframework:spring-expression:5.3.27,org.springframework:spring-expression:6.0.12,8.0
org.springframework:spring-expression:5.3.27,org.springframework:spring-expression:5.3.31,1.0
io.netty:netty-transport:4.1.101.Final,io.netty:netty-transport:4.1.43.Final,48.0
io.netty:netty-transport:4.1.101.Final,io.netty:netty-transport:4.1.96.Final,3.0
io.netty:netty-transport:4.1.101.Final,io.netty:netty-transport:4.1.109.Final,2.0
io.netty:netty-transport:4.1.101.Final,io.netty:netty-transport:4.1.91.Final,5.0
io.netty:netty-transport:4.1.101.Final,io.netty:netty-transport:4.1.86.Final,6.0
io.zipkin.brave:brave:5.13.11,io.zipkin.brave:brave:5.13.7,0.0
io.netty:netty-common:4.1.101.Final,io.netty:netty-common:4.1.5.Final,159.0
io.netty:netty-common:4.1.101.Final,io.netty:netty-common:4.1.85.Final,13.0
org.springframework:spring-web:6.0.14,org.springframework:spring-web:6.1.4,105.0
io.netty:netty-common:4.1.101.Final,io.netty:netty-common:4.1.109.Final,0.0
org.springframework:spring-web:6.0.14,org.springframework:spring-web:5.3.22,374.0
io.netty:netty-transport:4.1.101.Final,io.netty:netty-transport:4.1.81.Final,9.0
org.springframework:spring-web:6.0.14,org.springframework:spring-web:6.1.9,108.0
org.springframework:spring-web:6.0.14,org.springframework:spring-web:5.3.23,374.0
org.springframework:spring-web:6.0.14,org.springframework:spring-web:5.3.20,375.0
org.springframework:spring-web:6.0.14,org.springframework:spring-web:6.1.5,107.0
org.springframework:spring-web:6.0.14,org.springframework:spring-web:6.1.7,107.0
org.springframework:spring-web:6.0.14,org.springframework:spring-web:6.1.8,107.0
org.springframework:spring-web:6.0.14,org.springframework:spring-web:6.1.1,90.0
org.springframework:spring-web:6.0.14,org.springframework:spring-web:6.1.2,91.0
org.springframework:spring-web:6.0.14,org.springframework:spring-web:6.1.3,97.0
io.netty:netty-transport:4.1.101.Final,io.netty:netty-transport:4.1.107.Final,0.0
io.netty:netty-transport:4.1.101.Final,io.netty:netty-transport:4.1.75.Final,18.0
io.netty:netty-transport:4.1.101.Final,io.netty:netty-transport:4.1.93.Final,5.0
io.netty:netty-transport:4.1.101.Final,io.netty:netty-transport:4.1.110.Final,3.0
io.netty:netty-transport:4.1.101.Final,io.netty:netty-transport:4.1.70.Final,20.0
io.netty:netty-transport:4.1.101.Final,io.netty:netty-transport:4.1.112.Final,4.0
io.netty:netty-transport:4.1.101.Final,io.netty:netty-transport:4.1.85.Final,6.0
io.netty:netty-transport:4.1.101.Final,io.netty:netty-transport:4.1.39.Final,49.0
io.netty:netty-transport:4.1.101.Final,io.netty:netty-transport:4.1.104.Final,0.0
io.netty:netty-transport:4.1.101.Final,io.netty:netty-transport:4.1.108.Final,1.0
org.springframework:spring-expression:6.1.10,org.springframework:spring-expression:5.2.0.RELEASE,28.0
io.netty:netty-transport:4.1.101.Final,io.netty:netty-transport:4.1.17.Final,68.0
org.springframework:spring-expression:6.1.10,org.springframework:spring-expression:5.3.20,26.0
org.springframework:spring-expression:6.1.10,org.springframework:spring-expression:6.1.12,3.0
org.springframework:spring-web:6.0.14,org.springframework:spring-web:5.3.26,371.0
org.springframework:spring-web:6.0.14,org.springframework:spring-web:5.3.4,394.0
org.springframework:spring-web:6.0.14,org.springframework:spring-web:5.3.24,374.0
org.springframework:spring-web:6.0.14,org.springframework:spring-web:5.3.25,371.0
org.springframework:spring-web:6.0.14,org.springframework:spring-web:5.3.28,371.0
org.springframework:spring-web:6.0.14,org.springframework:spring-web:5.3.29,370.0
io.netty:netty-transport:4.1.101.Final,io.netty:netty-transport:4.1.99.Final,3.0
io.netty:netty-transport:4.1.101.Final,io.netty:netty-transport:4.1.89.Final,6.0
io.netty:netty-transport:4.1.101.Final,io.netty:netty-transport:4.1.79.Final,12.0
io.netty:netty-transport:4.1.101.Final,io.netty:netty-transport:4.1.97.Final,3.0
io.netty:netty-transport:4.1.101.Final,io.netty:netty-transport:4.1.87.Final,6.0
org.springframework:spring-web:6.0.14,org.springframework:spring-web:6.0.4,35.0
io.netty:netty-transport:4.1.101.Final,io.netty:netty-transport:4.1.5.Final,85.0
org.springframework:spring-web:6.0.14,org.springframework:spring-web:6.0.12,1.0
io.netty:netty-transport:4.1.101.Final,io.netty:netty-transport:4.1.92.Final,5.0
org.springframework:spring-web:6.0.14,org.springframework:spring-web:6.0.5,17.0
io.netty:netty-transport:4.1.101.Final,io.netty:netty-transport:4.1.82.Final,9.0
org.springframework:spring-web:6.0.14,org.springframework:spring-web:6.0.15,0.0
io.netty:netty-transport:4.1.101.Final,io.netty:netty-transport:4.1.51.Final,41.0
org.springframework:spring-web:6.0.14,org.springframework:spring-web:6.0.9,6.0
io.netty:netty-transport:4.1.101.Final,io.netty:netty-transport:4.1.111.Final,4.0
org.springframework:spring-web:6.0.14,org.springframework:spring-web:6.0.16,5.0
io.netty:netty-transport:4.1.101.Final,io.netty:netty-transport:4.1.106.Final,0.0
org.springframework:spring-web:6.0.14,org.springframework:spring-web:6.0.2,53.0
org.springframework:spring-web:6.0.14,org.springframework:spring-web:6.0.13,1.0
org.springframework:spring-web:6.0.14,org.springframework:spring-web:6.0.3,38.0
org.springframework:spring-web:6.0.14,org.springframework:spring-web:6.0.11,1.0
io.netty:netty-tcnative:2.0.62.Final,io.netty:netty-tcnative:1.1.33.Fork21,0.0
io.netty:netty-tcnative:2.0.62.Final,io.netty:netty-tcnative:2.0.26.Final,0.0
io.netty:netty-tcnative:2.0.62.Final,io.netty:netty-tcnative:2.0.61.Final,0.0
io.netty:netty-tcnative:2.0.62.Final,io.netty:netty-tcnative:2.0.58.Final,0.0
org.springframework:spring-web:6.0.14,org.springframework:spring-web:6.0.18,11.0
io.netty:netty-transport:4.1.101.Final,io.netty:netty-transport:4.1.94.Final,5.0
org.springframework:spring-web:6.0.14,org.springframework:spring-web:6.0.8,8.0
io.netty:netty-transport:4.1.101.Final,io.netty:netty-transport:4.1.84.Final,7.0
org.springframework:spring-web:6.0.14,org.springframework:spring-web:6.1.0,90.0
io.netty:netty-tcnative:2.0.62.Final,io.netty:netty-tcnative:2.0.65.Final,0.0
org.springframework:spring-web:6.0.14,org.springframework:spring-web:5.3.9,382.0
org.springframework:spring-web:6.0.14,org.springframework:spring-web:5.3.30,370.0
io.netty:netty-tcnative:2.0.62.Final,io.netty:netty-tcnative:2.0.7.Final,0.0
org.springframework:spring-web:6.0.14,org.springframework:spring-web:5.3.31,370.0
io.netty:netty-tcnative:2.0.62.Final,io.netty:netty-tcnative:2.0.31.Final,0.0
org.springframework:spring-web:6.0.14,org.springframework:spring-web:6.0.20,11.0
org.springframework:spring-web:6.0.14,org.springframework:spring-web:6.0.21,11.0
org.springframework:spring-web:6.0.14,org.springframework:spring-web:6.0.6,14.0
org.springframework:spring-web:6.0.14,org.springframework:spring-web:6.0.17,9.0
org.springframework:spring-web:6.0.14,org.springframework:spring-web:6.0.7,14.0
io.reactivex:rxjava:1.3.8,io.reactivex:rxjava:1.2.0,123.0
io.netty:netty-tcnative:2.0.62.Final,io.netty:netty-tcnative:2.0.54.Final,0.0
io.netty:netty-tcnative:2.0.62.Final,io.netty:netty-tcnative:2.0.51.Final,0.0
io.netty:netty-tcnative:2.0.62.Final,io.netty:netty-tcnative:2.0.25.Final,0.0
io.netty:netty-tcnative:2.0.62.Final,io.netty:netty-tcnative:2.0.44.Final,0.0
org.springframework:spring-beans:6.0.14,org.springframework:spring-beans:6.1.10,21.0
org.jetbrains.kotlin:kotlin-stdlib:1.7.21,org.jetbrains.kotlin:kotlin-stdlib:1.6.20,40.0
org.springframework:spring-beans:6.0.14,org.springframework:spring-beans:6.0.4,14.0
org.jetbrains.kotlin:kotlin-stdlib:1.7.21,org.jetbrains.kotlin:kotlin-stdlib:1.5.30,90.0
org.springframework:spring-beans:6.0.14,org.springframework:spring-beans:6.0.3,15.0
org.jetbrains.kotlin:kotlin-stdlib:1.7.21,org.jetbrains.kotlin:kotlin-stdlib:1.8.20,18.0
org.springframework:spring-beans:6.0.14,org.springframework:spring-beans:6.0.6,14.0
org.jetbrains.kotlin:kotlin-stdlib:1.7.21,org.jetbrains.kotlin:kotlin-stdlib:1.4.21,117.0
org.springframework:spring-beans:6.0.14,org.springframework:spring-beans:6.0.5,14.0
org.jetbrains.kotlin:kotlin-stdlib:1.7.21,org.jetbrains.kotlin:kotlin-stdlib:1.3.31,239.0
org.springframework:spring-beans:6.0.14,org.springframework:spring-beans:3.0.3.RELEASE,191.0
org.jetbrains.kotlin:kotlin-stdlib:1.7.21,org.jetbrains.kotlin:kotlin-stdlib:1.7.10,13.0
org.springframework:spring-web:6.0.14,org.springframework:spring-web:6.1.10,108.0
org.jetbrains.kotlin:kotlin-stdlib:1.7.21,org.jetbrains.kotlin:kotlin-stdlib:1.8.22,18.0
org.springframework:spring-web:6.0.14,org.springframework:spring-web:6.1.11,108.0
org.jetbrains.kotlin:kotlin-stdlib:1.7.21,org.jetbrains.kotlin:kotlin-stdlib:1.5.32,90.0
org.springframework:spring-beans:6.0.14,org.springframework:spring-beans:6.1.11,21.0
org.jetbrains.kotlin:kotlin-stdlib:1.7.21,org.jetbrains.kotlin:kotlin-stdlib:1.6.21,40.0
org.springframework:spring-beans:6.0.14,org.springframework:spring-beans:6.1.12,21.0
org.jetbrains.kotlin:kotlin-stdlib:1.7.21,org.jetbrains.kotlin:kotlin-stdlib:1.5.31,90.0
org.springframework:spring-web:6.0.14,org.springframework:spring-web:6.0.10,3.0
org.jetbrains.kotlin:kotlin-stdlib:1.7.21,org.jetbrains.kotlin:kotlin-stdlib:1.9.20,54.0
org.springframework:spring-web:6.0.14,org.springframework:spring-web:6.0.0,53.0
org.jetbrains.kotlin:kotlin-stdlib:1.7.21,org.jetbrains.kotlin:kotlin-stdlib:1.4.32,112.0
org.springframework:spring-web:6.0.14,org.springframework:spring-web:5.3.15,375.0
org.jetbrains.kotlin:kotlin-stdlib:1.7.21,org.jetbrains.kotlin:kotlin-stdlib:1.4.10,118.0
org.springframework:spring-web:6.0.14,org.springframework:spring-web:5.3.19,375.0
org.jetbrains.kotlin:kotlin-stdlib:1.7.21,org.jetbrains.kotlin:kotlin-stdlib:1.4.0,118.0
org.springframework:spring-web:6.0.14,org.springframework:spring-web:5.3.17,375.0
org.jetbrains.kotlin:kotlin-stdlib:1.7.21,org.jetbrains.kotlin:kotlin-stdlib:1.6.0,46.0
org.springframework:spring-web:6.0.14,org.springframework:spring-web:5.3.18,375.0
org.jetbrains.kotlin:kotlin-stdlib:1.7.21,org.jetbrains.kotlin:kotlin-stdlib:1.8.21,18.0
org.springframework:spring-web:6.0.14,org.springframework:spring-web:6.1.12,108.0
org.jetbrains.kotlin:kotlin-stdlib:1.7.21,org.jetbrains.kotlin:kotlin-stdlib:1.5.21,92.0
org.jetbrains.kotlin:kotlin-stdlib:1.7.21,org.jetbrains.kotlin:kotlin-stdlib:1.6.10,46.0
org.jetbrains.kotlin:kotlin-stdlib:1.7.21,org.jetbrains.kotlin:kotlin-stdlib:1.9.21,54.0
org.jetbrains.kotlin:kotlin-stdlib:1.7.21,org.jetbrains.kotlin:kotlin-stdlib:1.2.51,345.0
org.jetbrains.kotlin:kotlin-stdlib:1.7.21,org.jetbrains.kotlin:kotlin-stdlib:1.9.23,54.0
org.jetbrains.kotlin:kotlin-stdlib:1.7.21,org.jetbrains.kotlin:kotlin-stdlib:1.9.22,54.0
org.jetbrains.kotlin:kotlin-stdlib:1.7.21,org.jetbrains.kotlin:kotlin-stdlib:1.7.22,0.0
org.jetbrains.kotlin:kotlin-stdlib:1.7.21,org.jetbrains.kotlin:kotlin-stdlib:1.9.25,54.0
org.jetbrains.kotlin:kotlin-stdlib:1.7.21,org.jetbrains.kotlin:kotlin-stdlib:1.9.24,54.0
org.jetbrains.kotlin:kotlin-stdlib:1.7.21,org.jetbrains.kotlin:kotlin-stdlib:1.4.30,112.0
io.netty:netty-handler:4.1.101.Final,io.netty:netty-handler:4.1.5.Final,139.0
io.netty:netty-handler:4.1.101.Final,io.netty:netty-handler:4.1.87.Final,17.0
org.jetbrains.kotlin:kotlin-stdlib:1.7.21,org.jetbrains.kotlin:kotlin-stdlib:1.8.10,16.0
io.netty:netty-handler:4.1.101.Final,io.netty:netty-handler:4.1.43.Final,98.0
io.netty:netty-handler:4.1.101.Final,io.netty:netty-handler:4.1.39.Final,99.0
io.netty:netty-handler:4.1.101.Final,io.netty:netty-handler:4.1.91.Final,10.0
io.netty:netty-handler:4.1.101.Final,io.netty:netty-handler:4.1.82.Final,17.0
io.netty:netty-handler:4.1.101.Final,io.netty:netty-handler:4.1.86.Final,17.0
io.netty:netty-handler:4.1.101.Final,io.netty:netty-handler:4.1.96.Final,5.0
io.netty:netty-handler:4.1.101.Final,io.netty:netty-handler:4.1.107.Final,9.0
org.apache.tomcat.embed:tomcat-embed-core:10.1.18,org.apache.tomcat.embed:tomcat-embed-core:9.0.69,499.0
org.apache.tomcat.embed:tomcat-embed-core:10.1.18,org.apache.tomcat.embed:tomcat-embed-core:8.5.82,632.0
org.apache.tomcat.embed:tomcat-embed-core:10.1.15,org.apache.tomcat.embed:tomcat-embed-core:8.5.69,661.0
org.apache.tomcat.embed:tomcat-embed-core:10.1.15,org.apache.tomcat.embed:tomcat-embed-core:10.1.10,21.0
org.apache.tomcat.embed:tomcat-embed-core:10.1.15,org.apache.tomcat.embed:tomcat-embed-core:8.5.65,669.0
org.springframework:spring-oxm:5.3.27,org.springframework:spring-oxm:5.3.26,0.0
org.springframework:spring-oxm:5.3.27,org.springframework:spring-oxm:5.3.28,0.0
org.springframework:spring-oxm:5.3.27,org.springframework:spring-oxm:5.3.29,0.0
org.apache.tomcat.embed:tomcat-embed-core:10.1.18,org.apache.tomcat.embed:tomcat-embed-core:10.1.4,151.0
org.apache.tomcat.embed:tomcat-embed-core:10.1.18,org.apache.tomcat.embed:tomcat-embed-core:10.1.5,148.0
org.apache.tomcat.embed:tomcat-embed-core:10.1.18,org.apache.tomcat.embed:tomcat-embed-core:9.0.83,404.0
org.apache.tomcat.embed:tomcat-embed-core:10.1.18,org.apache.tomcat.embed:tomcat-embed-core:10.1.19,5.0
org.apache.tomcat.embed:tomcat-embed-core:10.1.18,org.apache.tomcat.embed:tomcat-embed-core:10.1.26,50.0
org.apache.tomcat.embed:tomcat-embed-core:10.1.18,org.apache.tomcat.embed:tomcat-embed-core:10.1.25,46.0
org.apache.tomcat.embed:tomcat-embed-core:10.1.18,org.apache.tomcat.embed:tomcat-embed-core:10.1.24,39.0
org.apache.tomcat.embed:tomcat-embed-core:10.1.18,org.apache.tomcat.embed:tomcat-embed-core:9.0.68,503.0
org.apache.tomcat.embed:tomcat-embed-core:10.1.18,org.apache.tomcat.embed:tomcat-embed-core:10.1.7,83.0
org.apache.tomcat.embed:tomcat-embed-core:10.1.18,org.apache.tomcat.embed:tomcat-embed-core:10.1.8,68.0
org.apache.tomcat.embed:tomcat-embed-core:10.1.18,org.apache.tomcat.embed:tomcat-embed-core:8.5.100,532.0
org.apache.tomcat.embed:tomcat-embed-core:10.1.18,org.apache.tomcat.embed:tomcat-embed-core:9.0.71,488.0
org.apache.tomcat.embed:tomcat-embed-core:10.1.18,org.apache.tomcat.embed:tomcat-embed-core:10.1.28,64.0
org.apache.tomcat.embed:tomcat-embed-core:10.1.18,org.apache.tomcat.embed:tomcat-embed-core:9.0.70,490.0
org.apache.tomcat.embed:tomcat-embed-core:10.1.15,org.apache.tomcat.embed:tomcat-embed-core:9.0.73,437.0
org.apache.tomcat.embed:tomcat-embed-core:10.1.15,org.apache.tomcat.embed:tomcat-embed-core:8.5.95,528.0
org.apache.tomcat.embed:tomcat-embed-core:10.1.15,org.apache.tomcat.embed:tomcat-embed-core:8.5.72,653.0
org.apache.tomcat.embed:tomcat-embed-core:10.1.15,org.apache.tomcat.embed:tomcat-embed-core:8.5.97,534.0
org.springframework:spring-beans:6.0.14,org.springframework:spring-beans:6.1.3,19.0
org.springframework:spring-beans:6.0.14,org.springframework:spring-beans:6.1.2,19.0
org.springframework:spring-beans:6.0.14,org.springframework:spring-beans:5.3.15,86.0
org.springframework:spring-beans:6.0.14,org.springframework:spring-beans:6.1.5,20.0
org.springframework:spring-beans:6.0.14,org.springframework:spring-beans:6.1.4,20.0
org.springframework:spring-beans:6.0.14,org.springframework:spring-beans:6.1.7,21.0
org.apache.tomcat.embed:tomcat-embed-core:10.1.15,org.apache.tomcat.embed:tomcat-embed-core:9.0.79,401.0
org.springframework:spring-beans:6.0.14,org.springframework:spring-beans:5.3.18,83.0
org.apache.tomcat.embed:tomcat-embed-core:10.1.15,org.apache.tomcat.embed:tomcat-embed-core:9.0.78,404.0
org.springframework:spring-beans:6.0.14,org.springframework:spring-beans:5.3.19,83.0
org.apache.tomcat.embed:tomcat-embed-core:10.1.15,org.apache.tomcat.embed:tomcat-embed-core:9.0.76,408.0
org.springframework:spring-beans:6.0.14,org.springframework:spring-beans:6.1.9,21.0
org.apache.tomcat.embed:tomcat-embed-core:10.1.15,org.apache.tomcat.embed:tomcat-embed-core:9.0.75,429.0
org.springframework:spring-beans:6.0.14,org.springframework:spring-beans:6.1.8,21.0
org.apache.tomcat.embed:tomcat-embed-core:10.1.15,org.apache.tomcat.embed:tomcat-embed-core:9.0.74,431.0
org.apache.tomcat.embed:tomcat-embed-core:10.1.15,org.apache.tomcat.embed:tomcat-embed-core:10.1.16,9.0
org.apache.tomcat.embed:tomcat-embed-core:10.1.15,org.apache.tomcat.embed:tomcat-embed-core:9.0.80,401.0
org.apache.tomcat.embed:tomcat-embed-core:10.1.15,org.apache.tomcat.embed:tomcat-embed-core:10.1.12,9.0
org.springframework:spring-beans:6.0.14,org.springframework:spring-beans:6.0.8,10.0
org.springframework:spring-beans:6.0.14,org.springframework:spring-beans:6.0.7,11.0
org.springframework:spring-beans:6.0.14,org.springframework:spring-beans:6.0.9,9.0
org.springframework:spring-beans:6.0.14,org.springframework:spring-beans:5.3.9,87.0
org.springframework:spring-beans:6.0.14,org.springframework:spring-beans:6.0.0,16.0
org.apache.tomcat.embed:tomcat-embed-core:10.1.15,org.apache.tomcat.embed:tomcat-embed-core:8.5.87,572.0
org.springframework:spring-beans:6.0.14,org.springframework:spring-beans:5.3.30,82.0
org.apache.tomcat.embed:tomcat-embed-core:10.1.15,org.apache.tomcat.embed:tomcat-embed-core:8.5.46,754.0
org.springframework:spring-beans:6.0.14,org.springframework:spring-beans:6.0.2,16.0
org.apache.tomcat.embed:tomcat-embed-core:10.1.15,org.apache.tomcat.embed:tomcat-embed-core:9.0.82,400.0
org.springframework:spring-beans:6.0.14,org.springframework:spring-beans:5.3.31,82.0
org.apache.tomcat.embed:tomcat-embed-core:10.1.15,org.apache.tomcat.embed:tomcat-embed-core:10.1.18,18.0
org.springframework:spring-beans:6.0.14,org.springframework:spring-beans:6.0.21,0.0
org.apache.tomcat.embed:tomcat-embed-core:10.1.15,org.apache.tomcat.embed:tomcat-embed-core:10.1.17,10.0
org.springframework:spring-beans:6.0.14,org.springframework:spring-beans:6.0.20,0.0
org.springframework:spring-beans:6.0.14,org.springframework:spring-beans:6.0.10,6.0
org.springframework:spring-beans:6.0.14,org.springframework:spring-beans:6.0.13,0.0
org.springframework:spring-beans:6.0.14,org.springframework:spring-beans:6.0.12,0.0
org.springframework:spring-beans:6.0.14,org.springframework:spring-beans:5.2.0.RELEASE,94.0
org.springframework:spring-beans:6.0.14,org.springframework:spring-beans:5.3.25,82.0
org.springframework:spring-beans:6.0.14,org.springframework:spring-beans:5.3.26,82.0
org.springframework:spring-beans:6.0.14,org.springframework:spring-beans:5.3.23,83.0
org.springframework:spring-beans:6.0.14,org.springframework:spring-beans:5.3.24,82.0
org.springframework:spring-beans:6.0.14,org.springframework:spring-beans:5.3.29,82.0
org.springframework:spring-beans:6.0.14,org.springframework:spring-beans:5.3.17,83.0
org.springframework:spring-beans:6.0.14,org.springframework:spring-beans:6.0.18,0.0
org.springframework:spring-beans:6.0.14,org.springframework:spring-beans:6.1.1,15.0
org.springframework:spring-beans:6.0.14,org.springframework:spring-beans:6.1.0,15.0
org.springframework:spring-beans:6.0.14,org.springframework:spring-beans:6.0.15,0.0
org.springframework:spring-beans:6.0.14,org.springframework:spring-beans:5.3.4,88.0
org.springframework:spring-beans:6.0.14,org.springframework:spring-beans:6.0.17,0.0
org.springframework:spring-beans:6.0.14,org.springframework:spring-beans:6.0.16,0.0
org.springframework:spring-beans:6.0.14,org.springframework:spring-beans:6.0.11,4.0
org.springframework:spring-expression:6.0.14,org.springframework:spring-expression:5.3.19,15.0
org.springframework:spring-expression:6.0.14,org.springframework:spring-expression:6.1.2,6.0
org.springframework:spring-expression:6.0.14,org.springframework:spring-expression:6.1.1,6.0
org.springframework:spring-expression:6.0.14,org.springframework:spring-expression:5.3.15,16.0
org.springframework:spring-expression:6.0.14,org.springframework:spring-expression:5.3.18,15.0
org.springframework:spring-expression:6.0.14,org.springframework:spring-expression:5.3.17,15.0
org.springframework:spring-expression:6.0.14,org.springframework:spring-expression:6.0.21,0.0
org.springframework:spring-expression:6.0.14,org.springframework:spring-expression:6.0.20,0.0
org.springframework:spring-expression:6.0.14,org.springframework:spring-expression:6.0.5,13.0
org.springframework:spring-expression:6.0.14,org.springframework:spring-expression:6.0.18,0.0
io.netty:netty-common:4.1.101.Final,io.netty:netty-common:4.1.104.Final,0.0
io.netty:netty-common:4.1.101.Final,io.netty:netty-common:4.1.112.Final,8.0
io.netty:netty-common:4.1.101.Final,io.netty:netty-common:4.1.70.Final,22.0
io.netty:netty-common:4.1.101.Final,io.netty:netty-common:4.1.87.Final,8.0
io.netty:netty-common:4.1.101.Final,io.netty:netty-common:4.1.17.Final,132.0
io.netty:netty-common:4.1.101.Final,io.netty:netty-common:4.1.97.Final,1.0
io.netty:netty-common:4.1.101.Final,io.netty:netty-common:4.1.93.Final,3.0
io.netty:netty-common:4.1.101.Final,io.netty:netty-common:4.1.79.Final,16.0
io.netty:netty-common:4.1.101.Final,io.netty:netty-common:4.1.110.Final,1.0
io.netty:netty-common:4.1.101.Final,io.netty:netty-common:4.1.106.Final,0.0
org.springframework:spring-beans:6.0.14,org.springframework:spring-beans:5.3.28,82.0
org.springframework:spring-beans:6.0.14,org.springframework:spring-beans:5.3.22,83.0
org.springframework:spring-beans:6.0.14,org.springframework:spring-beans:5.3.20,83.0
org.springframework:spring-expression:6.0.14,org.springframework:spring-expression:6.1.4,10.0
org.springframework:spring-expression:6.0.14,org.springframework:spring-expression:6.1.3,7.0
org.springframework:spring-expression:6.0.14,org.springframework:spring-expression:6.1.5,10.0
org.springframework:spring-expression:6.0.14,org.springframework:spring-expression:6.1.8,13.0
org.springframework:spring-expression:6.0.14,org.springframework:spring-expression:6.1.7,13.0
org.springframework:spring-expression:6.0.14,org.springframework:spring-expression:6.1.9,13.0
org.springframework:spring-expression:6.0.14,org.springframework:spring-expression:6.1.0,4.0
org.springframework.hateoas:spring-hateoas:1.5.4,org.springframework.hateoas:spring-hateoas:2.0.2,28.0
org.springframework.hateoas:spring-hateoas:1.5.4,org.springframework.hateoas:spring-hateoas:2.2.0,30.0
org.springframework.hateoas:spring-hateoas:1.5.4,org.springframework.hateoas:spring-hateoas:2.1.1,28.0
org.springframework.hateoas:spring-hateoas:1.5.4,org.springframework.hateoas:spring-hateoas:1.5.6,1.0
org.springframework.hateoas:spring-hateoas:1.5.4,org.springframework.hateoas:spring-hateoas:1.3.7,47.0
org.springframework.hateoas:spring-hateoas:1.5.4,org.springframework.hateoas:spring-hateoas:1.5.5,0.0
org.springframework.hateoas:spring-hateoas:1.5.4,org.springframework.hateoas:spring-hateoas:1.4.5,1.0
org.springframework.hateoas:spring-hateoas:1.5.4,org.springframework.hateoas:spring-hateoas:1.5.3,0.0
org.springframework.hateoas:spring-hateoas:1.5.4,org.springframework.hateoas:spring-hateoas:1.4.4,4.0
org.springframework.hateoas:spring-hateoas:1.5.4,org.springframework.hateoas:spring-hateoas:1.5.2,0.0
org.springframework.hateoas:spring-hateoas:1.5.4,org.springframework.hateoas:spring-hateoas:1.2.4,97.0
org.springframework.hateoas:spring-hateoas:1.5.4,org.springframework.hateoas:spring-hateoas:1.3.3,49.0
org.springframework.hateoas:spring-hateoas:1.5.4,org.springframework.hateoas:spring-hateoas:2.0.5,28.0
org.springframework.hateoas:spring-hateoas:1.5.4,org.springframework.hateoas:spring-hateoas:2.1.4,28.0
org.springframework.hateoas:spring-hateoas:1.5.4,org.springframework.hateoas:spring-hateoas:2.3.2,32.0
org.springframework.hateoas:spring-hateoas:1.5.4,org.springframework.hateoas:spring-hateoas:2.2.3,32.0
org.springframework.hateoas:spring-hateoas:1.5.4,org.springframework.hateoas:spring-hateoas:2.1.3,28.0
org.springframework.hateoas:spring-hateoas:1.5.4,org.springframework.hateoas:spring-hateoas:2.3.1,32.0
org.springframework.hateoas:spring-hateoas:1.5.4,org.springframework.hateoas:spring-hateoas:2.0.4,28.0
org.springframework:spring-core:6.0.21,org.springframework:spring-core:6.0.3,44.0
org.springframework:spring-core:6.0.21,org.springframework:spring-core:6.0.2,45.0
org.springframework:spring-core:6.0.21,org.springframework:spring-core:6.0.0,45.0
org.springframework:spring-core:6.0.21,org.springframework:spring-core:6.1.12,40.0
org.springframework:spring-core:6.0.21,org.springframework:spring-core:6.1.11,40.0
org.springframework:spring-core:6.0.21,org.springframework:spring-core:6.1.10,40.0
org.springframework:spring-core:6.0.21,org.springframework:spring-core:5.3.31,245.0
org.springframework:spring-core:6.0.21,org.springframework:spring-core:5.3.30,246.0
org.springframework:spring-core:6.0.21,org.springframework:spring-core:5.3.24,256.0
org.springframework:spring-core:6.0.21,org.springframework:spring-core:5.3.23,257.0
org.jetbrains.kotlin:kotlin-stdlib:1.6.21,org.jetbrains.kotlin:kotlin-stdlib:1.4.30,79.0
org.springframework.hateoas:spring-hateoas:1.5.4,org.springframework.hateoas:spring-hateoas:2.0.7,28.0
org.springframework.hateoas:spring-hateoas:1.5.4,org.springframework.hateoas:spring-hateoas:2.2.4,32.0
org.springframework.hateoas:spring-hateoas:1.5.4,org.springframework.hateoas:spring-hateoas:2.0.6,28.0
org.jetbrains.kotlin:kotlin-stdlib:1.6.21,org.jetbrains.kotlin:kotlin-stdlib:1.8.10,45.0
org.jetbrains.kotlin:kotlin-stdlib:1.6.21,org.jetbrains.kotlin:kotlin-stdlib:1.9.23,81.0
org.jetbrains.kotlin:kotlin-stdlib:1.6.21,org.jetbrains.kotlin:kotlin-stdlib:1.7.21,33.0
org.jetbrains.kotlin:kotlin-stdlib:1.6.21,org.jetbrains.kotlin:kotlin-stdlib:1.9.22,81.0
org.jetbrains.kotlin:kotlin-stdlib:1.6.21,org.jetbrains.kotlin:kotlin-stdlib:1.7.22,33.0
org.jetbrains.kotlin:kotlin-stdlib:1.6.21,org.jetbrains.kotlin:kotlin-stdlib:1.9.25,81.0
org.jetbrains.kotlin:kotlin-stdlib:1.6.21,org.jetbrains.kotlin:kotlin-stdlib:1.9.24,81.0
org.springframework:spring-core:6.0.21,org.springframework:spring-core:6.1.5,39.0
org.springframework:spring-core:6.0.21,org.springframework:spring-core:6.1.4,38.0
org.springframework:spring-core:6.0.21,org.springframework:spring-core:5.3.20,261.0
org.springframework:spring-core:6.0.21,org.springframework:spring-core:3.0.3.RELEASE,727.0
org.springframework:spring-core:6.0.21,org.springframework:spring-core:5.3.17,264.0
org.springframework:spring-core:6.0.21,org.springframework:spring-core:5.3.15,264.0
org.springframework:spring-core:6.0.21,org.springframework:spring-core:5.3.19,263.0
org.springframework:spring-core:6.0.21,org.springframework:spring-core:5.3.18,263.0
org.springframework:spring-core:6.0.21,org.springframework:spring-core:5.2.0.RELEASE,311.0
org.springframework:spring-core:6.0.21,org.springframework:spring-core:6.0.4,44.0
org.jetbrains.kotlin:kotlin-stdlib:1.6.21,org.jetbrains.kotlin:kotlin-stdlib:1.8.21,47.0
org.jetbrains.kotlin:kotlin-stdlib:1.6.21,org.jetbrains.kotlin:kotlin-stdlib:1.7.10,26.0
org.jetbrains.kotlin:kotlin-stdlib:1.6.21,org.jetbrains.kotlin:kotlin-stdlib:1.5.21,52.0
org.jetbrains.kotlin:kotlin-stdlib:1.6.21,org.jetbrains.kotlin:kotlin-stdlib:1.6.10,6.0
org.jetbrains.kotlin:kotlin-stdlib:1.6.21,org.jetbrains.kotlin:kotlin-stdlib:1.9.21,81.0
org.jetbrains.kotlin:kotlin-stdlib:1.6.21,org.jetbrains.kotlin:kotlin-stdlib:1.2.51,332.0
org.jetbrains.kotlin:kotlin-stdlib:1.6.21,org.jetbrains.kotlin:kotlin-stdlib:1.9.20,81.0
org.jetbrains.kotlin:kotlin-stdlib:1.6.21,org.jetbrains.kotlin:kotlin-stdlib:1.4.32,79.0
org.jetbrains.kotlin:kotlin-stdlib:1.6.21,org.jetbrains.kotlin:kotlin-stdlib:1.4.10,85.0
org.jetbrains.kotlin:kotlin-stdlib:1.6.21,org.jetbrains.kotlin:kotlin-stdlib:1.4.0,85.0
org.jetbrains.kotlin:kotlin-stdlib:1.6.21,org.jetbrains.kotlin:kotlin-stdlib:1.6.0,6.0
org.springframework:spring-core:6.0.21,org.springframework:spring-core:6.0.5,24.0
org.apache.tomcat.embed:tomcat-embed-core:10.1.18,org.apache.tomcat.embed:tomcat-embed-core:8.5.69,664.0
org.apache.tomcat.embed:tomcat-embed-core:10.1.18,org.apache.tomcat.embed:tomcat-embed-core:10.1.10,36.0
org.apache.tomcat.embed:tomcat-embed-core:10.1.18,org.apache.tomcat.embed:tomcat-embed-core:8.5.65,672.0
org.apache.tomcat.embed:tomcat-embed-core:10.1.18,org.apache.tomcat.embed:tomcat-embed-core:8.5.87,578.0
org.apache.tomcat.embed:tomcat-embed-core:10.1.18,org.apache.tomcat.embed:tomcat-embed-core:8.5.46,758.0
org.apache.tomcat.embed:tomcat-embed-core:10.1.18,org.apache.tomcat.embed:tomcat-embed-core:9.0.82,409.0
org.apache.tomcat.embed:tomcat-embed-core:10.1.18,org.apache.tomcat.embed:tomcat-embed-core:10.1.17,9.0
org.jetbrains.kotlin:kotlin-stdlib:1.6.21,org.jetbrains.kotlin:kotlin-stdlib:1.3.31,225.0
org.springframework:spring-oxm:5.3.27,org.springframework:spring-oxm:6.0.0,6.0
org.springframework:spring-oxm:5.3.27,org.springframework:spring-oxm:6.1.0,6.0
org.jetbrains.kotlin:kotlin-stdlib:1.6.21,org.jetbrains.kotlin:kotlin-stdlib:1.8.22,47.0
org.jetbrains.kotlin:kotlin-stdlib:1.6.21,org.jetbrains.kotlin:kotlin-stdlib:1.5.32,50.0
org.jetbrains.kotlin:kotlin-stdlib:1.6.21,org.jetbrains.kotlin:kotlin-stdlib:1.5.31,50.0
org.jetbrains.kotlin:kotlin-stdlib:1.6.21,org.jetbrains.kotlin:kotlin-stdlib:1.6.20,0.0
org.jetbrains.kotlin:kotlin-stdlib:1.6.21,org.jetbrains.kotlin:kotlin-stdlib:1.5.30,50.0
org.jetbrains.kotlin:kotlin-stdlib:1.6.21,org.jetbrains.kotlin:kotlin-stdlib:1.8.20,47.0
org.jetbrains.kotlin:kotlin-stdlib:1.6.21,org.jetbrains.kotlin:kotlin-stdlib:1.4.21,84.0
org.springframework:spring-core:6.0.21,org.springframework:spring-core:5.3.22,257.0
org.springframework:spring-core:6.0.21,org.springframework:spring-core:5.3.28,248.0
org.springframework:spring-core:6.0.21,org.springframework:spring-core:5.3.26,249.0
org.springframework:spring-core:6.0.21,org.springframework:spring-core:5.3.25,256.0
org.springframework:spring-core:6.0.21,org.springframework:spring-core:6.0.9,19.0
org.springframework:spring-core:6.0.21,org.springframework:spring-core:5.3.29,248.0
org.springframework:spring-core:6.0.21,org.springframework:spring-core:6.0.8,22.0
org.springframework:spring-core:6.0.21,org.springframework:spring-core:6.0.7,24.0
org.springframework:spring-core:6.0.21,org.springframework:spring-core:6.0.6,24.0
org.springframework:spring-oxm:5.3.27,org.springframework:spring-oxm:6.1.12,6.0
org.springframework:spring-oxm:5.3.27,org.springframework:spring-oxm:6.1.2,6.0
org.springframework:spring-oxm:5.3.27,org.springframework:spring-oxm:6.1.3,6.0
org.springframework:spring-oxm:5.3.27,org.springframework:spring-oxm:6.0.4,6.0
org.springframework:spring-oxm:5.3.27,org.springframework:spring-oxm:6.0.20,6.0
org.springframework:spring-oxm:5.3.27,org.springframework:spring-oxm:6.0.6,6.0
org.springframework:spring-oxm:5.3.27,org.springframework:spring-oxm:6.1.5,6.0
org.springframework:spring-oxm:5.3.27,org.springframework:spring-oxm:6.0.7,6.0
org.springframework:spring-oxm:5.3.27,org.springframework:spring-oxm:6.1.7,6.0
org.springframework:spring-oxm:5.3.27,org.springframework:spring-oxm:6.0.8,6.0
org.springframework:spring-oxm:5.3.27,org.springframework:spring-oxm:6.0.9,6.0
org.apache.tomcat.embed:tomcat-embed-core:10.1.18,org.apache.tomcat.embed:tomcat-embed-core:8.5.72,656.0
org.apache.tomcat.embed:tomcat-embed-core:10.1.18,org.apache.tomcat.embed:tomcat-embed-core:8.5.97,530.0
org.apache.tomcat.embed:tomcat-embed-core:10.1.18,org.apache.tomcat.embed:tomcat-embed-core:8.5.96,531.0
org.apache.tomcat.embed:tomcat-embed-core:10.1.18,org.apache.tomcat.embed:tomcat-embed-core:8.5.93,539.0
org.apache.tomcat.embed:tomcat-embed-core:10.1.18,org.apache.tomcat.embed:tomcat-embed-core:10.1.20,21.0
org.apache.tomcat.embed:tomcat-embed-core:10.1.18,org.apache.tomcat.embed:tomcat-embed-core:8.5.99,529.0
org.apache.tomcat.embed:tomcat-embed-core:10.1.18,org.apache.tomcat.embed:tomcat-embed-core:8.5.98,528.0
org.apache.tomcat.embed:tomcat-embed-core:10.1.18,org.apache.tomcat.embed:tomcat-embed-core:8.5.78,637.0
org.springframework:spring-oxm:5.3.27,org.springframework:spring-oxm:5.3.19,0.0
org.springframework:spring-oxm:5.3.27,org.springframework:spring-oxm:6.0.10,6.0
org.springframework:spring-oxm:5.3.27,org.springframework:spring-oxm:5.3.9,1.0
org.springframework:spring-oxm:5.3.27,org.springframework:spring-oxm:6.0.14,6.0
org.springframework:spring-oxm:5.3.27,org.springframework:spring-oxm:6.0.13,6.0
org.springframework:spring-oxm:5.3.27,org.springframework:spring-oxm:6.1.4,6.0
org.springframework:spring-oxm:5.3.27,org.springframework:spring-oxm:6.0.5,6.0
org.springframework:spring-oxm:5.3.27,org.springframework:spring-oxm:5.3.30,0.0
org.springframework:spring-oxm:5.3.27,org.springframework:spring-oxm:5.3.31,0.0
org.springframework:spring-oxm:5.3.27,org.springframework:spring-oxm:5.3.4,1.0
org.springframework:spring-oxm:5.3.27,org.springframework:spring-oxm:5.3.17,0.0
org.apache.tomcat.embed:tomcat-embed-core:10.1.18,org.apache.tomcat.embed:tomcat-embed-core:9.0.73,444.0
org.apache.tomcat.embed:tomcat-embed-core:10.1.18,org.apache.tomcat.embed:tomcat-embed-core:8.5.95,536.0
org.apache.tomcat.embed:tomcat-embed-core:10.1.18,org.apache.tomcat.embed:tomcat-embed-core:9.0.79,410.0
org.apache.tomcat.embed:tomcat-embed-core:10.1.18,org.apache.tomcat.embed:tomcat-embed-core:9.0.78,413.0
org.apache.tomcat.embed:tomcat-embed-core:10.1.18,org.apache.tomcat.embed:tomcat-embed-core:9.0.76,416.0
org.apache.tomcat.embed:tomcat-embed-core:10.1.18,org.apache.tomcat.embed:tomcat-embed-core:9.0.75,436.0
org.apache.tomcat.embed:tomcat-embed-core:10.1.18,org.apache.tomcat.embed:tomcat-embed-core:9.0.74,438.0
org.springframework:spring-oxm:5.3.27,org.springframework:spring-oxm:6.0.15,6.0
org.springframework:spring-oxm:5.3.27,org.springframework:spring-oxm:6.1.9,6.0
org.springframework:spring-oxm:5.3.27,org.springframework:spring-oxm:5.3.22,0.0
org.springframework:spring-oxm:5.3.27,org.springframework:spring-oxm:5.3.23,0.0
org.springframework:spring-oxm:5.3.27,org.springframework:spring-oxm:5.3.24,0.0
org.springframework:spring-oxm:5.3.27,org.springframework:spring-oxm:5.3.25,0.0
org.springframework:spring-oxm:5.3.27,org.springframework:spring-oxm:6.0.12,6.0
org.springframework:spring-oxm:5.3.27,org.springframework:spring-oxm:6.0.11,6.0
org.springframework:spring-oxm:5.3.27,org.springframework:spring-oxm:6.0.18,6.0
org.springframework:spring-oxm:5.3.27,org.springframework:spring-oxm:6.0.17,6.0
org.springframework:spring-oxm:5.3.27,org.springframework:spring-oxm:6.0.16,6.0
org.apache.tomcat.embed:tomcat-embed-core:10.1.18,org.apache.tomcat.embed:tomcat-embed-core:9.0.80,410.0
io.netty:netty-buffer:4.1.104.Final,io.netty:netty-buffer:4.1.87.Final,10.0
io.netty:netty-buffer:4.1.104.Final,io.netty:netty-buffer:4.1.97.Final,6.0
io.netty:netty-buffer:4.1.104.Final,io.netty:netty-buffer:4.1.70.Final,15.0
io.netty:netty-common:4.1.101.Final,io.netty:netty-common:4.1.43.Final,106.0
io.netty:netty-common:4.1.101.Final,io.netty:netty-common:4.1.111.Final,8.0
io.netty:netty-common:4.1.101.Final,io.netty:netty-common:4.1.92.Final,3.0
io.netty:netty-common:4.1.101.Final,io.netty:netty-common:4.1.107.Final,0.0
io.netty:netty-common:4.1.101.Final,io.netty:netty-common:4.1.82.Final,14.0
io.netty:netty-common:4.1.101.Final,io.netty:netty-common:4.1.75.Final,21.0
io.netty:netty-buffer:4.1.104.Final,io.netty:netty-buffer:4.1.39.Final,52.0
io.netty:netty-common:4.1.101.Final,io.netty:netty-common:4.1.94.Final,3.0
io.netty:netty-common:4.1.101.Final,io.netty:netty-common:4.1.84.Final,14.0
io.netty:netty-common:4.1.101.Final,io.netty:netty-common:4.1.99.Final,1.0
io.netty:netty-common:4.1.101.Final,io.netty:netty-common:4.1.100.Final,0.0
io.netty:netty-common:4.1.101.Final,io.netty:netty-common:4.1.39.Final,106.0
io.netty:netty-common:4.1.101.Final,io.netty:netty-common:4.1.108.Final,0.0
io.netty:netty-common:4.1.101.Final,io.netty:netty-common:4.1.96.Final,1.0
io.netty:netty-common:4.1.101.Final,io.netty:netty-common:4.1.51.Final,64.0
io.netty:netty-common:4.1.101.Final,io.netty:netty-common:4.1.81.Final,14.0
io.netty:netty-common:4.1.101.Final,io.netty:netty-common:4.1.91.Final,5.0
io.netty:netty-common:4.1.101.Final,io.netty:netty-common:4.1.86.Final,11.0
io.netty:netty-common:4.1.101.Final,io.netty:netty-common:4.1.89.Final,7.0
io.smallrye.reactive:mutiny:1.4.0,io.smallrye.reactive:mutiny:1.6.0,7.0
org.springframework.hateoas:spring-hateoas:1.5.4,org.springframework.hateoas:spring-hateoas:2.0.1,28.0
org.springframework.hateoas:spring-hateoas:1.5.4,org.springframework.hateoas:spring-hateoas:2.1.0,28.0
org.springframework.hateoas:spring-hateoas:1.5.4,org.springframework.hateoas:spring-hateoas:2.0.0,28.0
org.springframework.hateoas:spring-hateoas:1.5.4,org.springframework.hateoas:spring-hateoas:2.0.3,28.0
org.springframework.hateoas:spring-hateoas:1.5.4,org.springframework.hateoas:spring-hateoas:2.1.2,28.0
org.springframework.hateoas:spring-hateoas:1.5.4,org.springframework.hateoas:spring-hateoas:2.3.0,30.0
org.springframework.hateoas:spring-hateoas:1.5.4,org.springframework.hateoas:spring-hateoas:2.2.1,30.0
org.springframework:spring-aop:6.1.10,org.springframework:spring-aop:6.0.9,23.0
org.springframework:spring-aop:6.1.10,org.springframework:spring-aop:6.0.6,24.0
org.springframework:spring-aop:6.1.10,org.springframework:spring-aop:6.0.7,23.0
org.springframework:spring-aop:6.1.10,org.springframework:spring-aop:6.0.4,24.0
org.springframework:spring-aop:6.1.10,org.springframework:spring-aop:6.0.5,24.0
org.springframework:spring-aop:6.1.10,org.springframework:spring-aop:6.0.2,24.0
org.springframework:spring-aop:6.1.10,org.springframework:spring-aop:6.0.3,24.0
org.springframework:spring-aop:6.1.10,org.springframework:spring-aop:6.0.18,14.0
org.springframework:spring-aop:6.1.10,org.springframework:spring-aop:6.0.0,24.0
org.springframework:spring-aop:6.1.10,org.springframework:spring-aop:6.0.17,14.0
io.netty:netty-buffer:4.1.100.Final,io.netty:netty-buffer:4.1.17.Final,60.0
io.netty:netty-buffer:4.1.100.Final,io.netty:netty-buffer:4.1.99.Final,3.0
io.netty:netty-buffer:4.1.100.Final,io.netty:netty-buffer:4.1.89.Final,7.0
io.netty:netty-buffer:4.1.100.Final,io.netty:netty-buffer:4.1.79.Final,8.0
io.netty:netty-buffer:4.1.100.Final,io.netty:netty-buffer:4.1.5.Final,75.0
io.netty:netty-buffer:4.1.100.Final,io.netty:netty-buffer:4.1.111.Final,11.0
io.netty:netty-buffer:4.1.100.Final,io.netty:netty-buffer:4.1.106.Final,5.0
io.netty:netty-buffer:4.1.100.Final,io.netty:netty-buffer:4.1.96.Final,3.0
io.netty:netty-buffer:4.1.100.Final,io.netty:netty-buffer:4.1.109.Final,6.0
io.netty:netty-buffer:4.1.100.Final,io.netty:netty-buffer:4.1.43.Final,51.0
io.netty:netty-buffer:4.1.100.Final,io.netty:netty-buffer:4.1.101.Final,1.0
org.springframework:spring-aop:6.1.10,org.springframework:spring-aop:5.3.9,38.0
org.springframework:spring-aop:6.1.10,org.springframework:spring-aop:5.3.22,38.0
org.springframework:spring-aop:6.1.10,org.springframework:spring-aop:6.1.12,0.0
org.springframework:spring-aop:6.1.10,org.springframework:spring-aop:6.1.11,0.0
org.springframework:spring-aop:6.1.10,org.springframework:spring-aop:5.3.19,38.0
org.springframework:spring-aop:6.1.10,org.springframework:spring-aop:5.3.18,38.0
org.springframework:spring-aop:6.1.10,org.springframework:spring-aop:5.3.17,38.0
org.springframework:spring-aop:6.1.10,org.springframework:spring-aop:5.3.15,38.0
org.springframework:spring-aop:6.1.10,org.springframework:spring-aop:6.0.8,23.0
io.netty:netty-buffer:4.1.100.Final,io.netty:netty-buffer:4.1.87.Final,7.0
io.netty:netty-buffer:4.1.100.Final,io.netty:netty-buffer:4.1.97.Final,3.0
io.netty:netty-buffer:4.1.100.Final,io.netty:netty-buffer:4.1.70.Final,14.0
io.netty:netty-buffer:4.1.100.Final,io.netty:netty-buffer:4.1.108.Final,5.0
io.netty:netty-buffer:4.1.100.Final,io.netty:netty-buffer:4.1.92.Final,6.0
io.netty:netty-buffer:4.1.100.Final,io.netty:netty-buffer:4.1.82.Final,7.0
io.netty:netty-buffer:4.1.100.Final,io.netty:netty-buffer:4.1.85.Final,7.0
org.springframework:spring-core:6.1.10,org.springframework:spring-core:6.1.8,1.0
io.netty:netty-buffer:4.1.100.Final,io.netty:netty-buffer:4.1.84.Final,7.0
org.springframework:spring-core:6.1.10,org.springframework:spring-core:6.1.7,1.0
io.netty:netty-buffer:4.1.100.Final,io.netty:netty-buffer:4.1.94.Final,11.0
org.springframework:spring-core:6.1.10,org.springframework:spring-core:6.1.3,7.0
org.jetbrains.kotlin:kotlin-stdlib:1.7.10,org.jetbrains.kotlin:kotlin-stdlib:1.3.31,231.0
org.springframework:spring-core:6.1.10,org.springframework:spring-core:6.1.2,13.0
io.netty:netty-buffer:4.1.100.Final,io.netty:netty-buffer:4.1.39.Final,52.0
org.springframework:spring-core:6.1.10,org.springframework:spring-core:6.1.1,24.0
org.springframework:spring-core:6.1.10,org.springframework:spring-core:6.1.0,24.0
org.springframework:spring-core:6.1.10,org.springframework:spring-core:6.0.20,62.0
org.springframework:spring-core:6.1.10,org.springframework:spring-core:5.3.4,319.0
org.springframework:spring-core:6.1.10,org.springframework:spring-core:5.3.9,311.0
org.springframework:spring-core:6.1.10,org.springframework:spring-core:6.1.9,1.0
org.jetbrains.kotlin:kotlin-stdlib:1.7.10,org.jetbrains.kotlin:kotlin-stdlib:1.8.22,26.0
org.jetbrains.kotlin:kotlin-stdlib:1.7.10,org.jetbrains.kotlin:kotlin-stdlib:1.5.32,78.0
org.jetbrains.kotlin:kotlin-stdlib:1.7.10,org.jetbrains.kotlin:kotlin-stdlib:1.5.31,78.0
org.jetbrains.kotlin:kotlin-stdlib:1.7.10,org.jetbrains.kotlin:kotlin-stdlib:1.6.20,28.0
org.jetbrains.kotlin:kotlin-stdlib:1.7.10,org.jetbrains.kotlin:kotlin-stdlib:1.5.30,78.0
org.jetbrains.kotlin:kotlin-stdlib:1.7.10,org.jetbrains.kotlin:kotlin-stdlib:1.8.20,26.0
org.springframework:spring-core:6.1.10,org.springframework:spring-core:6.0.17,62.0
org.jetbrains.kotlin:kotlin-stdlib:1.7.10,org.jetbrains.kotlin:kotlin-stdlib:1.4.21,105.0
org.springframework:spring-aop:6.1.10,org.springframework:spring-aop:6.0.21,14.0
org.jetbrains.kotlin:kotlin-stdlib:1.7.10,org.jetbrains.kotlin:kotlin-stdlib:1.6.0,34.0
org.springframework:spring-aop:6.1.10,org.springframework:spring-aop:6.0.20,14.0
org.jetbrains.kotlin:kotlin-stdlib:1.7.10,org.jetbrains.kotlin:kotlin-stdlib:1.8.21,26.0
org.springframework:spring-core:6.1.10,org.springframework:spring-core:6.0.15,63.0
org.springframework:spring-core:6.1.10,org.springframework:spring-core:6.0.12,70.0
org.springframework:spring-core:6.1.10,org.springframework:spring-core:6.0.13,67.0
org.springframework:spring-core:6.1.10,org.springframework:spring-core:6.0.10,77.0
org.springframework:spring-core:6.1.10,org.springframework:spring-core:6.0.11,77.0
org.springframework:spring-core:6.1.10,org.springframework:spring-core:6.0.18,62.0
org.springframework:spring-core:6.1.10,org.springframework:spring-core:6.0.16,62.0
org.jetbrains.kotlin:kotlin-stdlib:1.7.10,org.jetbrains.kotlin:kotlin-stdlib:1.6.10,34.0
org.jetbrains.kotlin:kotlin-stdlib:1.7.10,org.jetbrains.kotlin:kotlin-stdlib:1.9.21,61.0
org.jetbrains.kotlin:kotlin-stdlib:1.7.10,org.jetbrains.kotlin:kotlin-stdlib:1.2.51,337.0
org.springframework:spring-core:6.1.10,org.springframework:spring-core:5.3.24,301.0
org.jetbrains.kotlin:kotlin-stdlib:1.7.10,org.jetbrains.kotlin:kotlin-stdlib:1.9.20,61.0
org.springframework:spring-core:6.1.10,org.springframework:spring-core:5.3.23,302.0
org.jetbrains.kotlin:kotlin-stdlib:1.7.10,org.jetbrains.kotlin:kotlin-stdlib:1.4.32,100.0
org.springframework:spring-core:6.1.10,org.springframework:spring-core:5.3.22,302.0
org.jetbrains.kotlin:kotlin-stdlib:1.7.10,org.jetbrains.kotlin:kotlin-stdlib:1.4.10,106.0
org.springframework:spring-core:6.1.10,org.springframework:spring-core:5.3.28,294.0
org.jetbrains.kotlin:kotlin-stdlib:1.7.10,org.jetbrains.kotlin:kotlin-stdlib:1.4.0,106.0
org.springframework:spring-core:6.1.10,org.springframework:spring-core:6.0.2,103.0
org.jetbrains.kotlin:kotlin-stdlib:1.7.10,org.jetbrains.kotlin:kotlin-stdlib:1.9.25,61.0
org.springframework:spring-core:6.1.10,org.springframework:spring-core:6.0.0,103.0
org.jetbrains.kotlin:kotlin-stdlib:1.7.10,org.jetbrains.kotlin:kotlin-stdlib:1.9.24,61.0
org.springframework:spring-core:6.1.10,org.springframework:spring-core:6.1.12,1.0
org.jetbrains.kotlin:kotlin-stdlib:1.7.10,org.jetbrains.kotlin:kotlin-stdlib:1.4.30,100.0
org.springframework:spring-core:6.1.10,org.springframework:spring-core:6.1.11,1.0
org.jetbrains.kotlin:kotlin-stdlib:1.7.10,org.jetbrains.kotlin:kotlin-stdlib:1.5.21,80.0
org.springframework:spring-core:6.1.10,org.springframework:spring-core:5.3.31,292.0
org.springframework:spring-core:6.1.10,org.springframework:spring-core:5.3.30,292.0
io.netty:netty-buffer:4.1.104.Final,io.netty:netty-buffer:4.1.112.Final,8.0
org.jetbrains.kotlin:kotlin-stdlib:1.7.10,org.jetbrains.kotlin:kotlin-stdlib:1.8.10,24.0
org.jetbrains.kotlin:kotlin-stdlib:1.7.10,org.jetbrains.kotlin:kotlin-stdlib:1.9.23,61.0
org.springframework:spring-core:6.1.10,org.springframework:spring-core:5.2.0.RELEASE,355.0
org.jetbrains.kotlin:kotlin-stdlib:1.7.10,org.jetbrains.kotlin:kotlin-stdlib:1.7.21,8.0
org.jetbrains.kotlin:kotlin-stdlib:1.7.10,org.jetbrains.kotlin:kotlin-stdlib:1.9.22,61.0
org.springframework:spring-core:6.1.10,org.springframework:spring-core:6.0.3,102.0
org.jetbrains.kotlin:kotlin-stdlib:1.7.10,org.jetbrains.kotlin:kotlin-stdlib:1.7.22,8.0
org.springframework:spring-core:6.1.10,org.springframework:spring-core:6.1.5,3.0
io.netty:netty-buffer:4.1.104.Final,io.netty:netty-buffer:4.1.93.Final,9.0
org.springframework:spring-core:6.1.10,org.springframework:spring-core:6.1.4,4.0
org.springframework:spring-core:6.1.10,org.springframework:spring-core:5.3.20,306.0
io.netty:netty-buffer:4.1.104.Final,io.netty:netty-buffer:4.1.110.Final,3.0
org.springframework:spring-core:6.1.10,org.springframework:spring-core:3.0.3.RELEASE,755.0
io.netty:netty-buffer:4.1.104.Final,io.netty:netty-buffer:4.1.75.Final,11.0
org.springframework:spring-core:6.1.10,org.springframework:spring-core:5.3.17,309.0
io.netty:netty-buffer:4.1.104.Final,io.netty:netty-buffer:4.1.107.Final,1.0
org.springframework:spring-core:6.1.10,org.springframework:spring-core:5.3.15,309.0
org.springframework:spring-core:6.1.10,org.springframework:spring-core:5.3.19,308.0
org.springframework:spring-core:6.1.10,org.springframework:spring-core:5.3.18,308.0
io.netty:netty-buffer:4.1.104.Final,io.netty:netty-buffer:4.1.91.Final,9.0
io.netty:netty-buffer:4.1.104.Final,io.netty:netty-buffer:4.1.86.Final,10.0
io.netty:netty-buffer:4.1.104.Final,io.netty:netty-buffer:4.1.51.Final,23.0
io.netty:netty-buffer:4.1.104.Final,io.netty:netty-buffer:4.1.81.Final,11.0
org.springframework:spring-expression:6.1.10,org.springframework:spring-expression:6.1.5,3.0
io.netty:netty-buffer:4.1.104.Final,io.netty:netty-buffer:4.1.5.Final,75.0
org.springframework:spring-expression:6.1.10,org.springframework:spring-expression:6.1.8,0.0
io.netty:netty-buffer:4.1.104.Final,io.netty:netty-buffer:4.1.111.Final,7.0
org.springframework:spring-expression:6.1.10,org.springframework:spring-expression:6.1.7,0.0
io.netty:netty-buffer:4.1.104.Final,io.netty:netty-buffer:4.1.106.Final,1.0
org.springframework:spring-expression:6.1.10,org.springframework:spring-expression:6.1.9,0.0
io.netty:netty-buffer:4.1.104.Final,io.netty:netty-buffer:4.1.96.Final,6.0
org.springframework:spring-expression:6.1.10,org.springframework:spring-expression:6.1.0,10.0
io.netty:netty-buffer:4.1.104.Final,io.netty:netty-buffer:4.1.109.Final,2.0
io.netty:netty-buffer:4.1.104.Final,io.netty:netty-buffer:4.1.43.Final,51.0
io.netty:netty-buffer:4.1.104.Final,io.netty:netty-buffer:4.1.17.Final,60.0
org.springframework:spring-core:6.1.10,org.springframework:spring-core:6.0.5,83.0
io.netty:netty-buffer:4.1.104.Final,io.netty:netty-buffer:4.1.99.Final,6.0
org.springframework:spring-expression:6.1.10,org.springframework:spring-expression:6.1.4,3.0
io.netty:netty-buffer:4.1.104.Final,io.netty:netty-buffer:4.1.89.Final,10.0
org.springframework:spring-expression:6.1.10,org.springframework:spring-expression:6.1.3,6.0
io.netty:netty-buffer:4.1.104.Final,io.netty:netty-buffer:4.1.79.Final,11.0
io.netty:netty-buffer:4.1.104.Final,io.netty:netty-buffer:4.1.108.Final,1.0
org.springframework:spring-core:6.1.10,org.springframework:spring-core:5.3.26,295.0
io.netty:netty-buffer:4.1.104.Final,io.netty:netty-buffer:4.1.92.Final,9.0
org.springframework:spring-core:6.1.10,org.springframework:spring-core:5.3.25,301.0
io.netty:netty-buffer:4.1.104.Final,io.netty:netty-buffer:4.1.82.Final,10.0
io.netty:netty-buffer:4.1.104.Final,io.netty:netty-buffer:4.1.85.Final,10.0
org.springframework:spring-core:6.1.10,org.springframework:spring-core:5.3.29,294.0
io.netty:netty-buffer:4.1.104.Final,io.netty:netty-buffer:4.1.84.Final,10.0
io.netty:netty-buffer:4.1.104.Final,io.netty:netty-buffer:4.1.94.Final,14.0
io.netty:netty-buffer:4.1.104.Final,io.netty:netty-buffer:4.1.101.Final,5.0
org.apache.tomcat.embed:tomcat-embed-core:10.1.17,org.apache.tomcat.embed:tomcat-embed-core:9.0.73,443.0
org.apache.tomcat.embed:tomcat-embed-core:10.1.17,org.apache.tomcat.embed:tomcat-embed-core:8.5.95,535.0
org.apache.tomcat.embed:tomcat-embed-core:10.1.17,org.apache.tomcat.embed:tomcat-embed-core:8.5.72,656.0
org.apache.tomcat.embed:tomcat-embed-core:10.1.17,org.apache.tomcat.embed:tomcat-embed-core:8.5.97,528.0
org.apache.tomcat.embed:tomcat-embed-core:10.1.17,org.apache.tomcat.embed:tomcat-embed-core:8.5.96,529.0
org.apache.tomcat.embed:tomcat-embed-core:10.1.17,org.apache.tomcat.embed:tomcat-embed-core:8.5.93,538.0
org.apache.tomcat.embed:tomcat-embed-core:10.1.17,org.apache.tomcat.embed:tomcat-embed-core:10.1.20,27.0
com.google.guava:guava:19.0,com.google.guava:guava:32.0.1-android,388.0
com.google.guava:guava:19.0,com.google.guava:guava:15.0,238.0
com.google.guava:guava:19.0,com.google.guava:guava:28.1-jre,370.0
org.jmolecules.integrations:jmolecules-spring:0.9.0,org.jmolecules.integrations:jmolecules-spring:0.17.0,2.0
org.jmolecules.integrations:jmolecules-spring:0.9.0,org.jmolecules.integrations:jmolecules-spring:0.5.0,9.0
org.jmolecules.integrations:jmolecules-spring:0.9.0,org.jmolecules.integrations:jmolecules-spring:0.3.0,9.0
com.google.guava:guava:19.0,com.google.guava:guava:30.1.1-jre,400.0
com.google.guava:guava:19.0,com.google.guava:guava:31.0.1-jre,410.0
com.google.guava:guava:19.0,com.google.guava:guava:18.0,156.0
com.google.guava:guava:19.0,com.google.guava:guava:25.0-jre,354.0
org.apache.tomcat.embed:tomcat-embed-core:10.1.17,org.apache.tomcat.embed:tomcat-embed-core:9.0.76,414.0
org.apache.tomcat.embed:tomcat-embed-core:10.1.17,org.apache.tomcat.embed:tomcat-embed-core:9.0.75,435.0
org.apache.tomcat.embed:tomcat-embed-core:10.1.17,org.apache.tomcat.embed:tomcat-embed-core:9.0.74,437.0
org.apache.tomcat.embed:tomcat-embed-core:10.1.17,org.apache.tomcat.embed:tomcat-embed-core:9.0.80,408.0
org.apache.tomcat.embed:tomcat-embed-core:10.1.17,org.apache.tomcat.embed:tomcat-embed-core:10.1.12,19.0
org.apache.tomcat.embed:tomcat-embed-core:10.1.17,org.apache.tomcat.embed:tomcat-embed-core:9.0.79,408.0
org.apache.tomcat.embed:tomcat-embed-core:10.1.17,org.apache.tomcat.embed:tomcat-embed-core:9.0.78,411.0
io.reactivex:rxjava:1.3.8,io.reactivex:rxjava:1.2.0,123.0
org.jetbrains.kotlinx:kotlinx-coroutines-reactor:1.6.4,org.jetbrains.kotlinx:kotlinx-coroutines-reactor:1.6.0,0.0
org.jetbrains.kotlinx:kotlinx-coroutines-reactor:1.6.4,org.jetbrains.kotlinx:kotlinx-coroutines-reactor:1.4.2,4.0
org.jetbrains.kotlinx:kotlinx-coroutines-reactor:1.6.4,org.jetbrains.kotlinx:kotlinx-coroutines-reactor:1.4.0,4.0
org.jetbrains.kotlinx:kotlinx-coroutines-reactor:1.6.4,org.jetbrains.kotlinx:kotlinx-coroutines-reactor:1.8.1,0.0
org.jetbrains.kotlinx:kotlinx-coroutines-reactor:1.6.4,org.jetbrains.kotlinx:kotlinx-coroutines-reactor:1.7.3,0.0
org.jmolecules.integrations:jmolecules-spring:0.9.0,org.jmolecules.integrations:jmolecules-spring:0.21.0,2.0
org.jmolecules.integrations:jmolecules-spring:0.9.0,org.jmolecules.integrations:jmolecules-spring:0.12.0,2.0
org.apache.tomcat.embed:tomcat-embed-core:10.1.17,org.apache.tomcat.embed:tomcat-embed-core:10.1.18,9.0
org.apache.tomcat.embed:tomcat-embed-core:10.1.17,org.apache.tomcat.embed:tomcat-embed-core:9.0.83,401.0
org.apache.tomcat.embed:tomcat-embed-core:10.1.17,org.apache.tomcat.embed:tomcat-embed-core:10.1.19,14.0
org.apache.tomcat.embed:tomcat-embed-core:10.1.17,org.apache.tomcat.embed:tomcat-embed-core:9.0.69,498.0
org.apache.tomcat.embed:tomcat-embed-core:10.1.17,org.apache.tomcat.embed:tomcat-embed-core:8.5.82,632.0
org.jetbrains.kotlinx:kotlinx-coroutines-reactor:1.6.4,org.jetbrains.kotlinx:kotlinx-coroutines-reactor:1.5.2,0.0
org.jetbrains.kotlinx:kotlinx-coroutines-reactor:1.6.4,org.jetbrains.kotlinx:kotlinx-coroutines-reactor:1.4.3,4.0
io.smallrye.reactive:mutiny:1.4.0,io.smallrye.reactive:mutiny:1.1.2,76.0
org.apache.tomcat.embed:tomcat-embed-core:10.1.17,org.apache.tomcat.embed:tomcat-embed-core:10.1.7,78.0
org.apache.tomcat.embed:tomcat-embed-core:10.1.17,org.apache.tomcat.embed:tomcat-embed-core:10.1.8,63.0
org.apache.tomcat.embed:tomcat-embed-core:10.1.17,org.apache.tomcat.embed:tomcat-embed-core:8.5.100,534.0
org.apache.tomcat.embed:tomcat-embed-core:10.1.17,org.apache.tomcat.embed:tomcat-embed-core:10.1.4,146.0
org.apache.tomcat.embed:tomcat-embed-core:10.1.17,org.apache.tomcat.embed:tomcat-embed-core:10.1.5,143.0
org.apache.tomcat.embed:tomcat-embed-core:10.1.17,org.apache.tomcat.embed:tomcat-embed-core:10.1.28,69.0
org.apache.tomcat.embed:tomcat-embed-core:10.1.17,org.apache.tomcat.embed:tomcat-embed-core:9.0.70,489.0
org.apache.tomcat.embed:tomcat-embed-core:10.1.17,org.apache.tomcat.embed:tomcat-embed-core:10.1.26,55.0
org.apache.tomcat.embed:tomcat-embed-core:10.1.17,org.apache.tomcat.embed:tomcat-embed-core:10.1.25,51.0
org.apache.tomcat.embed:tomcat-embed-core:10.1.17,org.apache.tomcat.embed:tomcat-embed-core:10.1.24,44.0
org.apache.tomcat.embed:tomcat-embed-core:10.1.17,org.apache.tomcat.embed:tomcat-embed-core:9.0.68,502.0
org.apache.tomcat.embed:tomcat-embed-core:10.1.17,org.apache.tomcat.embed:tomcat-embed-core:8.5.99,531.0
org.apache.tomcat.embed:tomcat-embed-core:10.1.17,org.apache.tomcat.embed:tomcat-embed-core:8.5.98,530.0
org.apache.tomcat.embed:tomcat-embed-core:10.1.17,org.apache.tomcat.embed:tomcat-embed-core:8.5.78,637.0
org.apache.tomcat.embed:tomcat-embed-core:10.1.17,org.apache.tomcat.embed:tomcat-embed-core:9.0.71,487.0
org.springframework:spring-core:6.0.21,org.springframework:spring-core:6.1.9,40.0
org.springframework:spring-core:6.0.21,org.springframework:spring-core:6.1.8,40.0
org.springframework:spring-core:6.0.21,org.springframework:spring-core:6.1.7,40.0
org.springframework:spring-expression:6.1.10,org.springframework:spring-expression:6.0.4,24.0
org.springframework:spring-expression:6.1.10,org.springframework:spring-expression:6.0.17,13.0
org.springframework:spring-expression:6.1.10,org.springframework:spring-expression:6.0.7,23.0
org.springframework:spring-expression:6.1.10,org.springframework:spring-expression:6.0.6,24.0
org.springframework:spring-expression:6.1.10,org.springframework:spring-expression:6.0.9,15.0
org.springframework:spring-core:6.0.21,org.springframework:spring-core:6.1.2,34.0
org.springframework:spring-expression:6.1.10,org.springframework:spring-expression:6.0.8,15.0
org.springframework:spring-core:6.0.21,org.springframework:spring-core:6.1.1,33.0
org.springframework:spring-expression:6.1.10,org.springframework:spring-expression:6.0.0,24.0
org.springframework:spring-core:6.0.21,org.springframework:spring-core:6.1.0,33.0
org.springframework:spring-expression:6.1.10,org.springframework:spring-expression:6.0.3,24.0
org.springframework:spring-expression:6.1.10,org.springframework:spring-expression:6.0.2,24.0
org.springframework:spring-core:6.0.21,org.springframework:spring-core:6.0.20,1.0
org.springframework:spring-expression:6.1.10,org.springframework:spring-expression:6.0.10,15.0
org.springframework:spring-core:6.0.21,org.springframework:spring-core:5.3.4,274.0
org.springframework:spring-core:6.0.21,org.springframework:spring-core:5.3.9,266.0
org.springframework:spring-core:6.0.21,org.springframework:spring-core:6.0.18,1.0
org.springframework:spring-core:6.0.21,org.springframework:spring-core:6.0.16,1.0
org.springframework:spring-core:6.0.21,org.springframework:spring-core:6.0.17,1.0
org.springframework:spring-core:6.0.21,org.springframework:spring-core:6.1.3,37.0
org.springframework:spring-expression:6.1.10,org.springframework:spring-expression:5.3.19,26.0
org.springframework:spring-expression:6.1.10,org.springframework:spring-expression:6.1.2,7.0
org.springframework:spring-expression:6.1.10,org.springframework:spring-expression:6.1.1,7.0
org.springframework:spring-expression:6.1.10,org.springframework:spring-expression:5.3.15,27.0
org.springframework:spring-expression:6.1.10,org.springframework:spring-expression:5.3.18,26.0
org.springframework:spring-expression:6.1.10,org.springframework:spring-expression:5.3.17,26.0
org.springframework:spring-core:6.0.21,org.springframework:spring-core:6.0.15,2.0
org.springframework:spring-expression:6.1.10,org.springframework:spring-expression:6.0.21,13.0
org.springframework:spring-core:6.0.21,org.springframework:spring-core:6.0.12,9.0
org.springframework:spring-expression:6.1.10,org.springframework:spring-expression:6.0.20,13.0
org.springframework:spring-core:6.0.21,org.springframework:spring-core:6.0.13,6.0
org.springframework:spring-expression:6.1.10,org.springframework:spring-expression:6.0.5,24.0
org.springframework:spring-core:6.0.21,org.springframework:spring-core:6.0.10,17.0
org.springframework:spring-expression:6.1.10,org.springframework:spring-expression:6.0.18,13.0
org.springframework:spring-core:6.0.21,org.springframework:spring-core:6.0.11,17.0
org.springframework:spring-expression:6.1.10,org.springframework:spring-expression:5.3.26,25.0
org.springframework:spring-expression:6.1.10,org.springframework:spring-expression:5.3.29,21.0
org.springframework:spring-expression:6.1.10,org.springframework:spring-expression:5.3.28,21.0
org.springframework:spring-expression:6.1.10,org.springframework:spring-expression:5.3.9,28.0
org.springframework:spring-expression:6.1.10,org.springframework:spring-expression:5.3.23,26.0
org.springframework:spring-expression:6.1.10,org.springframework:spring-expression:5.3.22,26.0
org.springframework:spring-expression:6.1.10,org.springframework:spring-expression:5.3.25,26.0
org.springframework:spring-expression:6.1.10,org.springframework:spring-expression:5.3.24,26.0
org.springframework:spring-expression:6.1.10,org.springframework:spring-expression:6.1.11,0.0
org.springframework:spring-expression:6.1.10,org.springframework:spring-expression:5.3.30,21.0
org.springframework:spring-expression:6.1.10,org.springframework:spring-expression:6.0.12,15.0
org.springframework:spring-expression:6.1.10,org.springframework:spring-expression:5.3.31,21.0
org.springframework:spring-expression:6.1.10,org.springframework:spring-expression:6.0.11,15.0
org.springframework:spring-expression:6.1.10,org.springframework:spring-expression:6.0.13,13.0
org.springframework:spring-expression:6.1.10,org.springframework:spring-expression:6.0.16,13.0
org.springframework:spring-expression:6.1.10,org.springframework:spring-expression:6.0.15,13.0
org.springframework:spring-expression:6.1.10,org.springframework:spring-expression:5.3.4,28.0
io.projectreactor:reactor-core:3.4.29,io.projectreactor:reactor-core:3.5.19,67.0
io.projectreactor:reactor-core:3.4.29,io.projectreactor:reactor-core:3.6.2,77.0
io.projectreactor:reactor-core:3.4.29,io.projectreactor:reactor-core:3.4.3,161.0
io.projectreactor:reactor-core:3.4.29,io.projectreactor:reactor-core:3.6.1,77.0
io.projectreactor:reactor-core:3.4.29,io.projectreactor:reactor-core:3.5.10,66.0
io.projectreactor:reactor-core:3.4.29,io.projectreactor:reactor-core:3.6.0,76.0
io.projectreactor:reactor-core:3.4.29,io.projectreactor:reactor-core:3.5.11,66.0
io.projectreactor:reactor-core:3.4.29,io.projectreactor:reactor-core:3.4.1,175.0
io.projectreactor:reactor-core:3.4.29,io.projectreactor:reactor-core:3.5.12,66.0
io.projectreactor:reactor-core:3.4.29,io.projectreactor:reactor-core:3.5.13,66.0
io.projectreactor:reactor-core:3.4.29,io.projectreactor:reactor-core:3.5.14,66.0
io.projectreactor:reactor-core:3.4.29,io.projectreactor:reactor-core:3.5.15,66.0
io.projectreactor:reactor-core:3.4.29,io.projectreactor:reactor-core:3.5.16,66.0
io.projectreactor:reactor-core:3.4.29,io.projectreactor:reactor-core:3.6.9,79.0
io.projectreactor:reactor-core:3.4.29,io.projectreactor:reactor-core:3.6.8,79.0
io.projectreactor:reactor-core:3.4.29,io.projectreactor:reactor-core:3.6.7,79.0
io.projectreactor:reactor-core:3.4.29,io.projectreactor:reactor-core:3.6.6,79.0
io.projectreactor:reactor-core:3.4.29,io.projectreactor:reactor-core:3.4.8,121.0
io.projectreactor:reactor-core:3.4.29,io.projectreactor:reactor-core:3.6.5,77.0
io.projectreactor:reactor-core:3.4.29,io.projectreactor:reactor-core:3.6.4,77.0
org.threeten:threetenbp:1.6.8,org.threeten:threetenbp:1.5.2,0.0
io.projectreactor:reactor-core:3.4.29,io.projectreactor:reactor-core:3.6.3,77.0
io.projectreactor:reactor-core:3.4.29,io.projectreactor:reactor-core:3.4.34,3.0
io.projectreactor:reactor-core:3.4.29,io.projectreactor:reactor-core:3.4.33,3.0
io.projectreactor:reactor-core:3.4.29,io.projectreactor:reactor-core:3.4.32,3.0
io.projectreactor:reactor-core:3.4.29,io.projectreactor:reactor-core:3.4.31,2.0
io.projectreactor:reactor-core:3.4.29,io.projectreactor:reactor-core:3.4.30,0.0
io.projectreactor:reactor-core:3.4.29,io.projectreactor:reactor-core:3.4.28,0.0
io.projectreactor:reactor-core:3.4.29,io.projectreactor:reactor-core:3.4.27,0.0
io.projectreactor:reactor-core:3.4.29,io.projectreactor:reactor-core:3.3.0.RELEASE,443.0
org.jetbrains.kotlinx:kotlinx-coroutines-reactive:1.6.4,org.jetbrains.kotlinx:kotlinx-coroutines-reactive:1.5.2,1.0
org.jetbrains.kotlinx:kotlinx-coroutines-reactive:1.6.4,org.jetbrains.kotlinx:kotlinx-coroutines-reactive:1.4.3,5.0
org.threeten:threetenbp:1.6.8,org.threeten:threetenbp:1.5.1,0.0
org.threeten:threetenbp:1.6.8,org.threeten:threetenbp:1.5.0,0.0
org.threeten:threetenbp:1.6.8,org.threeten:threetenbp:1.6.5,0.0
org.threeten:threetenbp:1.6.8,org.threeten:threetenbp:1.6.4,0.0
org.threeten:threetenbp:1.6.8,org.threeten:threetenbp:1.6.2,0.0
org.jetbrains.kotlinx:kotlinx-coroutines-reactive:1.6.4,org.jetbrains.kotlinx:kotlinx-coroutines-reactive:1.4.0,5.0
org.jetbrains.kotlinx:kotlinx-coroutines-reactive:1.6.4,org.jetbrains.kotlinx:kotlinx-coroutines-reactive:1.6.0,0.0
org.jetbrains.kotlinx:kotlinx-coroutines-reactive:1.6.4,org.jetbrains.kotlinx:kotlinx-coroutines-reactive:1.4.2,5.0
org.jetbrains.kotlin:kotlin-reflect:1.6.21,org.jetbrains.kotlin:kotlin-reflect:1.9.25,210.0
org.jetbrains.kotlin:kotlin-reflect:1.6.21,org.jetbrains.kotlin:kotlin-reflect:1.4.30,298.0
org.jetbrains.kotlinx:kotlinx-coroutines-reactive:1.6.4,org.jetbrains.kotlinx:kotlinx-coroutines-reactive:1.8.1,4.0
org.jetbrains.kotlinx:kotlinx-coroutines-reactive:1.6.4,org.jetbrains.kotlinx:kotlinx-coroutines-reactive:1.7.3,3.0
com.google.code.findbugs:jsr305:3.0.2,com.google.code.findbugs:jsr305:3.0.1,0.0
com.google.code.findbugs:jsr305:3.0.2,com.google.code.findbugs:jsr305:1.3.9,1.0
org.jetbrains.kotlin:kotlin-reflect:1.6.21,org.jetbrains.kotlin:kotlin-reflect:1.7.22,103.0
org.jetbrains.kotlin:kotlin-reflect:1.6.21,org.jetbrains.kotlin:kotlin-reflect:1.6.10,114.0
org.apache.tomcat.embed:tomcat-embed-core:10.1.17,org.apache.tomcat.embed:tomcat-embed-core:8.5.69,664.0
org.apache.tomcat.embed:tomcat-embed-core:10.1.17,org.apache.tomcat.embed:tomcat-embed-core:10.1.10,30.0
org.apache.tomcat.embed:tomcat-embed-core:10.1.17,org.apache.tomcat.embed:tomcat-embed-core:8.5.65,672.0
org.apache.tomcat.embed:tomcat-embed-core:10.1.17,org.apache.tomcat.embed:tomcat-embed-core:8.5.87,578.0
org.apache.tomcat.embed:tomcat-embed-core:10.1.17,org.apache.tomcat.embed:tomcat-embed-core:8.5.46,757.0
org.apache.tomcat.embed:tomcat-embed-core:10.1.17,org.apache.tomcat.embed:tomcat-embed-core:9.0.82,407.0
org.jetbrains.kotlin:kotlin-reflect:1.6.21,org.jetbrains.kotlin:kotlin-reflect:1.4.21,363.0
org.jetbrains.kotlin:kotlin-reflect:1.6.21,org.jetbrains.kotlin:kotlin-reflect:1.4.32,298.0
org.jetbrains.kotlin:kotlin-reflect:1.6.21,org.jetbrains.kotlin:kotlin-reflect:1.9.24,210.0
org.jetbrains.kotlin:kotlin-reflect:1.6.21,org.jetbrains.kotlin:kotlin-reflect:1.9.21,210.0
org.jetbrains.kotlin:kotlin-reflect:1.6.21,org.jetbrains.kotlin:kotlin-reflect:1.7.10,93.0
org.jetbrains.kotlin:kotlin-reflect:1.6.21,org.jetbrains.kotlin:kotlin-reflect:1.5.31,200.0
org.jetbrains.kotlin:kotlin-reflect:1.6.21,org.jetbrains.kotlin:kotlin-reflect:1.7.21,103.0
org.jetbrains.kotlin:kotlin-reflect:1.6.21,org.jetbrains.kotlin:kotlin-reflect:1.5.21,245.0
org.jetbrains.kotlin:kotlin-reflect:1.6.21,org.jetbrains.kotlin:kotlin-reflect:1.5.32,200.0
org.jetbrains.kotlin:kotlin-reflect:1.6.21,org.jetbrains.kotlin:kotlin-reflect:1.9.23,210.0
org.jetbrains.kotlin:kotlin-reflect:1.6.21,org.jetbrains.kotlin:kotlin-reflect:1.8.22,179.0
com.google.guava:guava:19.0,com.google.guava:guava:20.0,126.0
com.google.guava:guava:19.0,com.google.guava:guava:31.1-jre,415.0
com.google.guava:guava:19.0,com.google.guava:guava:23.5-jre,306.0
com.google.guava:guava:19.0,com.google.guava:guava:30.0-jre,399.0
com.google.guava:guava:19.0,com.google.guava:guava:32.1.2-jre,420.0
org.jetbrains.kotlin:kotlin-reflect:1.6.21,org.jetbrains.kotlin:kotlin-reflect:1.8.21,179.0
org.jetbrains.kotlin:kotlin-reflect:1.6.21,org.jetbrains.kotlin:kotlin-reflect:1.9.22,210.0
org.jetbrains.kotlin:kotlin-reflect:1.6.21,org.jetbrains.kotlin:kotlin-reflect:1.9.20,210.0
com.querydsl:querydsl-core:5.0.0,com.querydsl:querydsl-core:4.4.0,75.0
io.dropwizard.metrics:metrics-core:4.2.19,io.dropwizard.metrics:metrics-core:4.2.9,2.0
io.dropwizard.metrics:metrics-core:4.2.19,io.dropwizard.metrics:metrics-core:4.2.17,0.0
io.dropwizard.metrics:metrics-core:4.2.19,io.dropwizard.metrics:metrics-core:4.2.16,0.0
org.apache.tomcat.embed:tomcat-embed-core:10.1.5,org.apache.tomcat.embed:tomcat-embed-core:8.5.100,583.0
io.dropwizard.metrics:metrics-core:4.2.19,io.dropwizard.metrics:metrics-core:4.2.18,0.0
org.apache.tomcat.embed:tomcat-embed-core:10.1.5,org.apache.tomcat.embed:tomcat-embed-core:10.1.4,3.0
io.dropwizard.metrics:metrics-core:4.2.19,io.dropwizard.metrics:metrics-core:4.0.6,22.0
org.apache.tomcat.embed:tomcat-embed-core:10.1.5,org.apache.tomcat.embed:tomcat-embed-core:9.0.83,458.0
org.apache.tomcat.embed:tomcat-embed-core:10.1.5,org.apache.tomcat.embed:tomcat-embed-core:10.1.19,120.0
org.apache.tomcat.embed:tomcat-embed-core:10.1.5,org.apache.tomcat.embed:tomcat-embed-core:9.0.69,406.0
org.apache.tomcat.embed:tomcat-embed-core:10.1.5,org.apache.tomcat.embed:tomcat-embed-core:8.5.82,548.0
org.springframework:spring-core:6.1.11,org.springframework:spring-core:6.0.20,62.0
org.springframework:spring-core:6.1.11,org.springframework:spring-core:5.3.4,319.0
org.springframework.boot:spring-boot-actuator-autoconfigure:3.2.9,org.springframework.boot:spring-boot-actuator-autoconfigure:3.0.9,98.0
org.springframework:spring-core:6.1.11,org.springframework:spring-core:5.3.9,311.0
org.springframework.boot:spring-boot-actuator-autoconfigure:3.2.9,org.springframework.boot:spring-boot-actuator-autoconfigure:3.2.7,0.0
org.springframework:spring-core:6.1.11,org.springframework:spring-core:6.0.18,62.0
org.springframework.boot:spring-boot-actuator-autoconfigure:3.2.9,org.springframework.boot:spring-boot-actuator-autoconfigure:3.0.7,99.0
org.springframework:spring-core:6.1.11,org.springframework:spring-core:6.0.16,62.0
org.springframework.boot:spring-boot-actuator-autoconfigure:3.2.9,org.springframework.boot:spring-boot-actuator-autoconfigure:3.2.5,1.0
org.springframework:spring-core:6.1.11,org.springframework:spring-core:6.0.17,62.0
org.springframework.boot:spring-boot-actuator-autoconfigure:3.2.9,org.springframework.boot:spring-boot-actuator-autoconfigure:3.0.8,98.0
org.springframework:spring-core:6.1.11,org.springframework:spring-core:6.1.3,7.0
org.springframework.boot:spring-boot-actuator-autoconfigure:3.2.9,org.springframework.boot:spring-boot-actuator-autoconfigure:3.2.6,0.0
org.springframework:spring-core:6.1.11,org.springframework:spring-core:6.1.2,13.0
org.springframework.boot:spring-boot-actuator-autoconfigure:3.2.9,org.springframework.boot:spring-boot-actuator-autoconfigure:3.0.5,106.0
org.springframework:spring-core:6.1.11,org.springframework:spring-core:6.1.1,24.0
org.springframework.boot:spring-boot-actuator-autoconfigure:3.2.9,org.springframework.boot:spring-boot-actuator-autoconfigure:3.2.3,1.0
org.springframework:spring-core:6.1.11,org.springframework:spring-core:6.1.0,24.0
org.springframework.boot:spring-boot-actuator-autoconfigure:3.2.9,org.springframework.boot:spring-boot-actuator-autoconfigure:3.0.6,101.0
org.springframework.boot:spring-boot-actuator-autoconfigure:3.2.9,org.springframework.boot:spring-boot-actuator-autoconfigure:3.2.4,1.0
io.dropwizard.metrics:metrics-core:4.2.19,io.dropwizard.metrics:metrics-core:4.2.20,0.0
io.dropwizard.metrics:metrics-core:4.2.19,io.dropwizard.metrics:metrics-core:4.2.22,0.0
io.dropwizard.metrics:metrics-core:4.2.19,io.dropwizard.metrics:metrics-core:4.2.12,1.0
io.dropwizard.metrics:metrics-core:4.2.19,io.dropwizard.metrics:metrics-core:4.2.23,0.0
io.dropwizard.metrics:metrics-core:4.2.19,io.dropwizard.metrics:metrics-core:4.2.26,0.0
io.dropwizard.metrics:metrics-core:4.2.19,io.dropwizard.metrics:metrics-core:4.2.15,1.0
io.dropwizard.metrics:metrics-core:4.2.19,io.dropwizard.metrics:metrics-core:4.2.25,0.0
org.apache.httpcomponents:httpasyncclient:4.1.5,org.apache.httpcomponents:httpasyncclient:4.1.4,3.0
jakarta.annotation:jakarta.annotation-api:2.1.1,jakarta.annotation:jakarta.annotation-api:1.3.5,18.0
org.apache.tomcat.embed:tomcat-embed-el:10.1.5,org.apache.tomcat.embed:tomcat-embed-el:9.0.73,97.0
com.hazelcast:hazelcast:5.1.1,com.hazelcast:hazelcast:4.2,1766.0
org.apache.tomcat.embed:tomcat-embed-el:10.1.5,org.apache.tomcat.embed:tomcat-embed-el:9.0.74,97.0
org.apache.tomcat.embed:tomcat-embed-el:10.1.5,org.apache.tomcat.embed:tomcat-embed-el:9.0.75,97.0
org.apache.tomcat.embed:tomcat-embed-el:10.1.5,org.apache.tomcat.embed:tomcat-embed-el:9.0.76,97.0
org.apache.tomcat.embed:tomcat-embed-el:10.1.5,org.apache.tomcat.embed:tomcat-embed-el:9.0.78,97.0
org.apache.tomcat.embed:tomcat-embed-el:10.1.5,org.apache.tomcat.embed:tomcat-embed-el:9.0.79,97.0
org.apache.tomcat.embed:tomcat-embed-el:10.1.5,org.apache.tomcat.embed:tomcat-embed-el:10.1.25,5.0
org.apache.tomcat.embed:tomcat-embed-el:10.1.5,org.apache.tomcat.embed:tomcat-embed-el:10.1.24,5.0
io.micrometer:micrometer-observation:1.12.9,io.micrometer:micrometer-observation:1.11.2,7.0
org.springframework:spring-core:6.1.11,org.springframework:spring-core:6.0.10,77.0
io.micrometer:micrometer-observation:1.12.9,io.micrometer:micrometer-observation:1.13.0,0.0
org.springframework:spring-core:6.1.11,org.springframework:spring-core:6.0.11,77.0
io.micrometer:micrometer-observation:1.12.9,io.micrometer:micrometer-observation:1.10.3,18.0
io.micrometer:micrometer-observation:1.12.8,io.micrometer:micrometer-observation:1.10.8,12.0
org.springframework.boot:spring-boot-actuator-autoconfigure:3.2.9,org.springframework.boot:spring-boot-actuator-autoconfigure:3.2.8,0.0
io.micrometer:micrometer-observation:1.12.8,io.micrometer:micrometer-observation:1.10.13,6.0
io.micrometer:micrometer-observation:1.12.8,io.micrometer:micrometer-observation:1.10.11,7.0
io.micrometer:micrometer-observation:1.12.9,io.micrometer:micrometer-observation:1.12.8,0.0
io.micrometer:micrometer-observation:1.12.8,io.micrometer:micrometer-observation:1.10.12,6.0
io.micrometer:micrometer-observation:1.12.9,io.micrometer:micrometer-observation:1.11.9,3.0
io.micrometer:micrometer-observation:1.12.8,io.micrometer:micrometer-observation:1.10.10,7.0
io.micrometer:micrometer-observation:1.12.9,io.micrometer:micrometer-observation:1.11.12,3.0
io.micrometer:micrometer-observation:1.12.9,io.micrometer:micrometer-observation:1.11.0,11.0
org.springframework:spring-core:6.1.11,org.springframework:spring-core:6.0.15,63.0
io.micrometer:micrometer-observation:1.12.9,io.micrometer:micrometer-observation:1.10.1,18.0
org.springframework:spring-core:6.1.11,org.springframework:spring-core:6.0.12,70.0
io.micrometer:micrometer-observation:1.12.9,io.micrometer:micrometer-observation:1.10.0,18.0
org.springframework:spring-core:6.1.11,org.springframework:spring-core:6.0.13,67.0
com.hazelcast:hazelcast:5.1.1,com.hazelcast:hazelcast:5.2-BETA-1,374.0
com.hazelcast:hazelcast:5.1.1,com.hazelcast:hazelcast:5.0,509.0
com.hazelcast:hazelcast:5.1.1,com.hazelcast:hazelcast:5.3.0-BETA-1,1266.0
com.hazelcast:hazelcast:5.1.1,com.hazelcast:hazelcast:4.1-BETA-1,2420.0
com.hazelcast:hazelcast:5.1.1,com.hazelcast:hazelcast:5.3.2,1455.0
org.eclipse.jetty:jetty-client:9.4.53.v20231009,org.eclipse.jetty:jetty-client:9.4.40.v20210413,12.0
org.eclipse.jetty:jetty-client:9.4.53.v20231009,org.eclipse.jetty:jetty-client:9.4.52.v20230823,0.0
org.eclipse.jetty:jetty-client:9.4.53.v20231009,org.eclipse.jetty:jetty-client:9.4.33.v20201020,14.0
org.eclipse.jetty:jetty-client:9.4.53.v20231009,org.eclipse.jetty:jetty-client:9.4.54.v20240208,0.0
org.eclipse.jetty:jetty-client:9.4.53.v20231009,org.eclipse.jetty:jetty-client:9.4.51.v20230217,0.0
org.eclipse.jetty:jetty-client:9.4.53.v20231009,org.eclipse.jetty:jetty-client:9.4.49.v20220914,0.0
org.apache.tomcat.embed:tomcat-embed-core:10.1.5,org.apache.tomcat.embed:tomcat-embed-core:9.0.74,445.0
org.apache.tomcat.embed:tomcat-embed-core:10.1.5,org.apache.tomcat.embed:tomcat-embed-core:9.0.73,440.0
org.apache.httpcomponents:httpclient:4.5.13,org.apache.httpcomponents:httpclient:4.5.14,5.0
org.apache.tomcat.embed:tomcat-embed-core:10.1.5,org.apache.tomcat.embed:tomcat-embed-core:8.5.95,576.0
org.apache.tomcat.embed:tomcat-embed-core:10.1.5,org.apache.tomcat.embed:tomcat-embed-core:8.5.72,575.0
org.apache.tomcat.embed:tomcat-embed-core:10.1.5,org.apache.tomcat.embed:tomcat-embed-core:8.5.97,580.0
org.apache.tomcat.embed:tomcat-embed-core:10.1.5,org.apache.tomcat.embed:tomcat-embed-core:8.5.96,579.0
org.apache.tomcat.embed:tomcat-embed-core:10.1.5,org.apache.tomcat.embed:tomcat-embed-core:8.5.93,578.0
org.apache.tomcat.embed:tomcat-embed-core:10.1.5,org.apache.tomcat.embed:tomcat-embed-core:10.1.20,130.0
org.springframework:spring-core:6.1.11,org.springframework:spring-core:5.3.31,292.0
org.apache.tomcat.embed:tomcat-embed-core:10.1.5,org.apache.tomcat.embed:tomcat-embed-core:8.5.99,580.0
org.springframework:spring-core:6.1.11,org.springframework:spring-core:5.3.30,292.0
org.apache.tomcat.embed:tomcat-embed-core:10.1.5,org.apache.tomcat.embed:tomcat-embed-core:8.5.98,580.0
org.springframework:spring-core:6.1.11,org.springframework:spring-core:5.3.24,301.0
org.springframework:spring-core:6.1.11,org.springframework:spring-core:5.2.0.RELEASE,355.0
org.springframework.boot:spring-boot-actuator-autoconfigure:3.2.9,org.springframework.boot:spring-boot-actuator-autoconfigure:3.1.7,71.0
org.springframework:spring-core:6.1.11,org.springframework:spring-core:6.0.3,102.0
org.springframework.boot:spring-boot-actuator-autoconfigure:3.2.9,org.springframework.boot:spring-boot-actuator-autoconfigure:3.3.2,29.0
org.springframework:spring-core:6.1.11,org.springframework:spring-core:6.0.2,103.0
org.springframework.boot:spring-boot-actuator-autoconfigure:3.2.9,org.springframework.boot:spring-boot-actuator-autoconfigure:3.1.4,74.0
org.springframework:spring-core:6.1.11,org.springframework:spring-core:6.0.0,103.0
org.springframework.boot:spring-boot-actuator-autoconfigure:3.2.9,org.springframework.boot:spring-boot-actuator-autoconfigure:3.3.3,29.0
org.springframework:spring-core:6.1.11,org.springframework:spring-core:6.1.12,1.0
org.springframework.boot:spring-boot-actuator-autoconfigure:3.2.9,org.springframework.boot:spring-boot-actuator-autoconfigure:3.1.5,73.0
org.springframework.boot:spring-boot-actuator-autoconfigure:3.2.9,org.springframework.boot:spring-boot-actuator-autoconfigure:3.1.8,71.0
org.springframework.boot:spring-boot-actuator-autoconfigure:3.2.9,org.springframework.boot:spring-boot-actuator-autoconfigure:3.1.9,70.0
org.springframework.boot:spring-boot-actuator-autoconfigure:3.2.9,org.springframework.boot:spring-boot-actuator-autoconfigure:3.1.12,69.0
org.springframework.boot:spring-boot-actuator-autoconfigure:3.2.9,org.springframework.boot:spring-boot-actuator-autoconfigure:3.1.11,70.0
org.springframework.boot:spring-boot-actuator-autoconfigure:3.2.9,org.springframework.boot:spring-boot-actuator-autoconfigure:3.1.10,70.0
org.apache.httpcomponents:httpclient:4.5.13,org.apache.httpcomponents:httpclient:4.5.2,38.0
org.apache.httpcomponents:httpclient:4.5.13,org.apache.httpcomponents:httpclient:4.5.3,33.0
org.apache.httpcomponents:httpclient:4.5.13,org.apache.httpcomponents:httpclient:4.5.6,19.0
org.apache.httpcomponents:httpclient:4.5.13,org.apache.httpcomponents:httpclient:4.0.1,323.0
org.apache.kafka:kafka-clients:2.8.1,org.apache.kafka:kafka-clients:0.10.0.1,1702.0
org.apache.kafka:kafka-clients:2.8.1,org.apache.kafka:kafka-clients:3.4.0,390.0
org.apache.kafka:kafka-clients:2.8.1,org.apache.kafka:kafka-clients:1.1.1,1507.0
org.apache.kafka:kafka-clients:2.8.1,org.apache.kafka:kafka-clients:2.8.0,9.0
org.apache.tomcat.embed:tomcat-embed-core:10.1.5,org.apache.tomcat.embed:tomcat-embed-core:8.5.78,553.0
org.apache.tomcat.embed:tomcat-embed-core:10.1.5,org.apache.tomcat.embed:tomcat-embed-core:9.0.71,395.0
org.apache.kafka:kafka-clients:2.8.1,org.apache.kafka:kafka-clients:2.6.0,1006.0
org.apache.tomcat.embed:tomcat-embed-core:10.1.5,org.apache.tomcat.embed:tomcat-embed-core:10.1.28,161.0
org.apache.tomcat.embed:tomcat-embed-core:10.1.5,org.apache.tomcat.embed:tomcat-embed-core:9.0.70,397.0
org.apache.tomcat.embed:tomcat-embed-core:10.1.5,org.apache.tomcat.embed:tomcat-embed-core:10.1.26,152.0
org.apache.tomcat.embed:tomcat-embed-core:10.1.5,org.apache.tomcat.embed:tomcat-embed-core:10.1.25,150.0
org.apache.tomcat.embed:tomcat-embed-core:10.1.5,org.apache.tomcat.embed:tomcat-embed-core:10.1.24,144.0
org.apache.tomcat.embed:tomcat-embed-core:10.1.5,org.apache.tomcat.embed:tomcat-embed-core:9.0.68,411.0
org.springframework:spring-core:6.1.11,org.springframework:spring-core:5.3.17,309.0
org.apache.tomcat.embed:tomcat-embed-core:10.1.5,org.apache.tomcat.embed:tomcat-embed-core:10.1.7,69.0
org.springframework:spring-core:6.1.11,org.springframework:spring-core:5.3.15,309.0
org.apache.tomcat.embed:tomcat-embed-core:10.1.5,org.apache.tomcat.embed:tomcat-embed-core:10.1.8,84.0
org.springframework:spring-core:6.1.11,org.springframework:spring-core:5.3.19,308.0
org.springframework:spring-core:6.1.11,org.springframework:spring-core:5.3.18,308.0
org.springframework.boot:spring-boot-actuator-autoconfigure:3.2.9,org.springframework.boot:spring-boot-actuator-autoconfigure:3.0.11,88.0
org.springframework:spring-core:6.1.11,org.springframework:spring-core:6.1.9,1.0
org.springframework.boot:spring-boot-actuator-autoconfigure:3.2.9,org.springframework.boot:spring-boot-actuator-autoconfigure:3.3.0,29.0
org.springframework:spring-core:6.1.11,org.springframework:spring-core:6.1.8,1.0
org.springframework.boot:spring-boot-actuator-autoconfigure:3.2.9,org.springframework.boot:spring-boot-actuator-autoconfigure:3.1.2,84.0
org.springframework:spring-core:6.1.11,org.springframework:spring-core:6.1.7,1.0
org.springframework.boot:spring-boot-actuator-autoconfigure:3.2.9,org.springframework.boot:spring-boot-actuator-autoconfigure:3.3.1,29.0
org.springframework:spring-core:6.1.11,org.springframework:spring-core:6.1.5,3.0
org.springframework.boot:spring-boot-actuator-autoconfigure:3.2.9,org.springframework.boot:spring-boot-actuator-autoconfigure:3.1.3,76.0
org.springframework:spring-core:6.1.11,org.springframework:spring-core:6.1.4,4.0
org.springframework.boot:spring-boot-actuator-autoconfigure:3.2.9,org.springframework.boot:spring-boot-actuator-autoconfigure:3.1.0,85.0
org.springframework:spring-core:6.1.11,org.springframework:spring-core:5.3.20,306.0
org.springframework.boot:spring-boot-actuator-autoconfigure:3.2.9,org.springframework.boot:spring-boot-actuator-autoconfigure:3.1.1,84.0
org.springframework:spring-core:6.1.11,org.springframework:spring-core:3.0.3.RELEASE,755.0
org.springframework.boot:spring-boot-actuator-autoconfigure:3.2.9,org.springframework.boot:spring-boot-actuator-autoconfigure:2.5.15,257.0
org.springframework.boot:spring-boot-actuator-autoconfigure:3.2.9,org.springframework.boot:spring-boot-actuator-autoconfigure:3.0.12,87.0
org.springframework.boot:spring-boot-actuator-autoconfigure:3.2.9,org.springframework.boot:spring-boot-actuator-autoconfigure:3.0.13,87.0
org.springframework.boot:spring-boot-actuator-autoconfigure:3.2.9,org.springframework.boot:spring-boot-actuator-autoconfigure:3.0.10,90.0
org.apache.kafka:kafka-clients:2.8.1,org.apache.kafka:kafka-clients:3.7.0,671.0
org.apache.kafka:kafka-clients:2.8.1,org.apache.kafka:kafka-clients:2.8.2,12.0
io.dropwizard.metrics:metrics-core:4.2.19,io.dropwizard.metrics:metrics-core:3.1.2,35.0
io.dropwizard.metrics:metrics-core:4.2.19,io.dropwizard.metrics:metrics-core:4.0.7,22.0
org.springframework:spring-aop:6.1.11,org.springframework:spring-aop:6.0.11,14.0
org.springframework:spring-aop:6.1.11,org.springframework:spring-aop:6.0.10,15.0
io.micrometer:micrometer-observation:1.12.9,io.micrometer:micrometer-observation:1.10.13,6.0
org.springframework:spring-aop:6.1.11,org.springframework:spring-aop:6.0.16,14.0
io.micrometer:micrometer-observation:1.12.9,io.micrometer:micrometer-observation:1.10.11,7.0
org.springframework:spring-aop:6.1.11,org.springframework:spring-aop:6.0.15,14.0
io.micrometer:micrometer-observation:1.12.9,io.micrometer:micrometer-observation:1.10.12,6.0
io.micrometer:micrometer-observation:1.12.9,io.micrometer:micrometer-observation:1.10.10,7.0
org.springframework:spring-aop:6.1.11,org.springframework:spring-aop:6.0.13,14.0
org.springframework.boot:spring-boot-starter:3.2.7,org.springframework.boot:spring-boot-starter:3.2.9,0.0
org.springframework:spring-aop:6.1.11,org.springframework:spring-aop:5.2.0.RELEASE,41.0
org.springframework:spring-core:6.1.11,org.springframework:spring-core:6.0.5,83.0
org.springframework:spring-aop:6.1.11,org.springframework:spring-aop:5.3.31,38.0
io.micrometer:micrometer-observation:1.12.9,io.micrometer:micrometer-observation:1.10.9,10.0
org.springframework:spring-aop:6.1.11,org.springframework:spring-aop:5.3.30,38.0
io.micrometer:micrometer-observation:1.12.9,io.micrometer:micrometer-observation:1.11.7,3.0
org.springframework:spring-aop:6.1.11,org.springframework:spring-aop:6.0.12,14.0
io.micrometer:micrometer-observation:1.12.9,io.micrometer:micrometer-observation:1.12.6,0.0
io.micrometer:micrometer-observation:1.12.9,io.micrometer:micrometer-observation:1.10.8,12.0
org.springframework.boot:spring-boot-starter:3.2.7,org.springframework.boot:spring-boot-starter:3.2.1,0.0
org.springframework:spring-core:6.1.11,org.springframework:spring-core:5.3.25,301.0
org.springframework.boot:spring-boot-starter:3.2.7,org.springframework.boot:spring-boot-starter:3.0.4,0.0
org.springframework.boot:spring-boot-starter:3.2.7,org.springframework.boot:spring-boot-starter:3.2.2,0.0
org.springframework:spring-core:6.1.11,org.springframework:spring-core:5.3.29,294.0
org.springframework.boot:spring-boot-starter:3.2.7,org.springframework.boot:spring-boot-starter:3.0.1,0.0
org.springframework.boot:spring-boot-starter:3.2.7,org.springframework.boot:spring-boot-starter:3.0.2,0.0
org.springframework.boot:spring-boot-starter:3.2.7,org.springframework.boot:spring-boot-starter:3.2.0,0.0
org.springframework.boot:spring-boot-starter:3.2.7,org.springframework.boot:spring-boot-starter:3.0.7,0.0
org.springframework:spring-core:6.1.11,org.springframework:spring-core:5.3.23,302.0
org.springframework.boot:spring-boot-starter:3.2.7,org.springframework.boot:spring-boot-starter:3.0.9,0.0
org.springframework:spring-core:6.1.11,org.springframework:spring-core:5.3.22,302.0
org.springframework.boot:spring-boot-starter:3.2.7,org.springframework.boot:spring-boot-starter:3.2.8,0.0
org.springframework:spring-core:6.1.11,org.springframework:spring-core:5.3.28,294.0
org.springframework.boot:spring-boot-starter:3.2.7,org.springframework.boot:spring-boot-starter:2.7.18,0.0
org.springframework.boot:spring-boot-starter:3.2.7,org.springframework.boot:spring-boot-starter:3.0.3,0.0
org.springframework:spring-core:6.1.11,org.springframework:spring-core:5.3.26,295.0
com.hazelcast:hazelcast:5.1.1,com.hazelcast:hazelcast:5.2.4,523.0
com.hazelcast:hazelcast:5.1.1,com.hazelcast:hazelcast:3.12.2,6318.0
org.eclipse.jetty:jetty-client:9.4.48.v20220622,org.eclipse.jetty:jetty-client:9.4.53.v20231009,2.0
org.springframework:spring-aop:6.1.11,org.springframework:spring-aop:5.3.26,38.0
org.springframework:spring-aop:6.1.11,org.springframework:spring-aop:6.1.0,9.0
org.springframework:spring-aop:6.1.11,org.springframework:spring-aop:5.3.25,38.0
org.springframework:spring-aop:6.1.11,org.springframework:spring-aop:5.3.24,38.0
org.springframework:spring-aop:6.1.11,org.springframework:spring-aop:5.3.23,38.0
org.springframework:spring-aop:6.1.11,org.springframework:spring-aop:5.3.9,38.0
io.micrometer:micrometer-observation:1.12.9,io.micrometer:micrometer-observation:1.10.5,15.0
org.springframework:spring-aop:6.1.11,org.springframework:spring-aop:5.3.22,38.0
io.micrometer:micrometer-observation:1.12.9,io.micrometer:micrometer-observation:1.11.3,4.0
org.springframework:spring-aop:6.1.11,org.springframework:spring-aop:6.1.12,0.0
io.micrometer:micrometer-observation:1.12.9,io.micrometer:micrometer-observation:1.13.1,0.0
io.micrometer:micrometer-observation:1.12.9,io.micrometer:micrometer-observation:1.10.4,15.0
org.springframework:spring-aop:6.1.11,org.springframework:spring-aop:5.3.4,38.0
io.micrometer:micrometer-observation:1.12.9,io.micrometer:micrometer-observation:1.12.1,0.0
org.springframework:spring-aop:6.1.11,org.springframework:spring-aop:5.3.27,38.0
io.micrometer:micrometer-observation:1.12.9,io.micrometer:micrometer-observation:1.11.1,9.0
io.micrometer:micrometer-observation:1.12.9,io.micrometer:micrometer-observation:1.10.2,18.0
io.micrometer:micrometer-observation:1.12.9,io.micrometer:micrometer-observation:1.12.0,0.0
io.micrometer:micrometer-observation:1.12.9,io.micrometer:micrometer-observation:1.12.3,0.0
io.micrometer:micrometer-observation:1.12.9,io.micrometer:micrometer-observation:1.11.4,4.0
io.micrometer:micrometer-observation:1.12.9,io.micrometer:micrometer-observation:1.13.2,0.0
org.eclipse.jetty:jetty-client:9.4.48.v20220622,org.eclipse.jetty:jetty-client:9.4.55.v20240627,2.0
org.eclipse.jetty:jetty-client:9.4.48.v20220622,org.eclipse.jetty:jetty-client:9.4.40.v20210413,11.0
org.eclipse.jetty:jetty-client:9.4.48.v20220622,org.eclipse.jetty:jetty-client:9.4.52.v20230823,2.0
org.eclipse.jetty:jetty-client:9.4.48.v20220622,org.eclipse.jetty:jetty-client:9.4.33.v20201020,14.0
org.eclipse.jetty:jetty-client:9.4.48.v20220622,org.eclipse.jetty:jetty-client:9.4.54.v20240208,2.0
org.eclipse.jetty:jetty-client:9.4.48.v20220622,org.eclipse.jetty:jetty-client:9.4.51.v20230217,2.0
org.eclipse.jetty:jetty-client:9.4.48.v20220622,org.eclipse.jetty:jetty-client:9.4.49.v20220914,2.0
org.apache.tomcat.embed:tomcat-embed-core:8.5.78,org.apache.tomcat.embed:tomcat-embed-core:8.5.69,75.0
org.apache.tomcat.embed:tomcat-embed-core:8.5.78,org.apache.tomcat.embed:tomcat-embed-core:10.1.10,651.0
org.apache.tomcat.embed:tomcat-embed-core:8.5.78,org.apache.tomcat.embed:tomcat-embed-core:8.5.65,91.0
org.springframework:spring-aop:6.1.11,org.springframework:spring-aop:6.1.8,0.0
org.springframework:spring-aop:6.1.11,org.springframework:spring-aop:6.1.5,1.0
org.springframework:spring-aop:6.1.11,org.springframework:spring-aop:6.1.3,1.0
org.springframework:spring-aop:6.1.11,org.springframework:spring-aop:6.1.4,1.0
io.micrometer:micrometer-observation:1.12.9,io.micrometer:micrometer-observation:1.11.5,3.0
org.springframework:spring-aop:6.1.11,org.springframework:spring-aop:5.3.29,38.0
io.micrometer:micrometer-observation:1.12.9,io.micrometer:micrometer-observation:1.12.4,0.0
org.springframework:spring-aop:6.1.11,org.springframework:spring-aop:6.1.1,9.0
io.micrometer:micrometer-observation:1.12.9,io.micrometer:micrometer-observation:1.13.3,0.0
org.springframework:spring-aop:6.1.11,org.springframework:spring-aop:5.3.28,38.0
io.micrometer:micrometer-observation:1.12.9,io.micrometer:micrometer-observation:1.10.6,14.0
org.springframework:spring-aop:6.1.11,org.springframework:spring-aop:6.1.2,2.0
io.micrometer:micrometer-observation:1.12.9,io.micrometer:micrometer-observation:1.11.8,3.0
org.springframework:spring-aop:6.1.11,org.springframework:spring-aop:6.1.9,0.0
io.micrometer:micrometer-observation:1.12.9,io.micrometer:micrometer-observation:1.12.2,0.0
org.springframework:spring-aop:6.1.11,org.springframework:spring-aop:5.3.20,38.0
io.micrometer:micrometer-observation:1.12.9,io.micrometer:micrometer-observation:1.11.10,3.0
org.springframework:spring-aop:6.1.11,org.springframework:spring-aop:6.1.7,0.0
io.micrometer:micrometer-observation:1.12.9,io.micrometer:micrometer-observation:1.11.6,3.0
io.micrometer:micrometer-observation:1.12.9,io.micrometer:micrometer-observation:1.12.5,0.0
io.micrometer:micrometer-observation:1.12.9,io.micrometer:micrometer-observation:1.10.7,14.0
io.micrometer:micrometer-observation:1.12.9,io.micrometer:micrometer-observation:1.11.11,3.0
org.springframework:spring-beans:6.0.12,org.springframework:spring-beans:6.1.10,21.0
org.springframework:spring-beans:6.0.12,org.springframework:spring-beans:6.0.4,14.0
org.springframework:spring-beans:6.0.12,org.springframework:spring-beans:6.0.3,15.0
org.springframework:spring-beans:6.0.12,org.springframework:spring-beans:6.0.6,14.0
org.springframework:spring-beans:6.0.12,org.springframework:spring-beans:6.0.5,14.0
org.apache.tomcat.embed:tomcat-embed-el:10.1.7,org.apache.tomcat.embed:tomcat-embed-el:10.1.13,1.0
org.apache.tomcat.embed:tomcat-embed-el:10.1.7,org.apache.tomcat.embed:tomcat-embed-el:10.1.12,1.0
org.apache.tomcat.embed:tomcat-embed-el:10.1.7,org.apache.tomcat.embed:tomcat-embed-el:10.1.11,1.0
org.apache.tomcat.embed:tomcat-embed-el:10.1.7,org.apache.tomcat.embed:tomcat-embed-el:10.1.18,2.0
org.apache.tomcat.embed:tomcat-embed-el:10.1.7,org.apache.tomcat.embed:tomcat-embed-el:9.0.80,97.0
org.apache.tomcat.embed:tomcat-embed-el:10.1.7,org.apache.tomcat.embed:tomcat-embed-el:10.1.17,2.0
org.apache.tomcat.embed:tomcat-embed-el:10.1.7,org.apache.tomcat.embed:tomcat-embed-el:10.1.16,2.0
org.apache.tomcat.embed:tomcat-embed-el:10.1.7,org.apache.tomcat.embed:tomcat-embed-el:9.0.82,97.0
org.apache.tomcat.embed:tomcat-embed-el:10.1.7,org.apache.tomcat.embed:tomcat-embed-el:10.1.15,1.0
org.apache.tomcat.embed:tomcat-embed-el:10.1.7,org.apache.tomcat.embed:tomcat-embed-el:10.1.20,2.0
io.micrometer:micrometer-observation:1.10.11,io.micrometer:micrometer-observation:1.10.12,1.0
io.micrometer:micrometer-observation:1.10.11,io.micrometer:micrometer-observation:1.10.10,0.0
org.springframework:spring-beans:6.0.12,org.springframework:spring-beans:6.1.11,21.0
org.springframework:spring-beans:6.0.12,org.springframework:spring-beans:6.1.12,21.0
org.springframework:spring-beans:6.0.12,org.springframework:spring-beans:5.3.30,82.0
org.springframework:spring-beans:6.0.12,org.springframework:spring-beans:6.0.2,16.0
org.springframework:spring-beans:6.0.12,org.springframework:spring-beans:5.3.31,82.0
org.springframework:spring-beans:6.0.12,org.springframework:spring-beans:6.0.21,0.0
org.apache.tomcat.embed:tomcat-embed-websocket:10.1.5,org.apache.tomcat.embed:tomcat-embed-websocket:10.1.17,8.0
org.apache.tomcat.embed:tomcat-embed-websocket:10.1.5,org.apache.tomcat.embed:tomcat-embed-websocket:10.1.18,8.0
org.apache.tomcat.embed:tomcat-embed-websocket:10.1.5,org.apache.tomcat.embed:tomcat-embed-websocket:10.1.15,8.0
org.apache.tomcat.embed:tomcat-embed-websocket:10.1.5,org.apache.tomcat.embed:tomcat-embed-websocket:10.1.16,8.0
org.apache.tomcat.embed:tomcat-embed-websocket:10.1.5,org.apache.tomcat.embed:tomcat-embed-websocket:10.1.13,8.0
org.apache.tomcat.embed:tomcat-embed-websocket:10.1.5,org.apache.tomcat.embed:tomcat-embed-websocket:9.0.70,110.0
org.apache.tomcat.embed:tomcat-embed-websocket:10.1.5,org.apache.tomcat.embed:tomcat-embed-websocket:9.0.71,110.0
org.apache.tomcat.embed:tomcat-embed-websocket:10.1.5,org.apache.tomcat.embed:tomcat-embed-websocket:10.1.11,8.0
org.apache.tomcat.embed:tomcat-embed-websocket:10.1.5,org.apache.tomcat.embed:tomcat-embed-websocket:10.1.12,8.0
org.springframework:spring-beans:6.0.12,org.springframework:spring-beans:3.0.3.RELEASE,191.0
org.springframework:spring-beans:6.0.12,org.springframework:spring-beans:6.0.8,10.0
org.springframework:spring-beans:6.0.12,org.springframework:spring-beans:6.0.7,11.0
org.springframework:spring-beans:6.0.12,org.springframework:spring-beans:6.0.9,9.0
org.springframework:spring-beans:6.0.12,org.springframework:spring-beans:5.3.9,87.0
org.springframework:spring-beans:6.0.12,org.springframework:spring-beans:6.0.0,16.0
io.micrometer:micrometer-observation:1.10.11,io.micrometer:micrometer-observation:1.12.2,5.0
io.micrometer:micrometer-observation:1.10.11,io.micrometer:micrometer-observation:1.11.10,3.0
io.micrometer:micrometer-observation:1.10.11,io.micrometer:micrometer-observation:1.11.6,3.0
io.micrometer:micrometer-observation:1.10.11,io.micrometer:micrometer-observation:1.12.5,5.0
io.micrometer:micrometer-observation:1.10.11,io.micrometer:micrometer-observation:1.10.7,8.0
io.micrometer:micrometer-observation:1.10.11,io.micrometer:micrometer-observation:1.11.11,3.0
io.micrometer:micrometer-observation:1.10.11,io.micrometer:micrometer-observation:1.11.5,3.0
org.springframework.boot:spring-boot-starter:3.2.7,org.springframework.boot:spring-boot-starter:3.0.5,0.0
org.springframework.boot:spring-boot-starter:3.2.7,org.springframework.boot:spring-boot-starter:3.2.3,0.0
org.springframework.boot:spring-boot-starter:3.2.7,org.springframework.boot:spring-boot-starter:3.0.6,0.0
org.springframework.boot:spring-boot-starter:3.2.7,org.springframework.boot:spring-boot-starter:3.2.4,0.0
org.springframework.boot:spring-boot-starter:3.2.7,org.springframework.boot:spring-boot-starter:3.0.0,0.0
org.springframework.boot:spring-boot-starter:3.2.7,org.springframework.boot:spring-boot-starter:2.6.14,0.0
org.springframework.boot:spring-boot-starter:3.2.7,org.springframework.boot:spring-boot-starter:2.6.15,0.0
org.springframework.boot:spring-boot-starter:3.2.7,org.springframework.boot:spring-boot-starter:2.5.15,0.0
org.springframework.boot:spring-boot-starter:3.2.7,org.springframework.boot:spring-boot-starter:3.2.5,0.0
org.springframework.boot:spring-boot-starter:3.2.7,org.springframework.boot:spring-boot-starter:3.0.8,0.0
org.springframework.boot:spring-boot-starter:3.2.7,org.springframework.boot:spring-boot-starter:3.2.6,0.0
io.micrometer:micrometer-observation:1.10.11,io.micrometer:micrometer-observation:1.11.3,2.0
io.micrometer:micrometer-observation:1.10.11,io.micrometer:micrometer-observation:1.13.1,5.0
io.micrometer:micrometer-observation:1.10.11,io.micrometer:micrometer-observation:1.10.4,9.0
io.micrometer:micrometer-observation:1.10.11,io.micrometer:micrometer-observation:1.12.7,5.0
io.micrometer:micrometer-observation:1.10.11,io.micrometer:micrometer-observation:1.10.9,3.0
io.micrometer:micrometer-observation:1.10.11,io.micrometer:micrometer-observation:1.11.7,3.0
io.micrometer:micrometer-observation:1.10.11,io.micrometer:micrometer-observation:1.12.6,5.0
io.micrometer:micrometer-observation:1.10.11,io.micrometer:micrometer-observation:1.10.8,6.0
io.micrometer:micrometer-observation:1.10.11,io.micrometer:micrometer-observation:1.10.13,1.0
org.springframework.boot:spring-boot-starter:3.2.7,org.springframework.boot:spring-boot-starter:3.0.12,0.0
org.springframework.boot:spring-boot-starter:3.2.7,org.springframework.boot:spring-boot-starter:3.0.13,0.0
io.micrometer:micrometer-observation:1.10.11,io.micrometer:micrometer-observation:1.12.4,5.0
io.micrometer:micrometer-observation:1.10.11,io.micrometer:micrometer-observation:1.13.3,5.0
io.micrometer:micrometer-observation:1.10.11,io.micrometer:micrometer-observation:1.10.6,8.0
io.micrometer:micrometer-observation:1.10.11,io.micrometer:micrometer-observation:1.11.8,3.0
org.springframework:spring-beans:6.0.12,org.springframework:spring-beans:5.3.29,82.0
org.apache.tomcat.embed:tomcat-embed-core:8.5.95,org.apache.tomcat.embed:tomcat-embed-core:8.5.98,18.0
org.apache.tomcat.embed:tomcat-embed-core:8.5.95,org.apache.tomcat.embed:tomcat-embed-core:8.5.78,194.0
org.apache.tomcat.embed:tomcat-embed-core:8.5.95,org.apache.tomcat.embed:tomcat-embed-core:9.0.71,363.0
org.apache.tomcat.embed:tomcat-embed-core:8.5.95,org.apache.tomcat.embed:tomcat-embed-core:10.1.28,621.0
org.apache.tomcat.embed:tomcat-embed-core:8.5.95,org.apache.tomcat.embed:tomcat-embed-core:9.0.70,366.0
org.apache.tomcat.embed:tomcat-embed-core:8.5.95,org.apache.tomcat.embed:tomcat-embed-core:10.1.26,615.0
org.apache.tomcat.embed:tomcat-embed-core:8.5.95,org.apache.tomcat.embed:tomcat-embed-core:10.1.25,614.0
org.apache.tomcat.embed:tomcat-embed-core:8.5.95,org.apache.tomcat.embed:tomcat-embed-core:10.1.24,612.0
org.apache.tomcat.embed:tomcat-embed-core:8.5.95,org.apache.tomcat.embed:tomcat-embed-core:9.0.68,376.0
org.apache.tomcat.embed:tomcat-embed-websocket:10.1.5,org.apache.tomcat.embed:tomcat-embed-websocket:10.1.20,9.0
org.apache.tomcat.embed:tomcat-embed-core:8.5.95,org.apache.tomcat.embed:tomcat-embed-core:10.1.7,627.0
org.apache.tomcat.embed:tomcat-embed-core:10.1.5,org.apache.tomcat.embed:tomcat-embed-core:8.5.69,584.0
org.apache.tomcat.embed:tomcat-embed-core:10.1.5,org.apache.tomcat.embed:tomcat-embed-core:10.1.10,97.0
org.apache.tomcat.embed:tomcat-embed-core:10.1.5,org.apache.tomcat.embed:tomcat-embed-core:8.5.65,592.0
org.apache.tomcat.embed:tomcat-embed-core:10.1.5,org.apache.tomcat.embed:tomcat-embed-core:8.5.87,576.0
org.apache.tomcat.embed:tomcat-embed-core:10.1.5,org.apache.tomcat.embed:tomcat-embed-core:8.5.46,683.0
org.apache.tomcat.embed:tomcat-embed-core:10.1.5,org.apache.tomcat.embed:tomcat-embed-core:9.0.82,455.0
org.springframework:spring-beans:6.0.12,org.springframework:spring-beans:6.0.11,4.0
org.springframework:spring-beans:6.0.12,org.springframework:spring-beans:6.0.10,6.0
org.springframework:spring-beans:6.0.12,org.springframework:spring-beans:6.0.13,0.0
org.springframework:spring-beans:6.0.12,org.springframework:spring-beans:5.2.0.RELEASE,94.0
org.springframework:spring-beans:6.0.12,org.springframework:spring-beans:5.3.25,82.0
org.springframework:spring-beans:6.0.12,org.springframework:spring-beans:5.3.26,82.0
org.springframework:spring-beans:6.0.12,org.springframework:spring-beans:5.3.23,83.0
org.springframework:spring-beans:6.0.12,org.springframework:spring-beans:5.3.24,82.0
org.apache.tomcat.embed:tomcat-embed-core:8.5.95,org.apache.tomcat.embed:tomcat-embed-core:10.1.8,623.0
org.apache.tomcat.embed:tomcat-embed-core:8.5.95,org.apache.tomcat.embed:tomcat-embed-core:8.5.100,32.0
org.apache.tomcat.embed:tomcat-embed-core:8.5.95,org.apache.tomcat.embed:tomcat-embed-core:10.1.4,671.0
org.apache.tomcat.embed:tomcat-embed-core:8.5.95,org.apache.tomcat.embed:tomcat-embed-core:9.0.83,268.0
org.apache.tomcat.embed:tomcat-embed-core:8.5.95,org.apache.tomcat.embed:tomcat-embed-core:10.1.19,601.0
org.apache.tomcat.embed:tomcat-embed-core:8.5.95,org.apache.tomcat.embed:tomcat-embed-core:9.0.69,374.0
org.apache.tomcat.embed:tomcat-embed-core:8.5.95,org.apache.tomcat.embed:tomcat-embed-core:8.5.82,180.0
org.apache.tomcat.embed:tomcat-embed-core:10.1.5,org.apache.tomcat.embed:tomcat-embed-core:9.0.80,453.0
org.apache.tomcat.embed:tomcat-embed-core:10.1.5,org.apache.tomcat.embed:tomcat-embed-core:10.1.12,101.0
org.apache.tomcat.embed:tomcat-embed-core:10.1.5,org.apache.tomcat.embed:tomcat-embed-core:9.0.79,453.0
org.apache.tomcat.embed:tomcat-embed-core:10.1.5,org.apache.tomcat.embed:tomcat-embed-core:9.0.78,453.0
org.apache.tomcat.embed:tomcat-embed-core:10.1.5,org.apache.tomcat.embed:tomcat-embed-core:9.0.76,451.0
org.apache.tomcat.embed:tomcat-embed-core:10.1.5,org.apache.tomcat.embed:tomcat-embed-core:9.0.75,445.0
org.springframework:spring-beans:6.0.12,org.springframework:spring-beans:5.3.28,82.0
org.springframework:spring-beans:6.0.12,org.springframework:spring-beans:5.3.22,83.0
org.springframework:spring-beans:6.0.12,org.springframework:spring-beans:5.3.20,83.0
org.springframework:spring-core:6.0.12,org.springframework:spring-core:6.0.14,8.0
org.springframework:spring-core:6.0.12,org.springframework:spring-core:6.0.15,8.0
org.springframework:spring-core:6.0.12,org.springframework:spring-core:6.0.13,4.0
org.springframework:spring-core:6.0.12,org.springframework:spring-core:6.0.10,10.0
org.springframework:spring-core:6.0.12,org.springframework:spring-core:6.0.11,10.0
org.eclipse.jetty:jetty-client:9.4.53.v20231009,org.eclipse.jetty:jetty-client:9.4.55.v20240627,0.0
org.springframework:spring-beans:6.0.12,org.springframework:spring-beans:5.3.18,83.0
org.springframework:spring-beans:6.0.12,org.springframework:spring-beans:5.3.19,83.0
org.springframework:spring-beans:6.0.12,org.springframework:spring-beans:6.1.9,21.0
org.apache.tomcat.embed:tomcat-embed-core:8.5.95,org.apache.tomcat.embed:tomcat-embed-core:9.0.80,264.0
org.apache.tomcat.embed:tomcat-embed-core:8.5.95,org.apache.tomcat.embed:tomcat-embed-core:10.1.12,595.0
org.apache.tomcat.embed:tomcat-embed-core:8.5.95,org.apache.tomcat.embed:tomcat-embed-core:9.0.79,264.0
org.apache.tomcat.embed:tomcat-embed-websocket:10.1.5,org.apache.tomcat.embed:tomcat-embed-websocket:9.0.74,110.0
org.apache.tomcat.embed:tomcat-embed-core:8.5.95,org.apache.tomcat.embed:tomcat-embed-core:9.0.78,266.0
org.apache.tomcat.embed:tomcat-embed-websocket:10.1.5,org.apache.tomcat.embed:tomcat-embed-websocket:9.0.75,110.0
org.apache.tomcat.embed:tomcat-embed-core:8.5.95,org.apache.tomcat.embed:tomcat-embed-core:9.0.76,271.0
org.apache.tomcat.embed:tomcat-embed-websocket:10.1.5,org.apache.tomcat.embed:tomcat-embed-websocket:9.0.73,110.0
org.apache.tomcat.embed:tomcat-embed-websocket:10.1.5,org.apache.tomcat.embed:tomcat-embed-websocket:9.0.78,110.0
org.apache.tomcat.embed:tomcat-embed-websocket:10.1.5,org.apache.tomcat.embed:tomcat-embed-websocket:9.0.79,110.0
org.apache.tomcat.embed:tomcat-embed-websocket:10.1.5,org.apache.tomcat.embed:tomcat-embed-websocket:9.0.76,110.0
io.micrometer:micrometer-observation:1.12.8,io.micrometer:micrometer-observation:1.12.6,0.0
org.apache.tomcat.embed:tomcat-embed-websocket:10.1.5,org.apache.tomcat.embed:tomcat-embed-websocket:10.1.19,9.0
org.apache.tomcat.embed:tomcat-embed-websocket:10.1.5,org.apache.tomcat.embed:tomcat-embed-websocket:10.1.10,8.0
org.apache.tomcat.embed:tomcat-embed-websocket:10.1.5,org.apache.tomcat.embed:tomcat-embed-websocket:10.1.28,9.0
org.apache.tomcat.embed:tomcat-embed-websocket:10.1.5,org.apache.tomcat.embed:tomcat-embed-websocket:10.1.26,10.0
org.springframework:spring-beans:6.0.12,org.springframework:spring-beans:6.0.20,0.0
org.springframework:spring-beans:6.0.12,org.springframework:spring-beans:6.1.3,19.0
org.springframework:spring-beans:6.0.12,org.springframework:spring-beans:6.1.2,19.0
org.springframework:spring-beans:6.0.12,org.springframework:spring-beans:5.3.15,86.0
org.springframework:spring-beans:6.0.12,org.springframework:spring-beans:6.1.5,20.0
org.springframework:spring-beans:6.0.12,org.springframework:spring-beans:6.1.4,20.0
org.springframework:spring-beans:6.0.12,org.springframework:spring-beans:6.1.7,21.0
org.springframework:spring-beans:6.0.12,org.springframework:spring-beans:6.0.17,0.0
org.springframework:spring-beans:6.0.12,org.springframework:spring-beans:6.0.16,0.0
org.apache.tomcat.embed:tomcat-embed-core:8.5.95,org.apache.tomcat.embed:tomcat-embed-core:9.0.75,296.0
org.apache.tomcat.embed:tomcat-embed-core:8.5.95,org.apache.tomcat.embed:tomcat-embed-core:9.0.74,299.0
org.apache.tomcat.embed:tomcat-embed-core:8.5.95,org.apache.tomcat.embed:tomcat-embed-core:9.0.73,306.0
org.apache.tomcat.embed:tomcat-embed-core:8.5.95,org.apache.tomcat.embed:tomcat-embed-core:8.5.72,227.0
org.apache.tomcat.embed:tomcat-embed-core:8.5.95,org.apache.tomcat.embed:tomcat-embed-core:8.5.97,15.0
org.apache.tomcat.embed:tomcat-embed-core:8.5.95,org.apache.tomcat.embed:tomcat-embed-core:8.5.96,14.0
org.apache.tomcat.embed:tomcat-embed-core:8.5.95,org.apache.tomcat.embed:tomcat-embed-core:8.5.93,15.0
org.apache.tomcat.embed:tomcat-embed-websocket:10.1.5,org.apache.tomcat.embed:tomcat-embed-websocket:10.1.24,9.0
org.apache.tomcat.embed:tomcat-embed-core:8.5.95,org.apache.tomcat.embed:tomcat-embed-core:10.1.20,605.0
org.apache.tomcat.embed:tomcat-embed-websocket:10.1.5,org.apache.tomcat.embed:tomcat-embed-websocket:9.0.82,110.0
org.apache.tomcat.embed:tomcat-embed-core:8.5.95,org.apache.tomcat.embed:tomcat-embed-core:8.5.99,25.0
org.apache.tomcat.embed:tomcat-embed-websocket:10.1.5,org.apache.tomcat.embed:tomcat-embed-websocket:10.1.25,9.0
org.apache.tomcat.embed:tomcat-embed-websocket:10.1.5,org.apache.tomcat.embed:tomcat-embed-websocket:9.0.80,110.0
org.apache.tomcat.embed:tomcat-embed-websocket:10.1.5,org.apache.tomcat.embed:tomcat-embed-websocket:9.0.83,110.0
org.apache.tomcat.embed:tomcat-embed-websocket:10.1.5,org.apache.tomcat.embed:tomcat-embed-websocket:9.0.68,110.0
org.apache.tomcat.embed:tomcat-embed-websocket:10.1.5,org.apache.tomcat.embed:tomcat-embed-websocket:10.1.8,8.0
org.apache.tomcat.embed:tomcat-embed-websocket:10.1.5,org.apache.tomcat.embed:tomcat-embed-websocket:10.1.7,4.0
org.apache.tomcat.embed:tomcat-embed-websocket:10.1.5,org.apache.tomcat.embed:tomcat-embed-websocket:9.0.69,110.0
org.springframework:spring-beans:6.0.12,org.springframework:spring-beans:6.1.8,21.0
org.springframework:spring-beans:6.0.12,org.springframework:spring-beans:5.3.17,83.0
org.springframework:spring-beans:6.0.12,org.springframework:spring-beans:6.0.18,0.0
org.springframework:spring-beans:6.0.12,org.springframework:spring-beans:6.1.1,15.0
org.springframework:spring-beans:6.0.12,org.springframework:spring-beans:6.1.0,15.0
org.springframework:spring-beans:6.0.12,org.springframework:spring-beans:6.0.15,0.0
org.springframework:spring-beans:6.0.12,org.springframework:spring-beans:5.3.4,88.0
org.springframework:spring-beans:6.0.12,org.springframework:spring-beans:6.0.14,0.0
org.springframework:spring-core:6.0.11,org.springframework:spring-core:6.0.5,8.0
io.micrometer:micrometer-observation:1.10.11,io.micrometer:micrometer-observation:1.12.9,5.0
io.micrometer:micrometer-observation:1.10.11,io.micrometer:micrometer-observation:1.12.8,5.0
io.micrometer:micrometer-observation:1.10.11,io.micrometer:micrometer-observation:1.11.9,3.0
io.micrometer:micrometer-observation:1.10.11,io.micrometer:micrometer-observation:1.11.12,3.0
io.micrometer:micrometer-observation:1.10.11,io.micrometer:micrometer-observation:1.11.0,10.0
io.micrometer:micrometer-observation:1.10.11,io.micrometer:micrometer-observation:1.10.1,12.0
io.micrometer:micrometer-observation:1.10.11,io.micrometer:micrometer-observation:1.10.0,13.0
io.micrometer:micrometer-observation:1.10.11,io.micrometer:micrometer-observation:1.11.2,5.0
org.springframework:spring-core:6.0.11,org.springframework:spring-core:6.0.6,8.0
io.micrometer:micrometer-observation:1.10.11,io.micrometer:micrometer-observation:1.12.1,5.0
io.micrometer:micrometer-observation:1.10.11,io.micrometer:micrometer-observation:1.11.1,8.0
io.micrometer:micrometer-observation:1.10.11,io.micrometer:micrometer-observation:1.10.2,12.0
io.micrometer:micrometer-observation:1.10.11,io.micrometer:micrometer-observation:1.12.0,5.0
io.micrometer:micrometer-observation:1.10.11,io.micrometer:micrometer-observation:1.12.3,5.0
io.micrometer:micrometer-observation:1.10.11,io.micrometer:micrometer-observation:1.11.4,2.0
io.micrometer:micrometer-observation:1.10.11,io.micrometer:micrometer-observation:1.13.2,5.0
io.micrometer:micrometer-observation:1.10.11,io.micrometer:micrometer-observation:1.10.5,9.0
io.micrometer:micrometer-observation:1.10.11,io.micrometer:micrometer-observation:1.13.0,5.0
io.micrometer:micrometer-observation:1.10.11,io.micrometer:micrometer-observation:1.10.3,12.0
org.springframework:spring-aop:6.1.11,org.springframework:spring-aop:5.3.19,38.0
org.springframework:spring-aop:6.1.11,org.springframework:spring-aop:5.3.18,38.0
org.springframework:spring-aop:6.1.11,org.springframework:spring-aop:5.3.17,38.0
org.springframework:spring-aop:6.1.11,org.springframework:spring-aop:5.3.15,38.0
org.springframework:spring-aop:6.1.11,org.springframework:spring-aop:6.0.8,23.0
org.springframework:spring-aop:6.1.11,org.springframework:spring-aop:6.0.9,23.0
org.springframework:spring-aop:6.1.11,org.springframework:spring-aop:6.0.6,24.0
org.springframework:spring-aop:6.1.11,org.springframework:spring-aop:6.0.7,23.0
org.springframework:spring-aop:6.1.11,org.springframework:spring-aop:6.0.4,24.0
org.springframework:spring-aop:6.1.11,org.springframework:spring-aop:6.0.5,24.0
com.google.guava:guava:31.1-jre,com.google.guava:guava:23.5-jre,378.0
com.google.guava:guava:31.1-jre,com.google.guava:guava:30.0-jre,125.0
com.google.guava:guava:31.1-jre,com.google.guava:guava:32.1.2-jre,61.0
com.google.guava:guava:31.1-jre,com.google.guava:guava:30.1.1-jre,111.0
org.apache.tomcat.embed:tomcat-embed-core:10.1.7,org.apache.tomcat.embed:tomcat-embed-core:9.0.70,444.0
com.google.guava:guava:31.1-jre,com.google.guava:guava:31.0.1-jre,24.0
org.apache.tomcat.embed:tomcat-embed-core:10.1.7,org.apache.tomcat.embed:tomcat-embed-core:10.1.26,91.0
com.google.guava:guava:31.1-jre,com.google.guava:guava:18.0,679.0
org.apache.tomcat.embed:tomcat-embed-core:10.1.7,org.apache.tomcat.embed:tomcat-embed-core:10.1.25,89.0
org.apache.tomcat.embed:tomcat-embed-core:10.1.7,org.apache.tomcat.embed:tomcat-embed-core:10.1.24,83.0
org.apache.tomcat.embed:tomcat-embed-core:10.1.7,org.apache.tomcat.embed:tomcat-embed-core:9.0.68,458.0
org.apache.tomcat.embed:tomcat-embed-core:10.1.7,org.apache.tomcat.embed:tomcat-embed-core:10.1.8,15.0
org.apache.tomcat.embed:tomcat-embed-core:10.1.7,org.apache.tomcat.embed:tomcat-embed-core:8.5.100,543.0
org.apache.tomcat.embed:tomcat-embed-core:10.1.7,org.apache.tomcat.embed:tomcat-embed-core:10.1.4,74.0
io.netty:netty-resolver:4.1.5.Final,io.netty:netty-resolver:4.1.91.Final,5.0
io.netty:netty-resolver:4.1.5.Final,io.netty:netty-resolver:4.1.81.Final,5.0
com.google.guava:guava:31.1-jre,com.google.guava:guava:25.0-jre,300.0
com.google.guava:guava:31.1-jre,com.google.guava:guava:32.0.1-android,257.0
com.google.guava:guava:31.1-jre,com.google.guava:guava:15.0,710.0
com.google.guava:guava:31.1-jre,com.google.guava:guava:28.1-jre,239.0
org.hdrhistogram:HdrHistogram:2.1.12,org.hdrhistogram:HdrHistogram:2.1.11,34.0
org.hdrhistogram:HdrHistogram:2.1.12,org.hdrhistogram:HdrHistogram:2.1.8,46.0
org.apache.tomcat.embed:tomcat-embed-core:10.1.7,org.apache.tomcat.embed:tomcat-embed-core:9.0.83,416.0
org.hdrhistogram:HdrHistogram:2.1.12,org.hdrhistogram:HdrHistogram:2.1.9,45.0
org.apache.tomcat.embed:tomcat-embed-core:10.1.7,org.apache.tomcat.embed:tomcat-embed-core:10.1.19,57.0
org.apache.tomcat.embed:tomcat-embed-core:10.1.7,org.apache.tomcat.embed:tomcat-embed-core:9.0.69,453.0
org.apache.tomcat.embed:tomcat-embed-core:10.1.7,org.apache.tomcat.embed:tomcat-embed-core:8.5.82,591.0
jakarta.annotation:jakarta.annotation-api:2.1.1,jakarta.annotation:jakarta.annotation-api:1.3.5,18.0
org.apache.tomcat.embed:tomcat-embed-el:10.1.7,org.apache.tomcat.embed:tomcat-embed-el:9.0.73,97.0
org.apache.tomcat.embed:tomcat-embed-el:10.1.7,org.apache.tomcat.embed:tomcat-embed-el:9.0.74,97.0
com.google.code.findbugs:jsr305:3.0.2,com.google.code.findbugs:jsr305:3.0.1,0.0
com.google.code.findbugs:jsr305:3.0.2,com.google.code.findbugs:jsr305:1.3.9,1.0
com.hazelcast:hazelcast:5.1.1,com.hazelcast:hazelcast:4.2,1766.0
org.apache.logging.log4j:log4j-core:2.17.2,org.apache.logging.log4j:log4j-core:2.12.1,169.0
org.apache.logging.log4j:log4j-core:2.17.2,org.apache.logging.log4j:log4j-core:2.13.3,122.0
org.apache.logging.log4j:log4j-core:2.17.2,org.apache.logging.log4j:log4j-core:2.7,493.0
org.apache.logging.log4j:log4j-core:2.17.2,org.apache.logging.log4j:log4j-core:2.14.1,109.0
org.apache.logging.log4j:log4j-core:2.17.2,org.apache.logging.log4j:log4j-core:2.17.1,59.0
org.apache.logging.log4j:log4j-core:2.17.2,org.apache.logging.log4j:log4j-core:2.19.0,32.0
org.apache.logging.log4j:log4j-core:2.17.2,org.apache.logging.log4j:log4j-core:2.20.0,41.0
org.apache.tomcat.embed:tomcat-embed-core:10.1.7,org.apache.tomcat.embed:tomcat-embed-core:10.1.12,37.0
org.mongodb:mongodb-driver-sync:4.6.1,org.mongodb:mongodb-driver-sync:4.8.0-beta0,10.0
org.apache.tomcat.embed:tomcat-embed-core:10.1.7,org.apache.tomcat.embed:tomcat-embed-core:9.0.79,410.0
org.apache.tomcat.embed:tomcat-embed-core:10.1.7,org.apache.tomcat.embed:tomcat-embed-core:9.0.78,410.0
org.apache.tomcat.embed:tomcat-embed-core:10.1.7,org.apache.tomcat.embed:tomcat-embed-core:9.0.76,408.0
org.springframework:spring-beans:6.1.11,org.springframework:spring-beans:6.0.5,34.0
org.apache.tomcat.embed:tomcat-embed-core:10.1.7,org.apache.tomcat.embed:tomcat-embed-core:9.0.75,401.0
org.springframework:spring-beans:6.1.11,org.springframework:spring-beans:3.0.3.RELEASE,195.0
org.apache.tomcat.embed:tomcat-embed-core:10.1.7,org.apache.tomcat.embed:tomcat-embed-core:9.0.74,400.0
org.springframework:spring-beans:6.1.11,org.springframework:spring-beans:6.0.8,31.0
org.apache.tomcat.embed:tomcat-embed-core:10.1.7,org.apache.tomcat.embed:tomcat-embed-core:9.0.73,395.0
org.apache.tomcat.embed:tomcat-embed-core:10.1.7,org.apache.tomcat.embed:tomcat-embed-core:8.5.95,535.0
io.netty:netty-resolver:4.1.5.Final,io.netty:netty-resolver:4.1.85.Final,5.0
org.springframework:spring-beans:6.1.11,org.springframework:spring-beans:6.1.12,1.0
org.springframework:spring-beans:6.1.11,org.springframework:spring-beans:6.0.4,34.0
org.springframework:spring-beans:6.1.11,org.springframework:spring-beans:6.0.3,35.0
org.springframework:spring-core:6.0.11,org.springframework:spring-core:6.0.4,28.0
org.springframework:spring-core:6.0.11,org.springframework:spring-core:6.0.3,28.0
org.springframework:spring-core:6.0.11,org.springframework:spring-core:6.0.2,30.0
org.springframework:spring-core:6.0.11,org.springframework:spring-core:6.0.0,30.0
org.springframework:spring-core:6.0.11,org.springframework:spring-core:6.1.12,54.0
org.springframework:spring-core:6.0.11,org.springframework:spring-core:6.1.11,54.0
org.springframework:spring-core:6.0.11,org.springframework:spring-core:6.1.10,54.0
org.springframework:spring-core:6.0.11,org.springframework:spring-core:5.3.31,245.0
org.springframework:spring-core:6.0.11,org.springframework:spring-core:5.3.30,246.0
org.mongodb:mongodb-driver-sync:4.6.1,org.mongodb:mongodb-driver-sync:4.4.0-beta2,19.0
org.springframework:spring-core:6.0.11,org.springframework:spring-core:5.3.24,252.0
org.mongodb:mongodb-driver-sync:4.6.1,org.mongodb:mongodb-driver-sync:4.2.3,27.0
org.mongodb:mongodb-driver-sync:4.6.1,org.mongodb:mongodb-driver-sync:4.3.0-beta1,27.0
org.mongodb:mongodb-driver-sync:4.6.1,org.mongodb:mongodb-driver-sync:4.11.3,15.0
org.mongodb:mongodb-driver-sync:4.6.1,org.mongodb:mongodb-driver-sync:4.4.2,18.0
org.mongodb:mongodb-driver-sync:4.6.1,org.mongodb:mongodb-driver-sync:4.11.2,15.0
org.mongodb:mongodb-driver-sync:4.6.1,org.mongodb:mongodb-driver-sync:4.11.1,15.0
org.apache.tomcat.embed:tomcat-embed-core:10.1.7,org.apache.tomcat.embed:tomcat-embed-core:8.5.72,617.0
org.mongodb:mongodb-driver-sync:4.6.1,org.mongodb:mongodb-driver-sync:4.1.1,31.0
org.apache.tomcat.embed:tomcat-embed-core:10.1.7,org.apache.tomcat.embed:tomcat-embed-core:8.5.97,540.0
org.mongodb:mongodb-driver-sync:4.6.1,org.mongodb:mongodb-driver-sync:4.6.0-alpha0,2.0
org.apache.tomcat.embed:tomcat-embed-core:10.1.7,org.apache.tomcat.embed:tomcat-embed-core:8.5.96,539.0
org.apache.tomcat.embed:tomcat-embed-core:10.1.7,org.apache.tomcat.embed:tomcat-embed-core:8.5.93,537.0
org.apache.tomcat.embed:tomcat-embed-core:10.1.7,org.apache.tomcat.embed:tomcat-embed-core:10.1.20,67.0
org.apache.tomcat.embed:tomcat-embed-core:10.1.7,org.apache.tomcat.embed:tomcat-embed-core:8.5.99,540.0
org.apache.tomcat.embed:tomcat-embed-core:10.1.7,org.apache.tomcat.embed:tomcat-embed-core:8.5.98,540.0
org.apache.tomcat.embed:tomcat-embed-core:10.1.7,org.apache.tomcat.embed:tomcat-embed-core:8.5.78,596.0
io.netty:netty-resolver:4.1.5.Final,io.netty:netty-resolver:4.1.107.Final,5.0
org.apache.tomcat.embed:tomcat-embed-core:10.1.7,org.apache.tomcat.embed:tomcat-embed-core:9.0.71,442.0
io.netty:netty-resolver:4.1.5.Final,io.netty:netty-resolver:4.1.70.Final,5.0
org.apache.tomcat.embed:tomcat-embed-core:10.1.7,org.apache.tomcat.embed:tomcat-embed-core:10.1.28,100.0
io.netty:netty-resolver:4.1.5.Final,io.netty:netty-resolver:4.1.75.Final,5.0
io.netty:netty-resolver:4.1.5.Final,io.netty:netty-resolver:4.1.86.Final,5.0
io.netty:netty-resolver:4.1.5.Final,io.netty:netty-resolver:4.1.96.Final,5.0
io.netty:netty-resolver:4.1.5.Final,io.netty:netty-resolver:4.1.104.Final,5.0
io.netty:netty-resolver:4.1.5.Final,io.netty:netty-resolver:4.1.93.Final,5.0
io.netty:netty-resolver:4.1.5.Final,io.netty:netty-resolver:4.1.108.Final,5.0
org.springframework:spring-core:6.0.11,org.springframework:spring-core:5.3.23,253.0
io.netty:netty-resolver:4.1.5.Final,io.netty:netty-resolver:4.1.43.Final,4.0
org.springframework:spring-core:6.0.11,org.springframework:spring-core:5.3.22,253.0
io.netty:netty-resolver:4.1.5.Final,io.netty:netty-resolver:4.1.112.Final,5.0
org.springframework:spring-core:6.0.11,org.springframework:spring-core:5.3.28,243.0
io.netty:netty-resolver:4.1.5.Final,io.netty:netty-resolver:4.1.17.Final,4.0
org.springframework:spring-core:6.0.11,org.springframework:spring-core:5.3.26,244.0
org.springframework:spring-core:6.0.11,org.springframework:spring-core:5.3.25,251.0
org.springframework:spring-core:6.0.11,org.springframework:spring-core:6.0.9,3.0
org.springframework:spring-core:6.0.11,org.springframework:spring-core:5.3.29,243.0
org.springframework:spring-core:6.0.11,org.springframework:spring-core:6.0.8,6.0
org.mongodb:mongodb-driver-sync:4.6.1,org.mongodb:mongodb-driver-sync:4.8.2,10.0
org.springframework:spring-core:6.0.11,org.springframework:spring-core:6.0.7,8.0
org.mongodb:mongodb-driver-sync:4.6.1,org.mongodb:mongodb-driver-sync:4.9.1,12.0
com.google.guava:guava:31.1-jre,com.google.guava:guava:20.0,561.0
org.glassfish.jersey.core:jersey-server:2.37,org.glassfish.jersey.core:jersey-server:2.43,14.0
org.glassfish.jersey.core:jersey-server:2.37,org.glassfish.jersey.core:jersey-server:2.35,10.0
org.springframework:spring-beans:6.1.11,org.springframework:spring-beans:6.1.9,0.0
org.springframework:spring-beans:6.1.11,org.springframework:spring-beans:6.1.8,0.0
org.springframework:spring-beans:6.1.11,org.springframework:spring-beans:5.3.17,90.0
org.springframework:spring-beans:6.1.11,org.springframework:spring-beans:6.0.18,22.0
org.springframework:spring-beans:6.1.11,org.springframework:spring-beans:6.1.1,11.0
org.springframework:spring-beans:6.1.11,org.springframework:spring-beans:6.1.0,11.0
org.springframework:spring-beans:6.1.11,org.springframework:spring-beans:6.1.5,4.0
org.springframework:spring-beans:6.1.11,org.springframework:spring-beans:6.1.4,5.0
org.springframework:spring-beans:6.1.11,org.springframework:spring-beans:6.1.7,1.0
org.springframework:spring-beans:6.1.11,org.springframework:spring-beans:5.3.18,90.0
org.springframework:spring-beans:6.1.11,org.springframework:spring-beans:5.3.19,90.0
org.glassfish.jersey.core:jersey-server:2.37,org.glassfish.jersey.core:jersey-server:2.39.1,8.0
org.apache.httpcomponents:httpasyncclient:4.1.5,org.apache.httpcomponents:httpasyncclient:4.1.4,3.0
org.apache.tomcat.embed:tomcat-embed-core:8.5.95,org.apache.tomcat.embed:tomcat-embed-core:8.5.69,243.0
org.apache.tomcat.embed:tomcat-embed-core:8.5.95,org.apache.tomcat.embed:tomcat-embed-core:10.1.10,601.0
org.apache.tomcat.embed:tomcat-embed-core:8.5.95,org.apache.tomcat.embed:tomcat-embed-core:8.5.65,258.0
org.apache.tomcat.embed:tomcat-embed-core:8.5.95,org.apache.tomcat.embed:tomcat-embed-core:8.5.87,86.0
org.apache.tomcat.embed:tomcat-embed-core:8.5.95,org.apache.tomcat.embed:tomcat-embed-core:8.5.46,412.0
org.apache.tomcat.embed:tomcat-embed-core:8.5.95,org.apache.tomcat.embed:tomcat-embed-core:9.0.82,261.0
org.springframework:spring-beans:6.1.11,org.springframework:spring-beans:6.0.21,22.0
org.springframework:spring-beans:6.1.11,org.springframework:spring-beans:6.0.20,22.0
org.springframework:spring-beans:6.1.11,org.springframework:spring-beans:6.1.3,6.0
org.springframework:spring-beans:6.1.11,org.springframework:spring-beans:6.1.2,7.0
org.springframework:spring-beans:6.1.11,org.springframework:spring-beans:5.3.15,93.0
org.springframework:spring-beans:6.1.11,org.springframework:spring-beans:6.0.9,31.0
org.springframework:spring-beans:6.1.11,org.springframework:spring-beans:5.3.9,94.0
org.springframework:spring-beans:6.1.11,org.springframework:spring-beans:6.0.0,36.0
org.springframework:spring-beans:6.1.11,org.springframework:spring-beans:5.3.30,89.0
org.springframework:spring-beans:6.1.11,org.springframework:spring-beans:6.0.2,36.0
org.springframework:spring-beans:6.1.11,org.springframework:spring-beans:5.3.31,89.0
com.hazelcast:hazelcast:5.1.1,com.hazelcast:hazelcast:5.0,509.0
com.hazelcast:hazelcast:5.1.1,com.hazelcast:hazelcast:4.1-BETA-1,2420.0
org.apache.tomcat.embed:tomcat-embed-el:10.1.7,org.apache.tomcat.embed:tomcat-embed-el:9.0.75,97.0
org.apache.tomcat.embed:tomcat-embed-el:10.1.7,org.apache.tomcat.embed:tomcat-embed-el:9.0.76,97.0
org.apache.tomcat.embed:tomcat-embed-el:10.1.7,org.apache.tomcat.embed:tomcat-embed-el:9.0.78,97.0
org.apache.tomcat.embed:tomcat-embed-el:10.1.7,org.apache.tomcat.embed:tomcat-embed-el:9.0.79,97.0
org.apache.tomcat.embed:tomcat-embed-el:10.1.7,org.apache.tomcat.embed:tomcat-embed-el:10.1.25,2.0
org.springframework:spring-beans:6.1.11,org.springframework:spring-beans:5.3.29,89.0
org.apache.tomcat.embed:tomcat-embed-el:10.1.7,org.apache.tomcat.embed:tomcat-embed-el:10.1.24,2.0
org.apache.tomcat.embed:tomcat-embed-el:10.1.7,org.apache.tomcat.embed:tomcat-embed-el:10.1.28,2.0
org.springframework:spring-beans:6.1.11,org.springframework:spring-beans:5.3.28,89.0
org.apache.tomcat.embed:tomcat-embed-el:10.1.7,org.apache.tomcat.embed:tomcat-embed-el:9.0.70,97.0
org.springframework:spring-beans:6.1.11,org.springframework:spring-beans:5.3.22,90.0
org.apache.tomcat.embed:tomcat-embed-el:10.1.7,org.apache.tomcat.embed:tomcat-embed-el:9.0.71,97.0
org.springframework:spring-beans:6.1.11,org.springframework:spring-beans:5.3.20,90.0
io.micrometer:micrometer-observation:1.12.8,io.micrometer:micrometer-observation:1.12.9,0.0
io.micrometer:micrometer-observation:1.12.8,io.micrometer:micrometer-observation:1.11.9,3.0
org.springframework:spring-beans:6.1.11,org.springframework:spring-beans:5.3.26,89.0
org.springframework:spring-beans:6.1.11,org.springframework:spring-beans:5.3.23,90.0
org.springframework:spring-beans:6.1.11,org.springframework:spring-beans:5.3.24,89.0
com.hazelcast:hazelcast:5.1.1,com.hazelcast:hazelcast:3.12.2,6318.0
org.eclipse.jetty:jetty-server:9.4.53.v20231009,org.eclipse.jetty:jetty-server:8.2.0.v20160908,216.0
org.eclipse.jetty:jetty-server:9.4.53.v20231009,org.eclipse.jetty:jetty-server:9.4.54.v20240208,0.0
org.eclipse.jetty:jetty-server:9.4.53.v20231009,org.eclipse.jetty:jetty-server:9.4.49.v20220914,3.0
org.eclipse.jetty:jetty-server:9.4.53.v20231009,org.eclipse.jetty:jetty-server:9.4.46.v20220331,4.0
org.eclipse.jetty:jetty-server:9.4.53.v20231009,org.eclipse.jetty:jetty-server:9.4.52.v20230823,0.0
org.eclipse.jetty:jetty-server:9.4.53.v20231009,org.eclipse.jetty:jetty-server:9.4.33.v20201020,24.0
org.eclipse.jetty:jetty-server:9.4.53.v20231009,org.eclipse.jetty:jetty-server:9.4.51.v20230217,0.0
org.apache.tomcat.embed:tomcat-embed-el:10.1.7,org.apache.tomcat.embed:tomcat-embed-el:10.1.26,3.0
org.eclipse.jetty:jetty-server:9.4.53.v20231009,org.eclipse.jetty:jetty-server:9.2.28.v20190418,191.0
org.apache.tomcat.embed:tomcat-embed-el:10.1.7,org.apache.tomcat.embed:tomcat-embed-el:10.1.10,1.0
org.eclipse.jetty:jetty-server:9.4.53.v20231009,org.eclipse.jetty:jetty-server:9.4.48.v20220622,3.0
org.apache.tomcat.embed:tomcat-embed-el:10.1.7,org.apache.tomcat.embed:tomcat-embed-el:9.0.69,97.0
org.apache.tomcat.embed:tomcat-embed-el:10.1.7,org.apache.tomcat.embed:tomcat-embed-el:10.1.8,1.0
org.apache.tomcat.embed:tomcat-embed-el:10.1.7,org.apache.tomcat.embed:tomcat-embed-el:10.1.4,3.0
org.apache.tomcat.embed:tomcat-embed-el:10.1.7,org.apache.tomcat.embed:tomcat-embed-el:10.1.5,3.0
org.apache.tomcat.embed:tomcat-embed-el:10.1.7,org.apache.tomcat.embed:tomcat-embed-el:9.0.83,97.0
org.springframework:spring-beans:6.1.11,org.springframework:spring-beans:6.0.16,22.0
org.apache.tomcat.embed:tomcat-embed-el:10.1.7,org.apache.tomcat.embed:tomcat-embed-el:10.1.19,2.0
org.springframework:spring-beans:6.1.11,org.springframework:spring-beans:6.0.11,26.0
org.apache.tomcat.embed:tomcat-embed-el:10.1.7,org.apache.tomcat.embed:tomcat-embed-el:9.0.68,98.0
org.springframework:spring-beans:6.1.11,org.springframework:spring-beans:6.0.10,28.0
org.springframework:spring-beans:6.1.11,org.springframework:spring-beans:6.0.13,22.0
org.springframework:spring-beans:6.1.11,org.springframework:spring-beans:5.2.0.RELEASE,100.0
org.springframework:spring-beans:6.1.11,org.springframework:spring-beans:5.3.25,89.0
org.springframework:spring-beans:6.1.11,org.springframework:spring-beans:6.0.15,22.0
org.springframework:spring-beans:6.1.11,org.springframework:spring-beans:5.3.4,95.0
org.springframework:spring-beans:6.1.11,org.springframework:spring-beans:6.0.17,22.0
org.eclipse.jetty:jetty-server:9.4.53.v20231009,org.eclipse.jetty:jetty-server:9.4.55.v20240627,0.0
org.eclipse.jetty:jetty-server:9.4.53.v20231009,org.eclipse.jetty:jetty-server:9.4.44.v20210927,9.0
org.eclipse.jetty:jetty-server:9.4.53.v20231009,org.eclipse.jetty:jetty-server:9.4.40.v20210413,16.0
net.sf.ehcache:ehcache:2.10.9.2,net.sf.ehcache:ehcache:2.10.6,6.0
org.glassfish.jersey.core:jersey-server:2.37,org.glassfish.jersey.core:jersey-server:2.41,13.0
org.springframework:spring-beans:6.0.11,org.springframework:spring-beans:5.3.18,83.0
org.springframework:spring-beans:6.0.11,org.springframework:spring-beans:5.3.19,83.0
org.springframework:spring-beans:6.0.11,org.springframework:spring-beans:6.1.9,25.0
org.springframework:spring-beans:6.0.11,org.springframework:spring-beans:6.1.8,25.0
org.springframework:spring-beans:6.0.11,org.springframework:spring-beans:5.3.17,83.0
org.springframework:spring-beans:6.0.11,org.springframework:spring-beans:6.0.18,4.0
org.springframework:spring-beans:6.0.11,org.springframework:spring-beans:5.3.15,86.0
org.springframework:spring-beans:6.0.11,org.springframework:spring-beans:6.1.5,24.0
org.springframework:spring-beans:6.0.11,org.springframework:spring-beans:6.1.4,24.0
org.springframework:spring-beans:6.0.11,org.springframework:spring-beans:6.1.7,25.0
org.springframework:spring-beans:6.0.11,org.springframework:spring-beans:6.0.17,4.0
org.springframework:spring-beans:6.0.11,org.springframework:spring-beans:6.0.16,4.0
org.springframework:spring-beans:6.0.11,org.springframework:spring-beans:6.0.10,2.0
org.springframework:spring-beans:6.0.11,org.springframework:spring-beans:6.0.13,4.0
org.springframework:spring-beans:6.0.11,org.springframework:spring-beans:6.1.1,19.0
org.springframework:spring-beans:6.0.11,org.springframework:spring-beans:6.1.0,19.0
org.springframework:spring-beans:6.0.11,org.springframework:spring-beans:6.0.15,4.0
org.springframework:spring-beans:6.0.11,org.springframework:spring-beans:5.3.4,88.0
org.springframework:spring-beans:6.0.11,org.springframework:spring-beans:6.0.14,4.0
org.springframework:spring-beans:6.0.11,org.springframework:spring-beans:6.1.10,25.0
org.springframework:spring-beans:6.0.11,org.springframework:spring-beans:6.0.4,11.0
org.springframework:spring-beans:6.0.11,org.springframework:spring-beans:6.0.3,12.0
org.springframework:spring-beans:6.0.11,org.springframework:spring-beans:6.0.6,11.0
org.springframework:spring-beans:6.0.11,org.springframework:spring-beans:6.0.5,11.0
org.springframework:spring-beans:6.0.11,org.springframework:spring-beans:3.0.3.RELEASE,191.0
org.springframework:spring-beans:6.0.11,org.springframework:spring-beans:6.0.8,7.0
org.springframework:spring-beans:6.0.11,org.springframework:spring-beans:6.0.7,8.0
org.springframework:spring-beans:6.0.11,org.springframework:spring-beans:6.1.11,25.0
org.springframework:spring-beans:6.0.11,org.springframework:spring-beans:6.1.12,25.0
org.springframework:spring-beans:6.0.11,org.springframework:spring-beans:5.3.30,82.0
org.springframework:spring-beans:6.0.11,org.springframework:spring-beans:6.0.2,13.0
org.springframework:spring-beans:6.0.11,org.springframework:spring-beans:5.3.31,82.0
org.springframework:spring-beans:6.0.11,org.springframework:spring-beans:6.0.21,4.0
org.springframework:spring-beans:6.0.11,org.springframework:spring-beans:6.0.20,4.0
org.springframework:spring-beans:6.0.11,org.springframework:spring-beans:6.1.3,23.0
org.springframework:spring-beans:6.0.11,org.springframework:spring-beans:6.1.2,23.0
org.springframework:spring-beans:6.0.11,org.springframework:spring-beans:6.0.9,5.0
org.springframework:spring-beans:6.0.11,org.springframework:spring-beans:5.3.9,87.0
org.springframework:spring-beans:6.0.11,org.springframework:spring-beans:6.0.0,13.0
org.springframework:spring-core:6.0.11,org.springframework:spring-core:6.1.9,54.0
org.springframework:spring-core:6.0.11,org.springframework:spring-core:6.1.8,54.0
com.github.ben-manes.caffeine:caffeine:2.9.3,com.github.ben-manes.caffeine:caffeine:2.9.2,87.0
com.github.ben-manes.caffeine:caffeine:2.9.3,com.github.ben-manes.caffeine:caffeine:2.8.6,92.0
com.github.ben-manes.caffeine:caffeine:2.9.3,com.github.ben-manes.caffeine:caffeine:2.8.0,112.0
io.dropwizard.metrics:metrics-core:4.2.22,io.dropwizard.metrics:metrics-core:3.1.2,35.0
io.dropwizard.metrics:metrics-core:4.2.22,io.dropwizard.metrics:metrics-core:4.0.7,22.0
io.dropwizard.metrics:metrics-core:4.2.22,io.dropwizard.metrics:metrics-core:4.2.9,2.0
io.dropwizard.metrics:metrics-core:4.2.22,io.dropwizard.metrics:metrics-core:4.2.17,0.0
io.dropwizard.metrics:metrics-core:4.2.22,io.dropwizard.metrics:metrics-core:4.2.16,0.0
org.apache.tomcat.embed:tomcat-embed-websocket:10.1.7,org.apache.tomcat.embed:tomcat-embed-websocket:9.0.80,110.0
org.apache.tomcat.embed:tomcat-embed-websocket:10.1.7,org.apache.tomcat.embed:tomcat-embed-websocket:9.0.83,110.0
io.dropwizard.metrics:metrics-core:4.2.22,io.dropwizard.metrics:metrics-core:4.2.18,0.0
org.apache.tomcat.embed:tomcat-embed-websocket:10.1.7,org.apache.tomcat.embed:tomcat-embed-websocket:9.0.68,110.0
org.apache.tomcat.embed:tomcat-embed-websocket:10.1.7,org.apache.tomcat.embed:tomcat-embed-websocket:10.1.8,4.0
org.apache.tomcat.embed:tomcat-embed-websocket:10.1.7,org.apache.tomcat.embed:tomcat-embed-websocket:9.0.69,110.0
org.apache.tomcat.embed:tomcat-embed-websocket:10.1.7,org.apache.tomcat.embed:tomcat-embed-websocket:10.1.20,5.0
org.apache.tomcat.embed:tomcat-embed-core:10.1.7,org.apache.tomcat.embed:tomcat-embed-core:8.5.69,626.0
org.springframework:spring-core:6.0.11,org.springframework:spring-core:6.1.3,51.0
org.springframework:spring-core:6.0.11,org.springframework:spring-core:6.1.2,47.0
org.springframework:spring-core:6.0.11,org.springframework:spring-core:6.1.1,46.0
org.springframework:spring-core:6.0.11,org.springframework:spring-core:6.1.0,46.0
org.springframework:spring-core:6.0.11,org.springframework:spring-core:6.0.21,16.0
org.springframework:spring-core:6.0.11,org.springframework:spring-core:6.0.20,16.0
org.springframework:spring-core:6.0.11,org.springframework:spring-core:5.3.4,270.0
org.springframework:spring-core:6.0.11,org.springframework:spring-core:5.3.9,262.0
org.springframework:spring-core:6.0.11,org.springframework:spring-core:5.2.0.RELEASE,309.0
io.dropwizard.metrics:metrics-core:4.2.22,io.dropwizard.metrics:metrics-core:4.0.6,22.0
io.dropwizard.metrics:metrics-core:4.2.22,io.dropwizard.metrics:metrics-core:4.2.20,0.0
io.dropwizard.metrics:metrics-core:4.2.22,io.dropwizard.metrics:metrics-core:4.2.12,1.0
io.dropwizard.metrics:metrics-core:4.2.22,io.dropwizard.metrics:metrics-core:4.2.23,0.0
io.dropwizard.metrics:metrics-core:4.2.22,io.dropwizard.metrics:metrics-core:4.2.26,0.0
io.dropwizard.metrics:metrics-core:4.2.22,io.dropwizard.metrics:metrics-core:4.2.15,1.0
io.dropwizard.metrics:metrics-core:4.2.22,io.dropwizard.metrics:metrics-core:4.2.25,0.0
org.apache.tomcat.embed:tomcat-embed-core:10.1.7,org.apache.tomcat.embed:tomcat-embed-core:10.1.10,32.0
org.apache.logging.log4j:log4j-core:2.17.2,org.apache.logging.log4j:log4j-core:2.11.1,249.0
org.apache.tomcat.embed:tomcat-embed-core:10.1.7,org.apache.tomcat.embed:tomcat-embed-core:8.5.65,634.0
org.apache.logging.log4j:log4j-core:2.17.2,org.apache.logging.log4j:log4j-core:2.21.1,60.0
org.apache.tomcat.embed:tomcat-embed-core:10.1.7,org.apache.tomcat.embed:tomcat-embed-core:8.5.87,534.0
org.apache.tomcat.embed:tomcat-embed-core:10.1.7,org.apache.tomcat.embed:tomcat-embed-core:8.5.46,724.0
org.apache.tomcat.embed:tomcat-embed-core:10.1.7,org.apache.tomcat.embed:tomcat-embed-core:9.0.82,412.0
org.apache.tomcat.embed:tomcat-embed-core:10.1.7,org.apache.tomcat.embed:tomcat-embed-core:9.0.80,410.0
org.springframework:spring-core:6.0.11,org.springframework:spring-core:6.1.7,54.0
org.springframework:spring-core:6.0.11,org.springframework:spring-core:6.1.5,53.0
org.springframework:spring-core:6.0.11,org.springframework:spring-core:6.1.4,52.0
org.springframework:spring-core:6.0.11,org.springframework:spring-core:5.3.20,257.0
org.springframework:spring-core:6.0.11,org.springframework:spring-core:3.0.3.RELEASE,726.0
org.springframework:spring-core:6.0.11,org.springframework:spring-core:5.3.17,260.0
org.springframework:spring-core:6.0.11,org.springframework:spring-core:5.3.15,260.0
org.springframework:spring-core:6.0.11,org.springframework:spring-core:5.3.19,259.0
org.springframework:spring-core:6.0.11,org.springframework:spring-core:5.3.18,259.0
org.apache.logging.log4j:log4j-core:2.17.2,org.apache.logging.log4j:log4j-core:2.23.1,69.0
org.springframework:spring-beans:6.0.11,org.springframework:spring-beans:5.3.29,82.0
org.springframework:spring-beans:6.0.11,org.springframework:spring-beans:5.3.28,82.0
org.springframework:spring-beans:6.0.11,org.springframework:spring-beans:5.3.22,83.0
org.apache.tomcat.embed:tomcat-embed-websocket:10.1.7,org.apache.tomcat.embed:tomcat-embed-websocket:10.1.16,4.0
org.apache.tomcat.embed:tomcat-embed-websocket:10.1.7,org.apache.tomcat.embed:tomcat-embed-websocket:10.1.13,4.0
org.apache.tomcat.embed:tomcat-embed-websocket:10.1.7,org.apache.tomcat.embed:tomcat-embed-websocket:9.0.70,110.0
org.apache.tomcat.embed:tomcat-embed-websocket:10.1.7,org.apache.tomcat.embed:tomcat-embed-websocket:9.0.71,110.0
org.apache.tomcat.embed:tomcat-embed-websocket:10.1.7,org.apache.tomcat.embed:tomcat-embed-websocket:10.1.11,4.0
org.apache.tomcat.embed:tomcat-embed-websocket:10.1.7,org.apache.tomcat.embed:tomcat-embed-websocket:10.1.12,4.0
org.apache.tomcat.embed:tomcat-embed-websocket:10.1.7,org.apache.tomcat.embed:tomcat-embed-websocket:9.0.74,110.0
org.apache.tomcat.embed:tomcat-embed-websocket:10.1.7,org.apache.tomcat.embed:tomcat-embed-websocket:9.0.75,110.0
org.apache.tomcat.embed:tomcat-embed-websocket:10.1.7,org.apache.tomcat.embed:tomcat-embed-websocket:9.0.73,110.0
org.springframework:spring-beans:6.0.11,org.springframework:spring-beans:6.0.12,4.0
org.springframework:spring-beans:6.0.11,org.springframework:spring-beans:5.2.0.RELEASE,94.0
org.springframework:spring-beans:6.0.11,org.springframework:spring-beans:5.3.25,82.0
org.springframework:spring-beans:6.0.11,org.springframework:spring-beans:5.3.26,82.0
org.springframework:spring-beans:6.0.11,org.springframework:spring-beans:5.3.23,83.0
org.springframework:spring-beans:6.0.11,org.springframework:spring-beans:5.3.24,82.0
org.springframework:spring-core:6.0.11,org.springframework:spring-core:6.0.18,16.0
org.springframework:spring-core:6.0.11,org.springframework:spring-core:6.0.16,16.0
org.springframework:spring-core:6.0.11,org.springframework:spring-core:6.0.17,16.0
org.apache.tomcat.embed:tomcat-embed-websocket:10.1.7,org.apache.tomcat.embed:tomcat-embed-websocket:9.0.78,110.0
org.apache.tomcat.embed:tomcat-embed-websocket:10.1.7,org.apache.tomcat.embed:tomcat-embed-websocket:9.0.79,110.0
org.apache.tomcat.embed:tomcat-embed-websocket:10.1.7,org.apache.tomcat.embed:tomcat-embed-websocket:9.0.76,110.0
org.apache.tomcat.embed:tomcat-embed-websocket:10.1.7,org.apache.tomcat.embed:tomcat-embed-websocket:10.1.19,5.0
org.apache.tomcat.embed:tomcat-embed-websocket:10.1.7,org.apache.tomcat.embed:tomcat-embed-websocket:10.1.10,4.0
org.apache.tomcat.embed:tomcat-embed-websocket:10.1.7,org.apache.tomcat.embed:tomcat-embed-websocket:10.1.28,5.0
org.apache.tomcat.embed:tomcat-embed-websocket:10.1.7,org.apache.tomcat.embed:tomcat-embed-websocket:10.1.26,6.0
org.apache.tomcat.embed:tomcat-embed-websocket:10.1.7,org.apache.tomcat.embed:tomcat-embed-websocket:10.1.24,5.0
org.apache.tomcat.embed:tomcat-embed-websocket:10.1.7,org.apache.tomcat.embed:tomcat-embed-websocket:9.0.82,110.0
org.apache.tomcat.embed:tomcat-embed-websocket:10.1.7,org.apache.tomcat.embed:tomcat-embed-websocket:10.1.25,5.0
org.springframework:spring-beans:6.0.11,org.springframework:spring-beans:5.3.20,83.0
org.springframework:spring-core:6.0.11,org.springframework:spring-core:6.0.14,16.0
org.springframework:spring-core:6.0.11,org.springframework:spring-core:6.0.15,16.0
org.springframework:spring-core:6.0.11,org.springframework:spring-core:6.0.12,9.0
org.springframework:spring-core:6.0.11,org.springframework:spring-core:6.0.13,12.0
org.springframework:spring-core:6.0.11,org.springframework:spring-core:6.0.10,1.0
io.micrometer:micrometer-observation:1.12.8,io.micrometer:micrometer-observation:1.11.4,4.0
io.micrometer:micrometer-observation:1.12.8,io.micrometer:micrometer-observation:1.13.2,0.0
io.micrometer:micrometer-observation:1.12.8,io.micrometer:micrometer-observation:1.10.5,15.0
io.micrometer:micrometer-observation:1.12.8,io.micrometer:micrometer-observation:1.11.3,4.0
io.micrometer:micrometer-observation:1.12.8,io.micrometer:micrometer-observation:1.13.1,0.0
io.micrometer:micrometer-observation:1.12.8,io.micrometer:micrometer-observation:1.10.4,15.0
io.micrometer:micrometer-observation:1.12.8,io.micrometer:micrometer-observation:1.12.2,0.0
io.micrometer:micrometer-observation:1.12.8,io.micrometer:micrometer-observation:1.11.10,3.0
io.micrometer:micrometer-observation:1.12.8,io.micrometer:micrometer-observation:1.11.6,3.0
io.micrometer:micrometer-observation:1.12.8,io.micrometer:micrometer-observation:1.12.5,0.0
io.micrometer:micrometer-observation:1.12.8,io.micrometer:micrometer-observation:1.12.3,0.0
io.micrometer:micrometer-observation:1.12.8,io.micrometer:micrometer-observation:1.10.1,18.0
io.micrometer:micrometer-observation:1.12.8,io.micrometer:micrometer-observation:1.10.0,18.0
io.micrometer:micrometer-observation:1.12.8,io.micrometer:micrometer-observation:1.11.2,7.0
io.micrometer:micrometer-observation:1.12.8,io.micrometer:micrometer-observation:1.13.0,0.0
io.micrometer:micrometer-observation:1.12.8,io.micrometer:micrometer-observation:1.10.3,18.0
io.micrometer:micrometer-observation:1.12.8,io.micrometer:micrometer-observation:1.12.1,0.0
io.micrometer:micrometer-observation:1.12.8,io.micrometer:micrometer-observation:1.11.1,9.0
io.micrometer:micrometer-observation:1.12.8,io.micrometer:micrometer-observation:1.10.2,18.0
io.micrometer:micrometer-observation:1.12.8,io.micrometer:micrometer-observation:1.12.0,0.0
io.micrometer:micrometer-observation:1.12.8,io.micrometer:micrometer-observation:1.11.12,3.0
io.micrometer:micrometer-observation:1.12.8,io.micrometer:micrometer-observation:1.11.0,11.0
io.micrometer:micrometer-observation:1.12.8,io.micrometer:micrometer-observation:1.10.7,14.0
io.micrometer:micrometer-observation:1.12.8,io.micrometer:micrometer-observation:1.11.11,3.0
io.micrometer:micrometer-observation:1.12.8,io.micrometer:micrometer-observation:1.11.5,3.0
io.micrometer:micrometer-observation:1.12.8,io.micrometer:micrometer-observation:1.12.4,0.0
io.micrometer:micrometer-observation:1.12.8,io.micrometer:micrometer-observation:1.13.3,0.0
io.micrometer:micrometer-observation:1.12.8,io.micrometer:micrometer-observation:1.10.6,14.0
io.micrometer:micrometer-observation:1.12.8,io.micrometer:micrometer-observation:1.11.8,3.0
io.micrometer:micrometer-observation:1.12.8,io.micrometer:micrometer-observation:1.10.9,10.0
io.micrometer:micrometer-observation:1.12.8,io.micrometer:micrometer-observation:1.11.7,3.0
org.apache.tomcat.embed:tomcat-embed-core:10.1.8,org.apache.tomcat.embed:tomcat-embed-core:8.5.93,535.0
org.apache.tomcat.embed:tomcat-embed-core:10.1.8,org.apache.tomcat.embed:tomcat-embed-core:10.1.20,55.0
org.apache.tomcat.embed:tomcat-embed-core:10.1.8,org.apache.tomcat.embed:tomcat-embed-core:8.5.99,538.0
org.apache.tomcat.embed:tomcat-embed-core:10.1.8,org.apache.tomcat.embed:tomcat-embed-core:8.5.98,538.0
org.apache.tomcat.embed:tomcat-embed-core:10.1.8,org.apache.tomcat.embed:tomcat-embed-core:8.5.78,600.0
org.apache.tomcat.embed:tomcat-embed-core:10.1.8,org.apache.tomcat.embed:tomcat-embed-core:9.0.71,449.0
io.micrometer:micrometer-observation:1.12.9,io.micrometer:micrometer-observation:1.11.9,3.0
org.apache.tomcat.embed:tomcat-embed-core:10.1.8,org.apache.tomcat.embed:tomcat-embed-core:10.1.28,89.0
io.micrometer:micrometer-observation:1.12.9,io.micrometer:micrometer-observation:1.11.12,3.0
org.apache.tomcat.embed:tomcat-embed-core:10.1.8,org.apache.tomcat.embed:tomcat-embed-core:9.0.70,451.0
io.micrometer:micrometer-observation:1.12.9,io.micrometer:micrometer-observation:1.11.0,11.0
org.apache.tomcat.embed:tomcat-embed-core:10.1.8,org.apache.tomcat.embed:tomcat-embed-core:10.1.26,80.0
io.micrometer:micrometer-observation:1.12.9,io.micrometer:micrometer-observation:1.10.1,18.0
org.apache.tomcat.embed:tomcat-embed-core:10.1.8,org.apache.tomcat.embed:tomcat-embed-core:10.1.25,77.0
io.micrometer:micrometer-observation:1.12.9,io.micrometer:micrometer-observation:1.10.0,18.0
org.springframework:spring-beans:6.1.12,org.springframework:spring-beans:5.3.28,89.0
org.springframework:spring-beans:6.1.12,org.springframework:spring-beans:5.3.22,90.0
org.springframework:spring-beans:6.1.12,org.springframework:spring-beans:5.3.20,90.0
io.micrometer:micrometer-observation:1.10.9,io.micrometer:micrometer-observation:1.12.2,8.0
io.micrometer:micrometer-observation:1.10.9,io.micrometer:micrometer-observation:1.11.10,6.0
io.micrometer:micrometer-observation:1.10.9,io.micrometer:micrometer-observation:1.11.6,6.0
io.micrometer:micrometer-observation:1.10.9,io.micrometer:micrometer-observation:1.12.5,8.0
io.micrometer:micrometer-observation:1.10.9,io.micrometer:micrometer-observation:1.10.7,7.0
io.micrometer:micrometer-observation:1.10.9,io.micrometer:micrometer-observation:1.11.11,6.0
io.micrometer:micrometer-observation:1.10.9,io.micrometer:micrometer-observation:1.11.5,6.0
io.micrometer:micrometer-observation:1.10.9,io.micrometer:micrometer-observation:1.12.4,8.0
io.micrometer:micrometer-observation:1.10.9,io.micrometer:micrometer-observation:1.13.3,8.0
io.micrometer:micrometer-observation:1.10.9,io.micrometer:micrometer-observation:1.10.6,7.0
org.apache.tomcat.embed:tomcat-embed-core:10.1.8,org.apache.tomcat.embed:tomcat-embed-core:10.1.24,71.0
org.apache.tomcat.embed:tomcat-embed-core:10.1.8,org.apache.tomcat.embed:tomcat-embed-core:9.0.68,464.0
org.apache.tomcat.embed:tomcat-embed-core:10.1.8,org.apache.tomcat.embed:tomcat-embed-core:8.5.100,541.0
org.apache.tomcat.embed:tomcat-embed-core:10.1.8,org.apache.tomcat.embed:tomcat-embed-core:10.1.4,91.0
org.apache.tomcat.embed:tomcat-embed-core:10.1.8,org.apache.tomcat.embed:tomcat-embed-core:9.0.83,412.0
org.springframework:spring-beans:6.1.12,org.springframework:spring-beans:5.3.26,89.0
org.apache.tomcat.embed:tomcat-embed-core:10.1.8,org.apache.tomcat.embed:tomcat-embed-core:10.1.19,44.0
org.springframework:spring-beans:6.1.12,org.springframework:spring-beans:5.3.23,90.0
org.springframework:spring-beans:6.1.12,org.springframework:spring-beans:5.3.24,89.0
org.springframework:spring-beans:6.1.12,org.springframework:spring-beans:5.3.29,89.0
org.springframework.boot:spring-boot-actuator-autoconfigure:3.2.0,org.springframework.boot:spring-boot-actuator-autoconfigure:3.0.2,95.0
org.springframework:spring-beans:6.1.12,org.springframework:spring-beans:6.0.16,22.0
org.springframework:spring-beans:6.1.12,org.springframework:spring-beans:6.0.10,28.0
org.springframework:spring-beans:6.1.12,org.springframework:spring-beans:6.0.13,22.0
io.micrometer:micrometer-observation:1.10.9,io.micrometer:micrometer-observation:1.11.8,6.0
io.micrometer:micrometer-observation:1.10.9,io.micrometer:micrometer-observation:1.12.7,8.0
org.springframework:spring-beans:6.1.12,org.springframework:spring-beans:5.2.0.RELEASE,100.0
org.springframework:spring-beans:6.1.12,org.springframework:spring-beans:5.3.25,89.0
io.micrometer:micrometer-observation:1.10.9,io.micrometer:micrometer-observation:1.11.7,6.0
io.micrometer:micrometer-observation:1.10.9,io.micrometer:micrometer-observation:1.12.6,8.0
io.micrometer:micrometer-observation:1.10.9,io.micrometer:micrometer-observation:1.10.8,3.0
io.micrometer:micrometer-observation:1.10.9,io.micrometer:micrometer-observation:1.10.13,4.0
io.micrometer:micrometer-observation:1.10.9,io.micrometer:micrometer-observation:1.10.12,4.0
io.micrometer:micrometer-observation:1.10.9,io.micrometer:micrometer-observation:1.10.10,3.0
io.micrometer:micrometer-observation:1.10.9,io.micrometer:micrometer-observation:1.12.1,8.0
org.apache.httpcomponents:httpasyncclient:4.1.5,org.apache.httpcomponents:httpasyncclient:4.1.4,3.0
org.apache.kafka:kafka-clients:2.8.1,org.apache.kafka:kafka-clients:0.10.0.1,1702.0
org.apache.kafka:kafka-clients:2.8.1,org.apache.kafka:kafka-clients:1.1.1,1507.0
org.apache.tomcat.embed:tomcat-embed-core:10.1.8,org.apache.tomcat.embed:tomcat-embed-core:8.5.46,728.0
org.apache.tomcat.embed:tomcat-embed-core:10.1.8,org.apache.tomcat.embed:tomcat-embed-core:9.0.82,408.0
io.micrometer:micrometer-observation:1.12.9,io.micrometer:micrometer-observation:1.11.10,3.0
io.micrometer:micrometer-observation:1.12.9,io.micrometer:micrometer-observation:1.11.6,3.0
io.micrometer:micrometer-observation:1.12.9,io.micrometer:micrometer-observation:1.12.5,0.0
io.micrometer:micrometer-observation:1.12.9,io.micrometer:micrometer-observation:1.10.7,14.0
org.apache.tomcat.embed:tomcat-embed-core:10.1.8,org.apache.tomcat.embed:tomcat-embed-core:9.0.80,406.0
io.micrometer:micrometer-observation:1.12.9,io.micrometer:micrometer-observation:1.11.11,3.0
io.micrometer:micrometer-observation:1.12.9,io.micrometer:micrometer-observation:1.11.5,3.0
io.micrometer:micrometer-observation:1.12.9,io.micrometer:micrometer-observation:1.12.4,0.0
org.apache.tomcat.embed:tomcat-embed-core:10.1.8,org.apache.tomcat.embed:tomcat-embed-core:10.1.12,24.0
io.micrometer:micrometer-observation:1.12.9,io.micrometer:micrometer-observation:1.11.3,4.0
io.micrometer:micrometer-observation:1.12.9,io.micrometer:micrometer-observation:1.10.4,15.0
io.micrometer:micrometer-observation:1.12.9,io.micrometer:micrometer-observation:1.12.2,0.0
io.micrometer:micrometer-observation:1.10.9,io.micrometer:micrometer-observation:1.12.8,8.0
io.micrometer:micrometer-observation:1.10.9,io.micrometer:micrometer-observation:1.11.9,6.0
io.micrometer:micrometer-observation:1.10.9,io.micrometer:micrometer-observation:1.11.12,6.0
io.micrometer:micrometer-observation:1.10.9,io.micrometer:micrometer-observation:1.11.0,9.0
io.micrometer:micrometer-observation:1.10.9,io.micrometer:micrometer-observation:1.10.1,12.0
org.apache.kafka:kafka-clients:2.8.1,org.apache.kafka:kafka-clients:2.8.0,9.0
io.micrometer:micrometer-observation:1.10.9,io.micrometer:micrometer-observation:1.10.0,13.0
io.micrometer:micrometer-observation:1.10.9,io.micrometer:micrometer-observation:1.11.2,2.0
org.apache.kafka:kafka-clients:2.8.1,org.apache.kafka:kafka-clients:2.6.0,1006.0
io.micrometer:micrometer-observation:1.10.9,io.micrometer:micrometer-observation:1.13.0,8.0
io.micrometer:micrometer-observation:1.10.9,io.micrometer:micrometer-observation:1.10.3,12.0
org.eclipse.jetty:jetty-server:9.4.46.v20220331,org.eclipse.jetty:jetty-server:8.2.0.v20160908,215.0
org.eclipse.jetty:jetty-server:9.4.46.v20220331,org.eclipse.jetty:jetty-server:9.4.54.v20240208,3.0
org.eclipse.jetty:jetty-server:9.4.46.v20220331,org.eclipse.jetty:jetty-server:9.4.49.v20220914,1.0
org.eclipse.jetty:jetty-server:9.4.46.v20220331,org.eclipse.jetty:jetty-server:9.4.52.v20230823,3.0
org.apache.tomcat.embed:tomcat-embed-core:10.1.8,org.apache.tomcat.embed:tomcat-embed-core:9.0.79,406.0
org.apache.tomcat.embed:tomcat-embed-core:10.1.8,org.apache.tomcat.embed:tomcat-embed-core:9.0.78,406.0
org.apache.tomcat.embed:tomcat-embed-core:10.1.8,org.apache.tomcat.embed:tomcat-embed-core:9.0.76,404.0
org.apache.tomcat.embed:tomcat-embed-core:10.1.8,org.apache.tomcat.embed:tomcat-embed-core:9.0.75,397.0
io.micrometer:micrometer-observation:1.12.9,io.micrometer:micrometer-observation:1.10.2,18.0
org.apache.tomcat.embed:tomcat-embed-core:10.1.8,org.apache.tomcat.embed:tomcat-embed-core:9.0.74,395.0
io.micrometer:micrometer-observation:1.12.9,io.micrometer:micrometer-observation:1.12.0,0.0
org.apache.tomcat.embed:tomcat-embed-core:10.1.8,org.apache.tomcat.embed:tomcat-embed-core:9.0.73,402.0
io.micrometer:micrometer-observation:1.12.9,io.micrometer:micrometer-observation:1.12.3,0.0
org.apache.tomcat.embed:tomcat-embed-core:10.1.8,org.apache.tomcat.embed:tomcat-embed-core:8.5.95,533.0
io.micrometer:micrometer-observation:1.12.9,io.micrometer:micrometer-observation:1.11.4,4.0
org.apache.tomcat.embed:tomcat-embed-core:10.1.8,org.apache.tomcat.embed:tomcat-embed-core:8.5.72,621.0
org.apache.tomcat.embed:tomcat-embed-core:10.1.8,org.apache.tomcat.embed:tomcat-embed-core:8.5.97,538.0
io.micrometer:micrometer-observation:1.12.9,io.micrometer:micrometer-observation:1.10.5,15.0
org.apache.tomcat.embed:tomcat-embed-core:10.1.8,org.apache.tomcat.embed:tomcat-embed-core:8.5.96,537.0
io.micrometer:micrometer-observation:1.12.9,io.micrometer:micrometer-observation:1.11.2,7.0
io.micrometer:micrometer-observation:1.12.9,io.micrometer:micrometer-observation:1.10.3,18.0
io.micrometer:micrometer-observation:1.12.9,io.micrometer:micrometer-observation:1.12.1,0.0
io.micrometer:micrometer-observation:1.12.9,io.micrometer:micrometer-observation:1.11.1,9.0
io.micrometer:micrometer-observation:1.10.9,io.micrometer:micrometer-observation:1.11.1,5.0
io.micrometer:micrometer-observation:1.10.9,io.micrometer:micrometer-observation:1.10.2,12.0
io.micrometer:micrometer-observation:1.10.9,io.micrometer:micrometer-observation:1.12.0,8.0
io.micrometer:micrometer-observation:1.10.9,io.micrometer:micrometer-observation:1.12.3,8.0
io.micrometer:micrometer-observation:1.10.9,io.micrometer:micrometer-observation:1.11.4,5.0
io.micrometer:micrometer-observation:1.10.9,io.micrometer:micrometer-observation:1.13.2,8.0
io.micrometer:micrometer-observation:1.10.9,io.micrometer:micrometer-observation:1.10.5,9.0
io.micrometer:micrometer-observation:1.10.9,io.micrometer:micrometer-observation:1.11.3,5.0
io.micrometer:micrometer-observation:1.10.9,io.micrometer:micrometer-observation:1.13.1,8.0
io.micrometer:micrometer-observation:1.10.9,io.micrometer:micrometer-observation:1.10.4,9.0
org.apache.tomcat.embed:tomcat-embed-el:10.1.8,org.apache.tomcat.embed:tomcat-embed-el:10.1.4,4.0
org.apache.tomcat.embed:tomcat-embed-el:10.1.8,org.apache.tomcat.embed:tomcat-embed-el:10.1.5,4.0
org.apache.tomcat.embed:tomcat-embed-el:10.1.8,org.apache.tomcat.embed:tomcat-embed-el:9.0.83,97.0
org.apache.tomcat.embed:tomcat-embed-el:10.1.8,org.apache.tomcat.embed:tomcat-embed-el:10.1.19,1.0
org.apache.tomcat.embed:tomcat-embed-el:10.1.8,org.apache.tomcat.embed:tomcat-embed-el:9.0.68,98.0
org.apache.tomcat.embed:tomcat-embed-el:10.1.8,org.apache.tomcat.embed:tomcat-embed-el:10.1.13,0.0
org.apache.tomcat.embed:tomcat-embed-el:10.1.8,org.apache.tomcat.embed:tomcat-embed-el:10.1.12,0.0
org.apache.tomcat.embed:tomcat-embed-el:10.1.8,org.apache.tomcat.embed:tomcat-embed-el:10.1.11,0.0
org.springframework.boot:spring-boot-actuator-autoconfigure:3.2.0,org.springframework.boot:spring-boot-actuator-autoconfigure:3.1.1,66.0
org.springframework.boot:spring-boot-actuator-autoconfigure:3.2.0,org.springframework.boot:spring-boot-actuator-autoconfigure:2.5.15,246.0
org.springframework.boot:spring-boot-actuator-autoconfigure:3.2.0,org.springframework.boot:spring-boot-actuator-autoconfigure:3.0.12,70.0
org.springframework.boot:spring-boot-actuator-autoconfigure:3.2.0,org.springframework.boot:spring-boot-actuator-autoconfigure:3.0.13,70.0
io.micrometer:micrometer-observation:1.12.9,io.micrometer:micrometer-observation:1.10.10,7.0
org.springframework.boot:spring-boot-actuator-autoconfigure:3.2.0,org.springframework.boot:spring-boot-actuator-autoconfigure:3.1.11,55.0
org.springframework:spring-aop:6.1.12,org.springframework:spring-aop:5.3.31,38.0
org.springframework.boot:spring-boot-actuator-autoconfigure:3.2.0,org.springframework.boot:spring-boot-actuator-autoconfigure:3.1.10,55.0
org.springframework.boot:spring-boot-actuator-autoconfigure:3.2.0,org.springframework.boot:spring-boot-actuator-autoconfigure:3.3.0,39.0
org.springframework.boot:spring-boot-actuator-autoconfigure:3.2.0,org.springframework.boot:spring-boot-actuator-autoconfigure:3.1.2,66.0
org.springframework.boot:spring-boot-actuator-autoconfigure:3.2.0,org.springframework.boot:spring-boot-actuator-autoconfigure:3.3.1,39.0
org.springframework.boot:spring-boot-actuator-autoconfigure:3.2.0,org.springframework.boot:spring-boot-actuator-autoconfigure:3.1.3,58.0
org.springframework.boot:spring-boot-actuator-autoconfigure:3.2.0,org.springframework.boot:spring-boot-actuator-autoconfigure:3.1.0,70.0
org.apache.tomcat.embed:tomcat-embed-el:10.1.8,org.apache.tomcat.embed:tomcat-embed-el:10.1.18,1.0
org.apache.tomcat.embed:tomcat-embed-el:10.1.8,org.apache.tomcat.embed:tomcat-embed-el:9.0.80,97.0
org.apache.tomcat.embed:tomcat-embed-el:10.1.8,org.apache.tomcat.embed:tomcat-embed-el:10.1.17,1.0
org.apache.tomcat.embed:tomcat-embed-el:10.1.8,org.apache.tomcat.embed:tomcat-embed-el:10.1.16,1.0
org.apache.tomcat.embed:tomcat-embed-el:10.1.8,org.apache.tomcat.embed:tomcat-embed-el:9.0.82,97.0
org.apache.tomcat.embed:tomcat-embed-el:10.1.8,org.apache.tomcat.embed:tomcat-embed-el:10.1.15,0.0
org.apache.tomcat.embed:tomcat-embed-el:10.1.8,org.apache.tomcat.embed:tomcat-embed-el:10.1.20,1.0
org.apache.tomcat.embed:tomcat-embed-websocket:10.1.7,org.apache.tomcat.embed:tomcat-embed-websocket:10.1.17,4.0
org.apache.tomcat.embed:tomcat-embed-websocket:10.1.7,org.apache.tomcat.embed:tomcat-embed-websocket:10.1.18,4.0
io.micrometer:micrometer-observation:1.12.9,io.micrometer:micrometer-observation:1.10.9,10.0
org.apache.tomcat.embed:tomcat-embed-websocket:10.1.7,org.apache.tomcat.embed:tomcat-embed-websocket:10.1.15,4.0
io.micrometer:micrometer-observation:1.12.9,io.micrometer:micrometer-observation:1.11.7,3.0
io.micrometer:micrometer-observation:1.12.9,io.micrometer:micrometer-observation:1.12.6,0.0
org.springframework.boot:spring-boot-actuator-autoconfigure:3.2.0,org.springframework.boot:spring-boot-actuator-autoconfigure:3.0.5,93.0
io.micrometer:micrometer-observation:1.12.9,io.micrometer:micrometer-observation:1.10.8,12.0
org.springframework.boot:spring-boot-actuator-autoconfigure:3.2.0,org.springframework.boot:spring-boot-actuator-autoconfigure:3.2.3,12.0
io.micrometer:micrometer-observation:1.12.9,io.micrometer:micrometer-observation:1.10.13,6.0
org.springframework.boot:spring-boot-actuator-autoconfigure:3.2.0,org.springframework.boot:spring-boot-actuator-autoconfigure:3.0.6,88.0
org.springframework.boot:spring-boot-actuator-autoconfigure:3.2.0,org.springframework.boot:spring-boot-actuator-autoconfigure:3.2.4,12.0
io.micrometer:micrometer-observation:1.12.9,io.micrometer:micrometer-observation:1.10.12,6.0
org.springframework.boot:spring-boot-actuator-autoconfigure:3.2.0,org.springframework.boot:spring-boot-actuator-autoconfigure:3.2.9,12.0
org.springframework.boot:spring-boot-actuator-autoconfigure:3.2.0,org.springframework.boot:spring-boot-actuator-autoconfigure:3.0.10,74.0
io.micrometer:micrometer-observation:1.12.9,io.micrometer:micrometer-observation:1.10.6,14.0
org.springframework.boot:spring-boot-actuator-autoconfigure:3.2.0,org.springframework.boot:spring-boot-actuator-autoconfigure:3.0.11,71.0
io.micrometer:micrometer-observation:1.12.9,io.micrometer:micrometer-observation:1.11.8,3.0
org.springframework.boot:spring-boot-actuator-autoconfigure:3.2.0,org.springframework.boot:spring-boot-actuator-autoconfigure:3.0.7,86.0
org.springframework.boot:spring-boot-actuator-autoconfigure:3.2.0,org.springframework.boot:spring-boot-actuator-autoconfigure:3.2.5,12.0
org.springframework.boot:spring-boot-actuator-autoconfigure:3.2.0,org.springframework.boot:spring-boot-actuator-autoconfigure:3.0.8,82.0
org.springframework.boot:spring-boot-actuator-autoconfigure:3.2.0,org.springframework.boot:spring-boot-actuator-autoconfigure:3.2.6,12.0
org.apache.tomcat.embed:tomcat-embed-core:10.1.8,org.apache.tomcat.embed:tomcat-embed-core:9.0.69,460.0
org.apache.tomcat.embed:tomcat-embed-core:10.1.8,org.apache.tomcat.embed:tomcat-embed-core:8.5.82,595.0
jakarta.annotation:jakarta.annotation-api:2.1.1,jakarta.annotation:jakarta.annotation-api:1.3.5,18.0
org.apache.tomcat.embed:tomcat-embed-el:10.1.8,org.apache.tomcat.embed:tomcat-embed-el:9.0.73,97.0
org.apache.tomcat.embed:tomcat-embed-el:10.1.8,org.apache.tomcat.embed:tomcat-embed-el:9.0.74,97.0
org.apache.tomcat.embed:tomcat-embed-el:10.1.8,org.apache.tomcat.embed:tomcat-embed-el:9.0.75,97.0
org.apache.tomcat.embed:tomcat-embed-el:10.1.8,org.apache.tomcat.embed:tomcat-embed-el:9.0.76,97.0
org.springframework.boot:spring-boot-actuator-autoconfigure:3.2.0,org.springframework.boot:spring-boot-actuator-autoconfigure:2.7.8,209.0
org.springframework.boot:spring-boot-actuator-autoconfigure:3.2.0,org.springframework.boot:spring-boot-actuator-autoconfigure:2.6.14,216.0
org.springframework.boot:spring-boot-actuator-autoconfigure:3.2.0,org.springframework.boot:spring-boot-actuator-autoconfigure:2.7.16,202.0
org.springframework.boot:spring-boot-actuator-autoconfigure:3.2.0,org.springframework.boot:spring-boot-actuator-autoconfigure:2.7.11,207.0
org.springframework.boot:spring-boot-actuator-autoconfigure:3.2.0,org.springframework.boot:spring-boot-actuator-autoconfigure:2.7.10,209.0
org.springframework.boot:spring-boot-actuator-autoconfigure:3.2.0,org.springframework.boot:spring-boot-actuator-autoconfigure:2.7.13,205.0
org.springframework.boot:spring-boot-actuator-autoconfigure:3.2.0,org.springframework.boot:spring-boot-actuator-autoconfigure:2.7.12,205.0
org.springframework.boot:spring-boot-actuator-autoconfigure:3.2.0,org.springframework.boot:spring-boot-actuator-autoconfigure:2.7.5,210.0
org.springframework.boot:spring-boot-actuator-autoconfigure:3.2.0,org.springframework.boot:spring-boot-actuator-autoconfigure:2.7.6,209.0
org.springframework.boot:spring-boot-actuator-autoconfigure:3.2.0,org.springframework.boot:spring-boot-actuator-autoconfigure:2.7.7,209.0
org.apache.tomcat.embed:tomcat-embed-el:10.1.8,org.apache.tomcat.embed:tomcat-embed-el:9.0.78,97.0
org.apache.tomcat.embed:tomcat-embed-el:10.1.8,org.apache.tomcat.embed:tomcat-embed-el:9.0.79,97.0
org.apache.tomcat.embed:tomcat-embed-el:10.1.8,org.apache.tomcat.embed:tomcat-embed-el:10.1.25,1.0
org.apache.tomcat.embed:tomcat-embed-el:10.1.8,org.apache.tomcat.embed:tomcat-embed-el:10.1.24,1.0
org.apache.tomcat.embed:tomcat-embed-el:10.1.8,org.apache.tomcat.embed:tomcat-embed-el:10.1.28,1.0
org.apache.tomcat.embed:tomcat-embed-el:10.1.8,org.apache.tomcat.embed:tomcat-embed-el:9.0.70,97.0
org.apache.tomcat.embed:tomcat-embed-el:10.1.8,org.apache.tomcat.embed:tomcat-embed-el:9.0.71,97.0
org.apache.tomcat.embed:tomcat-embed-el:10.1.8,org.apache.tomcat.embed:tomcat-embed-el:10.1.26,2.0
org.apache.tomcat.embed:tomcat-embed-el:10.1.8,org.apache.tomcat.embed:tomcat-embed-el:10.1.10,0.0
org.apache.tomcat.embed:tomcat-embed-el:10.1.8,org.apache.tomcat.embed:tomcat-embed-el:9.0.69,97.0
org.springframework.boot:spring-boot-actuator-autoconfigure:3.2.0,org.springframework.boot:spring-boot-actuator-autoconfigure:3.1.8,54.0
org.springframework.boot:spring-boot-actuator-autoconfigure:3.2.0,org.springframework.boot:spring-boot-actuator-autoconfigure:3.1.9,55.0
org.springframework.boot:spring-boot-actuator-autoconfigure:3.2.0,org.springframework.boot:spring-boot-actuator-autoconfigure:3.1.12,55.0
org.springframework.boot:spring-boot-actuator-autoconfigure:3.2.0,org.springframework.boot:spring-boot-actuator-autoconfigure:2.7.9,209.0
org.springframework.boot:spring-boot-actuator-autoconfigure:3.2.0,org.springframework.boot:spring-boot-actuator-autoconfigure:2.6.15,212.0
org.springframework.boot:spring-boot-actuator-autoconfigure:3.2.0,org.springframework.boot:spring-boot-actuator-autoconfigure:3.1.6,53.0
org.springframework.boot:spring-boot-actuator-autoconfigure:3.2.0,org.springframework.boot:spring-boot-actuator-autoconfigure:3.1.7,54.0
org.springframework.boot:spring-boot-actuator-autoconfigure:3.2.0,org.springframework.boot:spring-boot-actuator-autoconfigure:3.3.2,39.0
org.springframework.boot:spring-boot-actuator-autoconfigure:3.2.0,org.springframework.boot:spring-boot-actuator-autoconfigure:3.1.4,55.0
org.springframework.boot:spring-boot-actuator-autoconfigure:3.2.0,org.springframework.boot:spring-boot-actuator-autoconfigure:3.3.3,39.0
org.springframework.boot:spring-boot-actuator-autoconfigure:3.2.0,org.springframework.boot:spring-boot-actuator-autoconfigure:3.1.5,54.0
org.springframework:spring-beans:6.0.14,org.springframework:spring-beans:6.0.10,6.0
org.springframework:spring-beans:6.0.14,org.springframework:spring-beans:6.0.13,0.0
org.apache.logging.log4j:log4j-core:2.17.2,org.apache.logging.log4j:log4j-core:2.14.1,109.0
org.apache.logging.log4j:log4j-core:2.17.2,org.apache.logging.log4j:log4j-core:2.17.1,59.0
org.springframework:spring-beans:6.0.14,org.springframework:spring-beans:5.2.0.RELEASE,94.0
org.springframework:spring-beans:6.0.14,org.springframework:spring-beans:5.3.25,82.0
org.eclipse.jetty:jetty-server:9.4.46.v20220331,org.eclipse.jetty:jetty-server:8.2.0.v20160908,215.0
io.micrometer:micrometer-observation:1.12.0,io.micrometer:micrometer-observation:1.13.0,0.0
io.micrometer:micrometer-observation:1.12.0,io.micrometer:micrometer-observation:1.10.3,18.0
io.micrometer:micrometer-observation:1.12.0,io.micrometer:micrometer-observation:1.12.1,0.0
io.micrometer:micrometer-observation:1.12.0,io.micrometer:micrometer-observation:1.11.1,9.0
io.micrometer:micrometer-observation:1.12.0,io.micrometer:micrometer-observation:1.10.2,18.0
io.micrometer:micrometer-observation:1.12.0,io.micrometer:micrometer-observation:1.12.3,0.0
io.micrometer:micrometer-observation:1.12.0,io.micrometer:micrometer-observation:1.11.4,4.0
io.micrometer:micrometer-observation:1.12.0,io.micrometer:micrometer-observation:1.10.1,18.0
io.micrometer:micrometer-observation:1.12.0,io.micrometer:micrometer-observation:1.10.0,18.0
io.micrometer:micrometer-observation:1.12.0,io.micrometer:micrometer-observation:1.11.2,7.0
org.springframework:spring-beans:6.0.14,org.springframework:spring-beans:5.3.4,88.0
org.springframework:spring-beans:6.0.14,org.springframework:spring-beans:5.3.28,82.0
org.springframework:spring-beans:6.0.14,org.springframework:spring-beans:5.3.22,83.0
org.eclipse.jetty:jetty-server:9.4.46.v20220331,org.eclipse.jetty:jetty-server:9.4.33.v20201020,20.0
org.springframework:spring-beans:6.0.14,org.springframework:spring-beans:5.3.20,83.0
org.eclipse.jetty:jetty-server:9.4.46.v20220331,org.eclipse.jetty:jetty-server:9.4.51.v20230217,3.0
io.micrometer:micrometer-observation:1.10.13,io.micrometer:micrometer-observation:1.12.9,4.0
org.eclipse.jetty:jetty-server:9.4.46.v20220331,org.eclipse.jetty:jetty-server:9.2.28.v20190418,190.0
io.micrometer:micrometer-observation:1.10.13,io.micrometer:micrometer-observation:1.12.8,4.0
org.eclipse.jetty:jetty-server:9.4.46.v20220331,org.eclipse.jetty:jetty-server:9.4.48.v20220622,1.0
org.eclipse.jetty:jetty-server:9.4.46.v20220331,org.eclipse.jetty:jetty-server:9.4.53.v20231009,3.0
org.eclipse.jetty:jetty-server:9.4.46.v20220331,org.eclipse.jetty:jetty-server:9.4.55.v20240627,3.0
io.micrometer:micrometer-observation:1.12.0,io.micrometer:micrometer-observation:1.11.3,4.0
org.eclipse.jetty:jetty-server:9.4.46.v20220331,org.eclipse.jetty:jetty-server:9.4.44.v20210927,5.0
io.micrometer:micrometer-observation:1.12.0,io.micrometer:micrometer-observation:1.13.1,0.0
org.eclipse.jetty:jetty-server:9.4.46.v20220331,org.eclipse.jetty:jetty-server:9.4.40.v20210413,12.0
io.micrometer:micrometer-observation:1.12.0,io.micrometer:micrometer-observation:1.10.4,15.0
com.github.ben-manes.caffeine:caffeine:2.9.3,com.github.ben-manes.caffeine:caffeine:2.9.1,87.0
io.micrometer:micrometer-observation:1.12.0,io.micrometer:micrometer-observation:1.12.2,0.0
io.micrometer:micrometer-observation:1.12.0,io.micrometer:micrometer-observation:1.11.10,3.0
io.micrometer:micrometer-observation:1.12.0,io.micrometer:micrometer-observation:1.11.6,3.0
io.micrometer:micrometer-observation:1.12.0,io.micrometer:micrometer-observation:1.12.5,0.0
io.micrometer:micrometer-observation:1.12.0,io.micrometer:micrometer-observation:1.10.7,14.0
io.micrometer:micrometer-observation:1.12.0,io.micrometer:micrometer-observation:1.11.11,3.0
io.micrometer:micrometer-observation:1.12.0,io.micrometer:micrometer-observation:1.13.2,0.0
io.micrometer:micrometer-observation:1.12.0,io.micrometer:micrometer-observation:1.10.5,15.0
org.springframework:spring-beans:6.0.14,org.springframework:spring-beans:5.3.26,82.0
org.springframework:spring-beans:6.0.14,org.springframework:spring-beans:5.3.23,83.0
org.springframework:spring-beans:6.0.14,org.springframework:spring-beans:5.3.24,82.0
org.springframework:spring-beans:6.0.14,org.springframework:spring-beans:5.3.29,82.0
ch.qos.logback:logback-classic:1.2.12,ch.qos.logback:logback-classic:1.4.14,59.0
ch.qos.logback:logback-classic:1.2.12,ch.qos.logback:logback-classic:1.2.3,6.0
org.mongodb:mongodb-driver-sync:4.6.0-alpha0,org.mongodb:mongodb-driver-sync:4.8.0-beta0,12.0
org.mongodb:mongodb-driver-sync:4.6.0-alpha0,org.mongodb:mongodb-driver-sync:4.4.0-beta2,19.0
org.mongodb:mongodb-driver-sync:4.6.0-alpha0,org.mongodb:mongodb-driver-sync:4.2.3,27.0
org.mongodb:mongodb-driver-sync:4.6.0-alpha0,org.mongodb:mongodb-driver-sync:4.3.0-beta1,27.0
org.mongodb:mongodb-driver-sync:4.6.0-alpha0,org.mongodb:mongodb-driver-sync:4.11.3,17.0
io.micrometer:micrometer-jakarta9:1.12.0,io.micrometer:micrometer-jakarta9:1.12.6,0.0
org.mongodb:mongodb-driver-sync:4.6.0-alpha0,org.mongodb:mongodb-driver-sync:4.6.1,2.0
io.micrometer:micrometer-jakarta9:1.12.0,io.micrometer:micrometer-jakarta9:1.12.5,0.0
org.mongodb:mongodb-driver-sync:4.6.0-alpha0,org.mongodb:mongodb-driver-sync:4.4.2,18.0
io.micrometer:micrometer-jakarta9:1.12.0,io.micrometer:micrometer-jakarta9:1.12.4,0.0
org.mongodb:mongodb-driver-sync:4.6.0-alpha0,org.mongodb:mongodb-driver-sync:4.11.2,17.0
io.micrometer:micrometer-jakarta9:1.12.0,io.micrometer:micrometer-jakarta9:1.13.3,0.0
io.micrometer:micrometer-jakarta9:1.12.0,io.micrometer:micrometer-jakarta9:1.12.3,0.0
io.micrometer:micrometer-jakarta9:1.12.0,io.micrometer:micrometer-jakarta9:1.13.2,0.0
org.springframework.boot:spring-boot-actuator-autoconfigure:3.2.0,org.springframework.boot:spring-boot-actuator-autoconfigure:3.0.9,82.0
org.springframework.boot:spring-boot-actuator-autoconfigure:3.2.0,org.springframework.boot:spring-boot-actuator-autoconfigure:3.2.7,12.0
org.springframework.boot:spring-boot-actuator-autoconfigure:3.2.0,org.springframework.boot:spring-boot-actuator-autoconfigure:3.2.8,12.0
io.micrometer:micrometer-jakarta9:1.12.0,io.micrometer:micrometer-jakarta9:1.12.8,0.0
io.micrometer:micrometer-jakarta9:1.12.0,io.micrometer:micrometer-jakarta9:1.12.7,0.0
org.mongodb:mongodb-driver-sync:4.6.0-alpha0,org.mongodb:mongodb-driver-sync:4.11.1,17.0
org.mongodb:mongodb-driver-sync:4.6.0-alpha0,org.mongodb:mongodb-driver-sync:4.1.1,31.0
org.mongodb:mongodb-driver-sync:4.6.0-alpha0,org.mongodb:mongodb-driver-sync:4.8.2,12.0
org.mongodb:mongodb-driver-sync:4.6.0-alpha0,org.mongodb:mongodb-driver-sync:4.9.1,14.0
org.apache.logging.log4j:log4j-core:2.17.2,org.apache.logging.log4j:log4j-core:2.11.1,249.0
io.micrometer:micrometer-jakarta9:1.12.0,io.micrometer:micrometer-jakarta9:1.12.9,0.0
org.apache.logging.log4j:log4j-core:2.17.2,org.apache.logging.log4j:log4j-core:2.12.1,169.0
io.micrometer:micrometer-observation:1.12.0,io.micrometer:micrometer-observation:1.12.9,0.0
org.apache.logging.log4j:log4j-core:2.17.2,org.apache.logging.log4j:log4j-core:2.13.3,122.0
io.micrometer:micrometer-observation:1.12.0,io.micrometer:micrometer-observation:1.12.8,0.0
io.micrometer:micrometer-observation:1.12.0,io.micrometer:micrometer-observation:1.11.9,3.0
io.micrometer:micrometer-observation:1.12.0,io.micrometer:micrometer-observation:1.11.12,3.0
io.micrometer:micrometer-observation:1.12.0,io.micrometer:micrometer-observation:1.11.0,11.0
io.micrometer:micrometer-jakarta9:1.12.0,io.micrometer:micrometer-jakarta9:1.13.1,0.0
io.micrometer:micrometer-jakarta9:1.12.0,io.micrometer:micrometer-jakarta9:1.12.2,0.0
io.micrometer:micrometer-jakarta9:1.12.0,io.micrometer:micrometer-jakarta9:1.13.0,0.0
io.micrometer:micrometer-jakarta9:1.12.0,io.micrometer:micrometer-jakarta9:1.12.1,0.0
io.micrometer:micrometer-observation:1.10.13,io.micrometer:micrometer-observation:1.13.3,4.0
org.jooq:jooq:3.14.15,org.jooq:jooq:3.14.9,8.0
io.micrometer:micrometer-observation:1.10.13,io.micrometer:micrometer-observation:1.10.6,8.0
org.jooq:jooq:3.14.15,org.jooq:jooq:3.13.6,572.0
io.micrometer:micrometer-observation:1.10.13,io.micrometer:micrometer-observation:1.11.8,2.0
org.jooq:jooq:3.14.15,org.jooq:jooq:3.14.16,1.0
io.dropwizard.metrics:metrics-core:4.2.19,io.dropwizard.metrics:metrics-core:3.1.2,35.0
io.dropwizard.metrics:metrics-core:4.2.19,io.dropwizard.metrics:metrics-core:4.0.7,22.0
io.dropwizard.metrics:metrics-core:4.2.19,io.dropwizard.metrics:metrics-core:4.2.17,0.0
org.apache.tomcat.embed:tomcat-embed-websocket:10.1.8,org.apache.tomcat.embed:tomcat-embed-websocket:10.1.19,2.0
org.apache.tomcat.embed:tomcat-embed-websocket:10.1.8,org.apache.tomcat.embed:tomcat-embed-websocket:10.1.10,0.0
org.apache.tomcat.embed:tomcat-embed-websocket:10.1.8,org.apache.tomcat.embed:tomcat-embed-websocket:10.1.28,3.0
org.apache.tomcat.embed:tomcat-embed-websocket:10.1.8,org.apache.tomcat.embed:tomcat-embed-websocket:10.1.26,4.0
org.apache.tomcat.embed:tomcat-embed-websocket:10.1.8,org.apache.tomcat.embed:tomcat-embed-websocket:10.1.24,3.0
org.apache.tomcat.embed:tomcat-embed-websocket:10.1.8,org.apache.tomcat.embed:tomcat-embed-websocket:9.0.82,110.0
org.springframework:spring-beans:6.1.12,org.springframework:spring-beans:5.3.30,89.0
org.apache.tomcat.embed:tomcat-embed-websocket:10.1.8,org.apache.tomcat.embed:tomcat-embed-websocket:10.1.25,3.0
org.springframework:spring-beans:6.1.12,org.springframework:spring-beans:6.0.4,34.0
org.apache.tomcat.embed:tomcat-embed-websocket:10.1.8,org.apache.tomcat.embed:tomcat-embed-websocket:9.0.80,110.0
org.springframework:spring-beans:6.1.12,org.springframework:spring-beans:6.0.3,35.0
org.apache.tomcat.embed:tomcat-embed-websocket:10.1.8,org.apache.tomcat.embed:tomcat-embed-websocket:9.0.83,110.0
org.apache.tomcat.embed:tomcat-embed-websocket:10.1.8,org.apache.tomcat.embed:tomcat-embed-websocket:9.0.68,110.0
org.springframework:spring-beans:6.1.12,org.springframework:spring-beans:6.0.5,34.0
org.springframework:spring-beans:6.1.12,org.springframework:spring-beans:3.0.3.RELEASE,195.0
org.springframework:spring-beans:6.1.12,org.springframework:spring-beans:6.0.8,31.0
org.springframework:spring-beans:6.1.12,org.springframework:spring-beans:6.0.9,31.0
org.springframework:spring-beans:6.1.12,org.springframework:spring-beans:5.3.9,94.0
io.micrometer:micrometer-observation:1.10.13,io.micrometer:micrometer-observation:1.11.10,2.0
org.springframework:spring-beans:6.1.12,org.springframework:spring-beans:6.0.0,36.0
io.micrometer:micrometer-observation:1.10.13,io.micrometer:micrometer-observation:1.11.6,2.0
io.micrometer:micrometer-observation:1.10.13,io.micrometer:micrometer-observation:1.12.5,4.0
io.micrometer:micrometer-observation:1.10.13,io.micrometer:micrometer-observation:1.10.7,8.0
io.micrometer:micrometer-observation:1.10.13,io.micrometer:micrometer-observation:1.11.11,2.0
io.dropwizard.metrics:metrics-core:4.2.19,io.dropwizard.metrics:metrics-core:4.2.16,0.0
io.micrometer:micrometer-observation:1.10.13,io.micrometer:micrometer-observation:1.11.5,2.0
io.micrometer:micrometer-observation:1.10.13,io.micrometer:micrometer-observation:1.12.4,4.0
io.dropwizard.metrics:metrics-core:4.2.19,io.dropwizard.metrics:metrics-core:4.2.18,0.0
io.micrometer:micrometer-observation:1.10.13,io.micrometer:micrometer-observation:1.10.10,1.0
io.dropwizard.metrics:metrics-core:4.2.19,io.dropwizard.metrics:metrics-core:4.0.6,22.0
io.micrometer:micrometer-observation:1.10.9,io.micrometer:micrometer-observation:1.12.9,8.0
io.dropwizard.metrics:metrics-core:4.2.19,io.dropwizard.metrics:metrics-core:4.2.12,1.0
io.dropwizard.metrics:metrics-core:4.2.19,io.dropwizard.metrics:metrics-core:4.2.15,1.0
org.apache.tomcat.embed:tomcat-embed-websocket:10.1.8,org.apache.tomcat.embed:tomcat-embed-websocket:9.0.69,110.0
org.apache.tomcat.embed:tomcat-embed-websocket:10.1.8,org.apache.tomcat.embed:tomcat-embed-websocket:10.1.20,2.0
org.apache.tomcat.embed:tomcat-embed-core:10.1.8,org.apache.tomcat.embed:tomcat-embed-core:8.5.69,630.0
org.apache.tomcat.embed:tomcat-embed-core:10.1.8,org.apache.tomcat.embed:tomcat-embed-core:10.1.10,19.0
org.apache.tomcat.embed:tomcat-embed-core:10.1.8,org.apache.tomcat.embed:tomcat-embed-core:8.5.65,638.0
org.springframework:spring-expression:6.1.12,org.springframework:spring-expression:5.3.25,26.0
org.apache.tomcat.embed:tomcat-embed-core:10.1.8,org.apache.tomcat.embed:tomcat-embed-core:8.5.87,539.0
org.springframework:spring-expression:6.1.12,org.springframework:spring-expression:5.3.24,26.0
org.springframework:spring-expression:6.1.12,org.springframework:spring-expression:6.1.11,3.0
org.springframework:spring-expression:6.1.12,org.springframework:spring-expression:5.2.0.RELEASE,28.0
org.springframework:spring-expression:6.1.12,org.springframework:spring-expression:5.3.20,26.0
io.micrometer:micrometer-observation:1.10.13,io.micrometer:micrometer-observation:1.12.7,4.0
io.micrometer:micrometer-observation:1.10.13,io.micrometer:micrometer-observation:1.10.9,4.0
io.micrometer:micrometer-observation:1.10.13,io.micrometer:micrometer-observation:1.11.7,2.0
io.micrometer:micrometer-observation:1.10.13,io.micrometer:micrometer-observation:1.12.6,4.0
io.micrometer:micrometer-observation:1.10.13,io.micrometer:micrometer-observation:1.10.8,6.0
org.jooq:jooq:3.14.15,org.jooq:jooq:3.13.6,572.0
io.micrometer:micrometer-observation:1.10.13,io.micrometer:micrometer-observation:1.10.12,0.0
io.micrometer:micrometer-observation:1.10.13,io.micrometer:micrometer-observation:1.11.2,6.0
io.micrometer:micrometer-observation:1.10.13,io.micrometer:micrometer-observation:1.13.0,4.0
com.github.ben-manes.caffeine:caffeine:2.9.3,com.github.ben-manes.caffeine:caffeine:2.9.2,87.0
io.micrometer:micrometer-observation:1.10.13,io.micrometer:micrometer-observation:1.10.3,12.0
com.github.ben-manes.caffeine:caffeine:2.9.3,com.github.ben-manes.caffeine:caffeine:2.8.6,92.0
io.micrometer:micrometer-observation:1.10.13,io.micrometer:micrometer-observation:1.12.1,4.0
com.github.ben-manes.caffeine:caffeine:2.9.3,com.github.ben-manes.caffeine:caffeine:2.8.0,112.0
io.micrometer:micrometer-observation:1.10.13,io.micrometer:micrometer-observation:1.11.1,8.0
org.hibernate:hibernate-entitymanager:5.6.8.Final,org.hibernate:hibernate-entitymanager:5.4.6.Final,0.0
org.hibernate:hibernate-entitymanager:5.6.8.Final,org.hibernate:hibernate-entitymanager:5.6.12.Final,0.0
io.micrometer:micrometer-observation:1.12.0,io.micrometer:micrometer-observation:1.12.4,0.0
org.hibernate:hibernate-entitymanager:5.6.8.Final,org.hibernate:hibernate-entitymanager:5.4.22.Final,0.0
io.micrometer:micrometer-observation:1.12.0,io.micrometer:micrometer-observation:1.13.3,0.0
org.hibernate:hibernate-entitymanager:5.6.8.Final,org.hibernate:hibernate-entitymanager:5.6.15.Final,0.0
io.micrometer:micrometer-observation:1.12.0,io.micrometer:micrometer-observation:1.10.6,14.0
org.hibernate:hibernate-entitymanager:5.6.8.Final,org.hibernate:hibernate-entitymanager:5.5.0.Alpha1,0.0
io.micrometer:micrometer-observation:1.12.0,io.micrometer:micrometer-observation:1.11.8,3.0
io.micrometer:micrometer-observation:1.12.0,io.micrometer:micrometer-observation:1.12.7,0.0
io.micrometer:micrometer-observation:1.12.0,io.micrometer:micrometer-observation:1.11.7,3.0
org.springframework:spring-beans:6.1.12,org.springframework:spring-beans:5.3.4,95.0
io.micrometer:micrometer-observation:1.12.0,io.micrometer:micrometer-observation:1.12.6,0.0
io.micrometer:micrometer-observation:1.12.0,io.micrometer:micrometer-observation:1.10.8,12.0
org.springframework:spring-beans:6.1.12,org.springframework:spring-beans:6.0.17,22.0
io.micrometer:micrometer-observation:1.12.0,io.micrometer:micrometer-observation:1.10.13,6.0
org.springframework:spring-beans:6.1.12,org.springframework:spring-beans:5.3.19,90.0
io.micrometer:micrometer-observation:1.12.0,io.micrometer:micrometer-observation:1.11.5,3.0
org.springframework:spring-beans:6.1.12,org.springframework:spring-beans:6.1.9,1.0
org.springframework:spring-beans:6.1.12,org.springframework:spring-beans:6.1.8,1.0
org.springframework:spring-beans:6.1.12,org.springframework:spring-beans:5.3.17,90.0
org.springframework:spring-beans:6.1.12,org.springframework:spring-beans:6.0.18,22.0
org.springframework:spring-beans:6.1.12,org.springframework:spring-beans:6.1.1,11.0
org.springframework:spring-beans:6.1.12,org.springframework:spring-beans:6.1.0,11.0
org.springframework:spring-beans:6.1.12,org.springframework:spring-beans:6.0.15,22.0
io.micrometer:micrometer-observation:1.10.13,io.micrometer:micrometer-observation:1.11.9,2.0
io.micrometer:micrometer-observation:1.10.13,io.micrometer:micrometer-observation:1.11.12,2.0
io.micrometer:micrometer-observation:1.10.13,io.micrometer:micrometer-observation:1.11.0,10.0
io.micrometer:micrometer-observation:1.10.13,io.micrometer:micrometer-observation:1.10.1,12.0
io.micrometer:micrometer-observation:1.10.13,io.micrometer:micrometer-observation:1.10.0,13.0
org.hibernate:hibernate-entitymanager:5.6.8.Final,org.hibernate:hibernate-entitymanager:5.6.1.Final,0.0
io.micrometer:micrometer-observation:1.10.13,io.micrometer:micrometer-observation:1.11.3,3.0
org.aspectj:aspectjweaver:1.8.14,org.aspectj:aspectjweaver:1.9.19,82.0
io.micrometer:micrometer-observation:1.10.13,io.micrometer:micrometer-observation:1.13.1,4.0
org.aspectj:aspectjweaver:1.8.14,org.aspectj:aspectjweaver:1.9.20.1,119.0
io.micrometer:micrometer-observation:1.10.13,io.micrometer:micrometer-observation:1.10.4,9.0
org.aspectj:aspectjweaver:1.8.14,org.aspectj:aspectjweaver:1.9.21.1,121.0
io.micrometer:micrometer-observation:1.10.13,io.micrometer:micrometer-observation:1.12.2,4.0
org.aspectj:aspectjweaver:1.8.14,org.aspectj:aspectjweaver:1.9.9.1,79.0
org.aspectj:aspectjweaver:1.8.14,org.aspectj:aspectjweaver:1.9.22.1,126.0
org.aspectj:aspectjweaver:1.8.14,org.aspectj:aspectjweaver:1.6.8,308.0
org.aspectj:aspectjweaver:1.8.14,org.aspectj:aspectjweaver:1.9.21,120.0
org.aspectj:aspectjweaver:1.8.14,org.aspectj:aspectjweaver:1.9.22,122.0
org.aspectj:aspectjweaver:1.8.14,org.aspectj:aspectjweaver:1.9.7,74.0
org.springframework:spring-beans:6.1.12,org.springframework:spring-beans:6.1.7,1.0
org.springframework:spring-beans:6.1.12,org.springframework:spring-beans:5.3.18,90.0
org.springframework:spring-beans:6.1.12,org.springframework:spring-beans:6.0.2,36.0
org.springframework:spring-beans:6.1.12,org.springframework:spring-beans:5.3.31,89.0
org.springframework:spring-beans:6.1.12,org.springframework:spring-beans:6.0.21,22.0
org.springframework:spring-beans:6.1.12,org.springframework:spring-beans:6.0.20,22.0
org.springframework:spring-beans:6.1.12,org.springframework:spring-beans:6.1.3,6.0
org.springframework:spring-beans:6.1.12,org.springframework:spring-beans:6.1.2,7.0
org.springframework:spring-beans:6.1.12,org.springframework:spring-beans:5.3.15,93.0
org.springframework:spring-beans:6.1.12,org.springframework:spring-beans:6.1.5,4.0
org.springframework:spring-beans:6.1.12,org.springframework:spring-beans:6.1.4,5.0
io.micrometer:micrometer-observation:1.10.13,io.micrometer:micrometer-observation:1.10.2,12.0
io.micrometer:micrometer-observation:1.10.13,io.micrometer:micrometer-observation:1.12.0,4.0
io.micrometer:micrometer-observation:1.10.13,io.micrometer:micrometer-observation:1.12.3,4.0
io.micrometer:micrometer-observation:1.10.13,io.micrometer:micrometer-observation:1.11.4,3.0
io.micrometer:micrometer-observation:1.10.13,io.micrometer:micrometer-observation:1.13.2,4.0
org.aspectj:aspectjweaver:1.8.14,org.aspectj:aspectjweaver:1.9.20,119.0
io.micrometer:micrometer-observation:1.10.13,io.micrometer:micrometer-observation:1.10.5,9.0
org.springframework:spring-webflux:5.3.27,org.springframework:spring-webflux:5.3.19,4.0
org.springframework:spring-webflux:5.3.27,org.springframework:spring-webflux:5.3.15,4.0
org.springframework:spring-webflux:5.3.27,org.springframework:spring-webflux:5.3.17,4.0
org.jetbrains.kotlinx:kotlinx-coroutines-core:1.6.4,org.jetbrains.kotlinx:kotlinx-coroutines-core:1.7.3,0.0
org.jetbrains.kotlinx:kotlinx-coroutines-core:1.6.4,org.jetbrains.kotlinx:kotlinx-coroutines-core:1.7.0-Beta,0.0
org.jetbrains.kotlinx:kotlinx-coroutines-core:1.6.4,org.jetbrains.kotlinx:kotlinx-coroutines-core:1.4.0,0.0
org.jetbrains.kotlinx:kotlinx-coroutines-core:1.6.4,org.jetbrains.kotlinx:kotlinx-coroutines-core:1.4.2,0.0
org.jetbrains.kotlinx:kotlinx-coroutines-core:1.6.4,org.jetbrains.kotlinx:kotlinx-coroutines-core:1.5.2,0.0
org.springframework:spring-webflux:5.3.27,org.springframework:spring-webflux:5.3.25,2.0
org.springframework:spring-webflux:5.3.27,org.springframework:spring-webflux:5.3.26,0.0
org.jetbrains.kotlinx:kotlinx-coroutines-core:1.6.4,org.jetbrains.kotlinx:kotlinx-coroutines-core:1.8.1,0.0
com.fasterxml.jackson.core:jackson-databind:2.13.5,com.fasterxml.jackson.core:jackson-databind:2.12.7,115.0
com.fasterxml.jackson.core:jackson-databind:2.13.5,com.fasterxml.jackson.core:jackson-databind:2.12.6,115.0
com.fasterxml.jackson.core:jackson-databind:2.13.5,com.fasterxml.jackson.core:jackson-databind:2.17.1,128.0
com.fasterxml.jackson.core:jackson-databind:2.13.5,com.fasterxml.jackson.core:jackson-databind:2.15.3,78.0
com.fasterxml.jackson.core:jackson-databind:2.13.5,com.fasterxml.jackson.core:jackson-databind:2.13.4,1.0
com.fasterxml.jackson.core:jackson-databind:2.13.5,com.fasterxml.jackson.core:jackson-databind:2.16.1,111.0
org.jetbrains.kotlinx:kotlinx-coroutines-core:1.6.4,org.jetbrains.kotlinx:kotlinx-coroutines-core:1.4.3,0.0
com.fasterxml.jackson.core:jackson-databind:2.13.5,com.fasterxml.jackson.core:jackson-databind:2.15.4,80.0
com.fasterxml.jackson.core:jackson-databind:2.13.5,com.fasterxml.jackson.core:jackson-databind:2.17.2,128.0
com.fasterxml.jackson.core:jackson-databind:2.13.5,com.fasterxml.jackson.core:jackson-databind:2.12.7.1,115.0
com.fasterxml.jackson.core:jackson-databind:2.13.5,com.fasterxml.jackson.core:jackson-databind:2.13.3,1.0
com.fasterxml.jackson.core:jackson-databind:2.13.5,com.fasterxml.jackson.core:jackson-databind:2.14.2,46.0
com.fasterxml.jackson.core:jackson-databind:2.13.5,com.fasterxml.jackson.core:jackson-databind:2.12.3,116.0
com.fasterxml.jackson.core:jackson-databind:2.13.5,com.fasterxml.jackson.core:jackson-databind:2.6.7.1,483.0
com.fasterxml.jackson.core:jackson-databind:2.13.5,com.fasterxml.jackson.core:jackson-databind:2.14.1,44.0
com.fasterxml.jackson.core:jackson-databind:2.13.5,com.fasterxml.jackson.core:jackson-databind:2.10.5,252.0
com.fasterxml.jackson.core:jackson-databind:2.13.5,com.fasterxml.jackson.core:jackson-databind:2.11.4,216.0
com.fasterxml.jackson.core:jackson-databind:2.13.5,com.fasterxml.jackson.core:jackson-databind:2.14.3,46.0
com.fasterxml.jackson.core:jackson-databind:2.13.5,com.fasterxml.jackson.core:jackson-databind:2.15.2,78.0
com.fasterxml.jackson.core:jackson-databind:2.13.5,com.fasterxml.jackson.core:jackson-databind:2.12.6.1,115.0
com.fasterxml.jackson.core:jackson-databind:2.13.5,com.fasterxml.jackson.core:jackson-databind:2.14.0,44.0
com.fasterxml.jackson.core:jackson-databind:2.13.5,com.fasterxml.jackson.core:jackson-databind:2.11.3,216.0
com.fasterxml.jackson.core:jackson-databind:2.13.5,com.fasterxml.jackson.core:jackson-databind:2.11.2,218.0
com.fasterxml.jackson.core:jackson-databind:2.13.5,com.fasterxml.jackson.core:jackson-databind:2.10.2,252.0
com.fasterxml.jackson.core:jackson-databind:2.13.5,com.fasterxml.jackson.core:jackson-databind:2.10.1,253.0
com.fasterxml.jackson.core:jackson-databind:2.13.5,com.fasterxml.jackson.core:jackson-databind:2.13.2.1,4.0
com.fasterxml.jackson.core:jackson-databind:2.13.5,com.fasterxml.jackson.core:jackson-databind:2.13.4.2,0.0
com.fasterxml.jackson.core:jackson-databind:2.13.5,com.fasterxml.jackson.core:jackson-databind:2.9.9,303.0
com.fasterxml.jackson.core:jackson-databind:2.13.5,com.fasterxml.jackson.core:jackson-databind:2.15.0,77.0
com.fasterxml.jackson.core:jackson-databind:2.13.5,com.fasterxml.jackson.core:jackson-databind:2.13.1,6.0
com.fasterxml.jackson.core:jackson-databind:2.13.5,com.fasterxml.jackson.core:jackson-databind:2.9.6,303.0
com.fasterxml.jackson.core:jackson-databind:2.13.5,com.fasterxml.jackson.core:jackson-databind:2.8.3,433.0
com.fasterxml.jackson.core:jackson-databind:2.13.5,com.fasterxml.jackson.core:jackson-databind:2.6.3,483.0
com.querydsl:querydsl-collections:5.0.0,com.querydsl:querydsl-collections:4.4.0,7.0
org.springframework:spring-core:5.3.27,org.springframework:spring-core:6.0.14,133.0
org.springframework:spring-core:5.3.27,org.springframework:spring-core:6.0.15,133.0
org.springframework:spring-core:5.3.27,org.springframework:spring-core:6.0.12,132.0
org.springframework:spring-core:5.3.27,org.springframework:spring-core:6.0.13,132.0
com.fasterxml.jackson.core:jackson-databind:2.13.5,com.fasterxml.jackson.core:jackson-databind:2.10.5.1,252.0
org.slf4j:slf4j-api:2.0.9,org.slf4j:slf4j-api:2.0.13,0.0
org.slf4j:slf4j-api:2.0.9,org.slf4j:slf4j-api:1.7.35,30.0
org.slf4j:slf4j-api:2.0.9,org.slf4j:slf4j-api:1.7.13,34.0
org.slf4j:slf4j-api:2.0.9,org.slf4j:slf4j-api:1.7.36,30.0
org.apache.tomcat.embed:tomcat-embed-websocket:10.1.8,org.apache.tomcat.embed:tomcat-embed-websocket:10.1.17,0.0
org.apache.tomcat.embed:tomcat-embed-websocket:10.1.8,org.apache.tomcat.embed:tomcat-embed-websocket:10.1.18,0.0
org.apache.tomcat.embed:tomcat-embed-websocket:10.1.8,org.apache.tomcat.embed:tomcat-embed-websocket:10.1.15,0.0
org.apache.tomcat.embed:tomcat-embed-websocket:10.1.8,org.apache.tomcat.embed:tomcat-embed-websocket:10.1.16,0.0
org.apache.tomcat.embed:tomcat-embed-websocket:10.1.8,org.apache.tomcat.embed:tomcat-embed-websocket:10.1.13,0.0
org.apache.tomcat.embed:tomcat-embed-websocket:10.1.8,org.apache.tomcat.embed:tomcat-embed-websocket:9.0.70,110.0
org.apache.tomcat.embed:tomcat-embed-websocket:10.1.8,org.apache.tomcat.embed:tomcat-embed-websocket:9.0.71,110.0
org.apache.tomcat.embed:tomcat-embed-websocket:10.1.8,org.apache.tomcat.embed:tomcat-embed-websocket:10.1.11,0.0
org.apache.tomcat.embed:tomcat-embed-websocket:10.1.8,org.apache.tomcat.embed:tomcat-embed-websocket:10.1.12,0.0
org.apache.tomcat.embed:tomcat-embed-websocket:10.1.8,org.apache.tomcat.embed:tomcat-embed-websocket:9.0.74,110.0
org.apache.tomcat.embed:tomcat-embed-websocket:10.1.8,org.apache.tomcat.embed:tomcat-embed-websocket:9.0.75,110.0
org.apache.tomcat.embed:tomcat-embed-websocket:10.1.8,org.apache.tomcat.embed:tomcat-embed-websocket:9.0.73,110.0
org.apache.tomcat.embed:tomcat-embed-websocket:10.1.8,org.apache.tomcat.embed:tomcat-embed-websocket:9.0.78,110.0
org.apache.tomcat.embed:tomcat-embed-websocket:10.1.8,org.apache.tomcat.embed:tomcat-embed-websocket:9.0.79,110.0
org.apache.tomcat.embed:tomcat-embed-websocket:10.1.8,org.apache.tomcat.embed:tomcat-embed-websocket:9.0.76,110.0
org.springframework:spring-webflux:5.3.27,org.springframework:spring-webflux:5.3.24,2.0
org.springframework:spring-webflux:5.3.27,org.springframework:spring-webflux:5.3.20,4.0
io.reactivex.rxjava3:rxjava:3.1.6,io.reactivex.rxjava3:rxjava:3.0.13,173.0
io.reactivex.rxjava3:rxjava:3.1.6,io.reactivex.rxjava3:rxjava:3.1.5,27.0
io.reactivex.rxjava3:rxjava:3.1.6,io.reactivex.rxjava3:rxjava:3.0.10,181.0
org.springframework:spring-webflux:5.3.27,org.springframework:spring-webflux:5.3.22,4.0
org.springframework:spring-webflux:5.3.27,org.springframework:spring-webflux:5.3.23,2.0
com.google.guava:guava:31.1-jre,com.google.guava:guava:15.0,710.0
com.google.guava:guava:31.1-jre,com.google.guava:guava:28.1-jre,239.0
ch.qos.logback:logback-classic:1.2.12,ch.qos.logback:logback-classic:1.3.5,47.0
ch.qos.logback:logback-classic:1.2.12,ch.qos.logback:logback-classic:1.4.5,53.0
org.springframework:spring-core:6.0.0,org.springframework:spring-core:6.1.8,71.0
org.springframework:spring-core:6.0.0,org.springframework:spring-core:6.1.7,71.0
org.springframework:spring-core:6.0.0,org.springframework:spring-core:6.1.5,70.0
org.springframework:spring-core:6.0.0,org.springframework:spring-core:6.1.4,69.0
org.springframework:spring-core:6.0.0,org.springframework:spring-core:5.3.20,237.0
org.springframework:spring-core:6.0.0,org.springframework:spring-core:3.0.3.RELEASE,716.0
org.springframework:spring-expression:6.1.11,org.springframework:spring-expression:6.0.16,13.0
org.springframework:spring-core:6.0.0,org.springframework:spring-core:5.3.17,240.0
org.springframework:spring-expression:6.1.11,org.springframework:spring-expression:6.0.15,13.0
org.springframework:spring-core:6.0.0,org.springframework:spring-core:5.3.15,240.0
org.springframework:spring-core:6.0.0,org.springframework:spring-core:5.3.19,239.0
org.springframework:spring-expression:6.1.11,org.springframework:spring-expression:5.3.4,28.0
org.springframework.boot:spring-boot-starter:3.2.9,org.springframework.boot:spring-boot-starter:3.0.4,0.0
org.springframework:spring-core:6.0.0,org.springframework:spring-core:5.3.18,239.0
org.springframework:spring-expression:6.1.11,org.springframework:spring-expression:6.0.10,15.0
org.springframework:spring-expression:6.1.11,org.springframework:spring-expression:5.3.30,21.0
io.micrometer:micrometer-observation:1.12.0,io.micrometer:micrometer-observation:1.10.12,6.0
org.springframework:spring-expression:6.1.11,org.springframework:spring-expression:6.0.12,15.0
io.micrometer:micrometer-observation:1.12.0,io.micrometer:micrometer-observation:1.10.10,7.0
org.springframework:spring-expression:6.1.11,org.springframework:spring-expression:5.3.31,21.0
org.springframework:spring-expression:6.1.11,org.springframework:spring-expression:6.0.11,15.0
org.springframework.boot:spring-boot-starter:3.2.9,org.springframework.boot:spring-boot-starter:3.0.9,0.0
org.springframework:spring-core:6.0.14,org.springframework:spring-core:5.3.25,256.0
org.springframework:spring-expression:6.1.11,org.springframework:spring-expression:6.0.13,13.0
org.springframework.boot:spring-boot-starter:3.2.9,org.springframework.boot:spring-boot-starter:3.2.8,0.0
org.springframework.boot:spring-boot-starter:3.2.9,org.springframework.boot:spring-boot-starter:2.7.18,0.0
org.springframework:spring-core:6.0.14,org.springframework:spring-core:5.3.29,248.0
org.springframework.boot:spring-boot-starter:3.2.9,org.springframework.boot:spring-boot-starter:3.0.3,0.0
org.springframework.boot:spring-boot-starter:3.2.9,org.springframework.boot:spring-boot-starter:3.2.1,0.0
ch.qos.logback:logback-classic:1.2.12,ch.qos.logback:logback-classic:1.3.7,50.0
ch.qos.logback:logback-classic:1.2.12,ch.qos.logback:logback-classic:1.4.6,56.0
ch.qos.logback:logback-classic:1.2.12,ch.qos.logback:logback-classic:1.5.6,59.0
ch.qos.logback:logback-classic:1.2.12,ch.qos.logback:logback-classic:1.4.7,56.0
ch.qos.logback:logback-classic:1.2.12,ch.qos.logback:logback-classic:1.5.7,59.0
ch.qos.logback:logback-classic:1.2.12,ch.qos.logback:logback-classic:1.4.8,59.0
ch.qos.logback:logback-classic:1.2.12,ch.qos.logback:logback-classic:1.4.11,59.0
ch.qos.logback:logback-classic:1.2.12,ch.qos.logback:logback-classic:1.2.11,0.0
ch.qos.logback:logback-classic:1.2.12,ch.qos.logback:logback-classic:1.2.13,0.0
org.springframework:spring-core:6.0.0,org.springframework:spring-core:5.2.0.RELEASE,292.0
org.springframework:spring-core:6.0.0,org.springframework:spring-core:6.0.4,2.0
org.springframework:spring-core:6.0.0,org.springframework:spring-core:6.0.3,2.0
org.springframework:spring-core:6.0.0,org.springframework:spring-core:6.0.2,1.0
org.springframework:spring-core:6.0.0,org.springframework:spring-core:6.1.12,71.0
org.springframework:spring-core:6.0.0,org.springframework:spring-core:6.1.11,71.0
org.springframework:spring-core:6.0.0,org.springframework:spring-core:6.1.10,71.0
org.springframework:spring-expression:6.1.11,org.springframework:spring-expression:6.0.0,24.0
org.springframework:spring-core:6.0.0,org.springframework:spring-core:5.3.31,231.0
org.springframework:spring-expression:6.1.11,org.springframework:spring-expression:6.0.3,24.0
org.springframework.boot:spring-boot-starter:3.2.9,org.springframework.boot:spring-boot-starter:3.2.3,0.0
org.springframework:spring-core:6.0.0,org.springframework:spring-core:5.3.30,232.0
org.springframework:spring-expression:6.1.11,org.springframework:spring-expression:6.0.2,24.0
org.springframework.boot:spring-boot-starter:3.2.9,org.springframework.boot:spring-boot-starter:3.0.6,0.0
org.springframework:spring-expression:6.1.11,org.springframework:spring-expression:6.0.5,24.0
org.springframework.boot:spring-boot-starter:3.2.9,org.springframework.boot:spring-boot-starter:3.2.2,0.0
org.springframework:spring-expression:6.1.11,org.springframework:spring-expression:6.0.18,13.0
org.springframework.boot:spring-boot-starter:3.2.9,org.springframework.boot:spring-boot-starter:3.0.1,0.0
org.springframework:spring-expression:6.1.11,org.springframework:spring-expression:6.0.4,24.0
org.springframework.boot:spring-boot-starter:3.2.9,org.springframework.boot:spring-boot-starter:3.0.2,0.0
org.springframework:spring-expression:6.1.11,org.springframework:spring-expression:6.0.17,13.0
org.springframework.boot:spring-boot-starter:3.2.9,org.springframework.boot:spring-boot-starter:3.2.0,0.0
org.springframework:spring-expression:6.1.11,org.springframework:spring-expression:6.0.7,23.0
org.springframework.boot:spring-boot-starter:3.2.9,org.springframework.boot:spring-boot-starter:3.0.7,0.0
org.springframework:spring-expression:6.1.11,org.springframework:spring-expression:6.0.6,24.0
org.springframework.boot:spring-boot-starter:3.2.9,org.springframework.boot:spring-boot-starter:3.2.5,0.0
org.springframework:spring-expression:6.1.11,org.springframework:spring-expression:6.0.9,15.0
org.springframework.boot:spring-boot-starter:3.2.9,org.springframework.boot:spring-boot-starter:3.0.8,0.0
org.springframework:spring-expression:6.1.11,org.springframework:spring-expression:6.0.8,15.0
org.springframework.boot:spring-boot-starter:3.2.9,org.springframework.boot:spring-boot-starter:3.2.6,0.0
org.springframework.boot:spring-boot-starter:3.2.9,org.springframework.boot:spring-boot-starter:3.0.5,0.0
org.springframework:spring-beans:6.0.14,org.springframework:spring-beans:3.0.3.RELEASE,191.0
org.springframework:spring-beans:6.0.14,org.springframework:spring-beans:5.3.9,87.0
org.springframework:spring-beans:6.0.14,org.springframework:spring-beans:6.0.0,16.0
org.springframework:spring-core:6.0.14,org.springframework:spring-core:6.0.0,45.0
org.apache.kafka:kafka-streams:2.8.1,org.apache.kafka:kafka-streams:2.6.0,248.0
org.apache.kafka:kafka-streams:2.8.1,org.apache.kafka:kafka-streams:2.8.0,10.0
org.apache.kafka:kafka-streams:2.8.1,org.apache.kafka:kafka-streams:2.8.2,0.0
io.grpc:grpc-api:1.45.1,io.grpc:grpc-api:1.54.0,20.0
org.springframework:spring-aop:6.0.0,org.springframework:spring-aop:6.0.21,10.0
org.springframework:spring-aop:6.0.0,org.springframework:spring-aop:6.0.20,10.0
org.springframework:spring-expression:6.1.12,org.springframework:spring-expression:6.1.8,3.0
org.springframework:spring-core:6.0.0,org.springframework:spring-core:6.0.14,35.0
org.springframework:spring-expression:6.1.12,org.springframework:spring-expression:6.1.7,3.0
org.springframework:spring-core:6.0.0,org.springframework:spring-core:6.0.15,35.0
org.springframework:spring-expression:6.1.12,org.springframework:spring-expression:6.1.9,3.0
org.springframework:spring-core:6.0.0,org.springframework:spring-core:6.0.12,28.0
org.springframework:spring-expression:6.1.12,org.springframework:spring-expression:6.1.0,12.0
org.springframework:spring-core:6.0.0,org.springframework:spring-core:6.0.13,31.0
org.springframework:spring-expression:6.1.12,org.springframework:spring-expression:5.3.19,26.0
org.springframework:spring-core:6.0.0,org.springframework:spring-core:6.0.10,21.0
org.springframework:spring-expression:6.1.12,org.springframework:spring-expression:6.1.2,9.0
org.springframework:spring-core:6.0.0,org.springframework:spring-core:6.0.11,21.0
org.springframework:spring-expression:6.1.11,org.springframework:spring-expression:5.3.20,26.0
org.springframework:spring-core:6.0.0,org.springframework:spring-core:6.0.18,35.0
org.springframework:spring-expression:6.1.11,org.springframework:spring-expression:6.1.12,3.0
org.springframework:spring-core:6.0.0,org.springframework:spring-core:6.0.16,35.0
org.springframework:spring-expression:6.1.12,org.springframework:spring-expression:6.1.4,6.0
org.springframework:spring-expression:6.1.12,org.springframework:spring-expression:6.1.3,8.0
org.springframework:spring-expression:6.1.12,org.springframework:spring-expression:6.1.5,6.0
org.springframework:spring-core:6.0.14,org.springframework:spring-core:5.3.17,264.0
org.springframework:spring-core:6.0.14,org.springframework:spring-core:5.3.15,264.0
org.springframework:spring-core:6.0.14,org.springframework:spring-core:5.3.19,263.0
org.springframework:spring-core:6.0.14,org.springframework:spring-core:5.3.18,263.0
org.springframework:spring-core:6.0.14,org.springframework:spring-core:5.2.0.RELEASE,311.0
io.grpc:grpc-api:1.45.1,io.grpc:grpc-api:1.57.2,23.0
io.grpc:grpc-api:1.45.1,io.grpc:grpc-api:1.37.0,17.0
io.grpc:grpc-api:1.45.1,io.grpc:grpc-api:1.58.0,24.0
io.grpc:grpc-api:1.45.1,io.grpc:grpc-api:1.49.2,11.0
org.springframework:spring-core:6.0.14,org.springframework:spring-core:5.3.26,249.0
io.grpc:grpc-api:1.45.1,io.grpc:grpc-api:1.42.0,5.0
com.google.guava:guava:31.1-jre,com.google.guava:guava:20.0,561.0
com.google.guava:guava:31.1-jre,com.google.guava:guava:23.5-jre,378.0
com.google.guava:guava:31.1-jre,com.google.guava:guava:30.0-jre,125.0
org.springframework:spring-core:6.0.0,org.springframework:spring-core:6.0.17,35.0
org.springframework:spring-core:6.0.0,org.springframework:spring-core:6.1.3,68.0
org.springframework:spring-core:6.0.0,org.springframework:spring-core:6.1.2,64.0
org.springframework:spring-core:6.0.0,org.springframework:spring-core:6.1.1,63.0
org.springframework:spring-expression:6.1.11,org.springframework:spring-expression:5.3.25,26.0
org.springframework:spring-core:6.0.0,org.springframework:spring-core:6.1.0,63.0
org.springframework:spring-expression:6.1.11,org.springframework:spring-expression:5.3.24,26.0
org.springframework:spring-core:6.0.0,org.springframework:spring-core:6.0.21,35.0
org.springframework:spring-core:6.0.0,org.springframework:spring-core:6.0.20,35.0
org.springframework:spring-core:6.0.0,org.springframework:spring-core:5.3.4,250.0
org.springframework:spring-expression:6.1.11,org.springframework:spring-expression:5.2.0.RELEASE,28.0
org.springframework:spring-core:6.0.0,org.springframework:spring-core:5.3.9,242.0
org.springframework:spring-expression:6.1.11,org.springframework:spring-expression:5.3.26,25.0
org.springframework:spring-core:6.0.0,org.springframework:spring-core:6.1.9,71.0
org.springframework:spring-expression:6.1.11,org.springframework:spring-expression:5.3.29,21.0
org.springframework:spring-expression:6.1.11,org.springframework:spring-expression:5.3.28,21.0
org.springframework:spring-expression:6.1.11,org.springframework:spring-expression:5.3.9,28.0
org.springframework:spring-expression:6.1.11,org.springframework:spring-expression:5.3.23,26.0
org.springframework:spring-expression:6.1.11,org.springframework:spring-expression:5.3.22,26.0
org.springframework:spring-core:6.0.14,org.springframework:spring-core:5.3.31,244.0
org.springframework:spring-core:6.0.14,org.springframework:spring-core:5.3.30,245.0
org.springframework:spring-core:6.0.14,org.springframework:spring-core:5.3.24,256.0
com.google.guava:guava:31.1-jre,com.google.guava:guava:30.1.1-jre,111.0
org.springframework:spring-core:6.0.14,org.springframework:spring-core:5.3.23,257.0
com.google.guava:guava:31.1-jre,com.google.guava:guava:31.0.1-jre,24.0
org.springframework:spring-core:6.0.14,org.springframework:spring-core:5.3.22,257.0
com.google.guava:guava:31.1-jre,com.google.guava:guava:18.0,679.0
org.springframework:spring-core:6.0.14,org.springframework:spring-core:5.3.28,248.0
com.google.guava:guava:31.1-jre,com.google.guava:guava:25.0-jre,300.0
org.slf4j:slf4j-api:2.0.9,org.slf4j:slf4j-api:2.0.3,2.0
org.slf4j:slf4j-api:2.0.9,org.slf4j:slf4j-api:2.0.4,2.0
org.slf4j:slf4j-api:2.0.9,org.slf4j:slf4j-api:1.7.26,30.0
org.slf4j:slf4j-api:2.0.9,org.slf4j:slf4j-api:1.6.4,38.0
org.springframework:spring-expression:6.1.12,org.springframework:spring-expression:6.0.0,24.0
org.slf4j:slf4j-api:2.0.9,org.slf4j:slf4j-api:1.5.3,42.0
org.springframework:spring-expression:6.1.12,org.springframework:spring-expression:6.0.3,24.0
org.springframework:spring-expression:6.1.12,org.springframework:spring-expression:6.0.2,24.0
org.slf4j:slf4j-api:2.0.9,org.slf4j:slf4j-api:1.6.1,38.0
org.springframework:spring-expression:6.1.12,org.springframework:spring-expression:6.0.10,17.0
org.springframework.boot:spring-boot-starter:3.2.9,org.springframework.boot:spring-boot-starter:3.1.11,0.0
org.slf4j:slf4j-api:2.0.9,org.slf4j:slf4j-api:1.7.7,36.0
org.springframework:spring-expression:6.1.12,org.springframework:spring-expression:5.3.30,22.0
org.springframework.boot:spring-boot-starter:3.2.9,org.springframework.boot:spring-boot-starter:3.1.12,0.0
org.springframework:spring-expression:6.1.12,org.springframework:spring-expression:6.0.12,17.0
org.springframework.boot:spring-boot-starter:3.2.9,org.springframework.boot:spring-boot-starter:3.1.10,0.0
org.springframework:spring-expression:6.1.12,org.springframework:spring-expression:5.3.31,22.0
org.springframework.boot:spring-boot-starter:3.2.9,org.springframework.boot:spring-boot-starter:2.7.10,0.0
org.springframework:spring-expression:6.1.12,org.springframework:spring-expression:6.0.11,17.0
org.springframework.boot:spring-boot-starter:3.2.9,org.springframework.boot:spring-boot-starter:2.7.11,0.0
org.springframework:spring-expression:6.1.12,org.springframework:spring-expression:6.0.6,24.0
org.springframework.boot:spring-boot-starter:3.2.9,org.springframework.boot:spring-boot-starter:3.1.5,0.0
org.springframework:spring-expression:6.1.12,org.springframework:spring-expression:6.0.9,17.0
org.springframework.boot:spring-boot-starter:3.2.9,org.springframework.boot:spring-boot-starter:2.7.7,0.0
org.springframework:spring-expression:6.1.12,org.springframework:spring-expression:6.0.8,17.0
org.springframework.boot:spring-boot-starter:3.2.9,org.springframework.boot:spring-boot-starter:2.7.8,0.0
org.springframework.boot:spring-boot-starter:3.2.9,org.springframework.boot:spring-boot-starter:2.7.9,0.0
org.springframework.boot:spring-boot-starter:3.2.9,org.springframework.boot:spring-boot-starter:2.7.5,0.0
org.springframework.boot:spring-boot-starter:3.2.9,org.springframework.boot:spring-boot-starter:2.7.6,0.0
org.slf4j:slf4j-api:2.0.9,org.slf4j:slf4j-api:1.7.6,36.0
org.slf4j:slf4j-api:2.0.9,org.slf4j:slf4j-api:1.7.28,30.0
org.slf4j:slf4j-api:2.0.9,org.slf4j:slf4j-api:1.7.5,37.0
org.slf4j:slf4j-api:2.0.9,org.slf4j:slf4j-api:1.7.29,30.0
org.slf4j:slf4j-api:2.0.9,org.slf4j:slf4j-api:1.7.22,30.0
org.slf4j:slf4j-api:2.0.9,org.slf4j:slf4j-api:2.0.15,1.0
org.slf4j:slf4j-api:2.0.9,org.slf4j:slf4j-api:2.0.16,1.0
org.slf4j:slf4j-api:2.0.9,org.slf4j:slf4j-api:1.7.21,30.0
org.springframework:spring-expression:6.1.12,org.springframework:spring-expression:6.0.21,15.0
org.slf4j:slf4j-api:2.0.9,org.slf4j:slf4j-api:2.0.11,1.0
org.springframework:spring-expression:6.1.12,org.springframework:spring-expression:6.0.20,15.0
org.springframework.boot:spring-boot-starter:3.2.9,org.springframework.boot:spring-boot-starter:2.7.17,0.0
org.slf4j:slf4j-api:2.0.9,org.slf4j:slf4j-api:2.0.12,0.0
org.springframework:spring-expression:6.1.12,org.springframework:spring-expression:6.0.5,24.0
io.micrometer:micrometer-jakarta9:1.12.9,io.micrometer:micrometer-jakarta9:1.12.8,0.0
org.springframework:spring-expression:6.1.12,org.springframework:spring-expression:6.0.18,15.0
io.micrometer:micrometer-jakarta9:1.12.9,io.micrometer:micrometer-jakarta9:1.12.7,0.0
org.springframework:spring-expression:6.1.12,org.springframework:spring-expression:6.0.4,24.0
io.micrometer:micrometer-jakarta9:1.12.9,io.micrometer:micrometer-jakarta9:1.12.6,0.0
org.springframework:spring-expression:6.1.12,org.springframework:spring-expression:6.0.17,15.0
io.micrometer:micrometer-jakarta9:1.12.9,io.micrometer:micrometer-jakarta9:1.12.5,1.0
org.springframework:spring-expression:6.1.12,org.springframework:spring-expression:6.0.7,23.0
io.micrometer:micrometer-jakarta9:1.12.9,io.micrometer:micrometer-jakarta9:1.12.4,1.0
org.springframework:spring-expression:6.1.12,org.springframework:spring-expression:6.1.1,9.0
org.springframework.boot:spring-boot-starter:3.2.9,org.springframework.boot:spring-boot-starter:2.7.12,0.0
org.springframework:spring-expression:6.1.12,org.springframework:spring-expression:5.3.15,27.0
org.springframework.boot:spring-boot-starter:3.2.9,org.springframework.boot:spring-boot-starter:2.7.13,0.0
org.springframework:spring-expression:6.1.12,org.springframework:spring-expression:5.3.18,26.0
org.springframework.boot:spring-boot-starter:3.2.9,org.springframework.boot:spring-boot-starter:2.7.14,0.0
org.springframework:spring-expression:6.1.12,org.springframework:spring-expression:5.3.17,26.0
org.springframework.boot:spring-boot-starter:3.2.9,org.springframework.boot:spring-boot-starter:2.7.15,0.0
org.springframework.boot:spring-boot-starter:3.2.9,org.springframework.boot:spring-boot-starter:2.7.16,0.0
org.springframework:spring-core:6.0.0,org.springframework:spring-core:5.3.24,232.0
org.springframework:spring-core:6.0.0,org.springframework:spring-core:5.3.23,233.0
org.springframework:spring-core:6.0.0,org.springframework:spring-core:5.3.22,233.0
org.springframework:spring-core:6.0.0,org.springframework:spring-core:5.3.28,230.0
org.springframework:spring-core:6.0.0,org.springframework:spring-core:5.3.26,229.0
org.springframework:spring-core:6.0.0,org.springframework:spring-core:5.3.25,233.0
org.springframework:spring-core:6.0.0,org.springframework:spring-core:6.0.9,20.0
org.springframework:spring-core:6.0.0,org.springframework:spring-core:5.3.29,230.0
org.springframework.boot:spring-boot-starter:3.2.9,org.springframework.boot:spring-boot-starter:3.1.9,0.0
org.springframework:spring-core:6.0.0,org.springframework:spring-core:6.0.8,17.0
org.springframework.boot:spring-boot-starter:3.2.9,org.springframework.boot:spring-boot-starter:3.0.10,0.0
org.springframework.boot:spring-boot-starter:3.2.9,org.springframework.boot:spring-boot-starter:3.0.11,0.0
org.springframework:spring-expression:6.1.12,org.springframework:spring-expression:5.3.22,26.0
org.springframework.boot:spring-boot-starter:3.2.9,org.springframework.boot:spring-boot-starter:3.2.4,0.0
org.springframework.boot:spring-boot-starter:3.2.9,org.springframework.boot:spring-boot-starter:3.0.0,0.0
org.springframework.boot:spring-boot-starter:3.2.9,org.springframework.boot:spring-boot-starter:2.6.14,0.0
org.springframework.boot:spring-boot-starter:3.2.9,org.springframework.boot:spring-boot-starter:2.6.15,0.0
org.springframework:spring-beans:6.0.14,org.springframework:spring-beans:5.3.30,82.0
org.springframework.boot:spring-boot-starter:3.2.9,org.springframework.boot:spring-boot-starter:2.5.15,0.0
org.springframework.boot:spring-boot-starter:3.2.9,org.springframework.boot:spring-boot-starter:3.0.12,0.0
org.springframework:spring-beans:6.0.14,org.springframework:spring-beans:5.3.31,82.0
org.springframework.boot:spring-boot-starter:3.2.9,org.springframework.boot:spring-boot-starter:3.0.13,0.0
org.springframework.boot:spring-boot-starter:3.2.9,org.springframework.boot:spring-boot-starter:3.1.8,0.0
org.springframework:spring-beans:6.0.14,org.springframework:spring-beans:5.3.15,86.0
org.springframework:spring-core:6.0.0,org.springframework:spring-core:6.0.7,15.0
org.springframework:spring-core:6.0.0,org.springframework:spring-core:6.0.6,15.0
org.springframework:spring-core:6.0.0,org.springframework:spring-core:6.0.5,15.0
org.slf4j:slf4j-api:2.0.9,org.slf4j:slf4j-api:1.7.30,30.0
org.springframework:spring-expression:6.1.12,org.springframework:spring-expression:6.0.16,15.0
org.slf4j:slf4j-api:2.0.9,org.slf4j:slf4j-api:1.7.33,30.0
org.springframework:spring-expression:6.1.12,org.springframework:spring-expression:6.0.15,15.0
org.slf4j:slf4j-api:2.0.9,org.slf4j:slf4j-api:1.7.12,35.0
org.springframework:spring-expression:6.1.12,org.springframework:spring-expression:5.3.4,28.0
org.slf4j:slf4j-api:2.0.9,org.slf4j:slf4j-api:1.7.10,35.0
org.springframework:spring-expression:6.1.12,org.springframework:spring-expression:5.3.26,25.0
org.slf4j:slf4j-api:2.0.9,org.slf4j:slf4j-api:2.0.7,2.0
org.springframework:spring-expression:6.1.12,org.springframework:spring-expression:5.3.29,22.0
org.springframework.boot:spring-boot-starter:3.2.9,org.springframework.boot:spring-boot-starter:3.1.7,0.0
org.slf4j:slf4j-api:2.0.9,org.slf4j:slf4j-api:2.0.6,2.0
org.springframework:spring-expression:6.1.12,org.springframework:spring-expression:5.3.28,22.0
org.springframework.boot:spring-boot-starter:3.2.9,org.springframework.boot:spring-boot-starter:3.3.2,0.0
org.springframework:spring-expression:6.1.12,org.springframework:spring-expression:5.3.9,28.0
org.springframework.boot:spring-boot-starter:3.2.9,org.springframework.boot:spring-boot-starter:3.1.4,0.0
org.springframework:spring-expression:6.1.12,org.springframework:spring-expression:5.3.23,26.0
org.springframework.boot:spring-boot-starter:3.2.9,org.springframework.boot:spring-boot-starter:3.3.3,0.0
org.springframework.boot:spring-boot-starter:3.2.9,org.springframework.boot:spring-boot-starter:3.3.0,0.0
org.springframework:spring-expression:6.1.12,org.springframework:spring-expression:6.0.13,15.0
org.springframework.boot:spring-boot-starter:3.2.9,org.springframework.boot:spring-boot-starter:3.1.2,0.0
org.springframework.boot:spring-boot-starter:3.2.9,org.springframework.boot:spring-boot-starter:3.3.1,0.0
org.springframework.boot:spring-boot-starter:3.2.9,org.springframework.boot:spring-boot-starter:3.1.3,0.0
org.springframework:spring-beans:6.0.14,org.springframework:spring-beans:5.3.18,83.0
org.springframework.boot:spring-boot-starter:3.2.9,org.springframework.boot:spring-boot-starter:3.1.0,0.0
org.springframework:spring-beans:6.0.14,org.springframework:spring-beans:5.3.19,83.0
org.springframework.boot:spring-boot-starter:3.2.9,org.springframework.boot:spring-boot-starter:3.1.1,0.0
org.springframework.boot:spring-boot-starter:3.2.9,org.springframework.boot:spring-boot-starter:3.1.6,0.0
org.springframework:spring-beans:6.0.14,org.springframework:spring-beans:5.3.17,83.0
org.apache.tomcat.embed:tomcat-embed-core:8.5.78,org.apache.tomcat.embed:tomcat-embed-core:8.5.87,109.0
org.apache.tomcat.embed:tomcat-embed-core:8.5.78,org.apache.tomcat.embed:tomcat-embed-core:8.5.46,285.0
org.apache.tomcat.embed:tomcat-embed-core:8.5.78,org.apache.tomcat.embed:tomcat-embed-core:9.0.82,355.0
org.springframework.boot:spring-boot-actuator-autoconfigure:3.2.9,org.springframework.boot:spring-boot-actuator-autoconfigure:2.7.13,216.0
org.springframework.boot:spring-boot-actuator-autoconfigure:3.2.9,org.springframework.boot:spring-boot-actuator-autoconfigure:2.7.12,216.0
org.apache.tomcat.embed:tomcat-embed-core:8.5.78,org.apache.tomcat.embed:tomcat-embed-core:9.0.80,353.0
org.springframework.boot:spring-boot-actuator-autoconfigure:3.2.9,org.springframework.boot:spring-boot-actuator-autoconfigure:2.7.5,221.0
org.springframework.boot:spring-boot-actuator-autoconfigure:3.2.9,org.springframework.boot:spring-boot-actuator-autoconfigure:2.7.6,220.0
org.springframework.boot:spring-boot-actuator-autoconfigure:3.2.9,org.springframework.boot:spring-boot-actuator-autoconfigure:2.7.7,220.0
org.apache.tomcat.embed:tomcat-embed-core:8.5.78,org.apache.tomcat.embed:tomcat-embed-core:10.1.12,653.0
org.springframework.boot:spring-boot-actuator-autoconfigure:3.2.9,org.springframework.boot:spring-boot-actuator-autoconfigure:2.7.8,220.0
org.springframework.boot:spring-boot-actuator-autoconfigure:3.2.9,org.springframework.boot:spring-boot-actuator-autoconfigure:2.6.14,227.0
org.springframework.boot:spring-boot-actuator-autoconfigure:3.2.9,org.springframework.boot:spring-boot-actuator-autoconfigure:2.7.9,220.0
org.springframework.boot:spring-boot-actuator-autoconfigure:3.2.9,org.springframework.boot:spring-boot-actuator-autoconfigure:2.6.15,223.0
org.springframework.boot:spring-boot-actuator-autoconfigure:3.2.9,org.springframework.boot:spring-boot-actuator-autoconfigure:2.7.11,218.0
org.springframework.boot:spring-boot-actuator-autoconfigure:3.2.9,org.springframework.boot:spring-boot-actuator-autoconfigure:2.7.10,220.0
org.apache.tomcat.embed:tomcat-embed-core:8.5.78,org.apache.tomcat.embed:tomcat-embed-core:9.0.79,353.0
org.apache.tomcat.embed:tomcat-embed-core:8.5.78,org.apache.tomcat.embed:tomcat-embed-core:9.0.78,353.0
org.apache.tomcat.embed:tomcat-embed-core:8.5.78,org.apache.tomcat.embed:tomcat-embed-core:9.0.76,351.0
org.apache.tomcat.embed:tomcat-embed-core:8.5.78,org.apache.tomcat.embed:tomcat-embed-core:9.0.75,342.0
org.apache.tomcat.embed:tomcat-embed-core:8.5.78,org.apache.tomcat.embed:tomcat-embed-core:9.0.74,341.0
org.apache.tomcat.embed:tomcat-embed-core:8.5.78,org.apache.tomcat.embed:tomcat-embed-core:9.0.73,337.0
org.springframework:spring-web:5.3.27,org.springframework:spring-web:5.3.15,12.0
org.apache.tomcat.embed:tomcat-embed-core:8.5.78,org.apache.tomcat.embed:tomcat-embed-core:8.5.95,149.0
org.springframework:spring-web:5.3.27,org.springframework:spring-web:5.3.19,10.0
org.apache.tomcat.embed:tomcat-embed-core:8.5.78,org.apache.tomcat.embed:tomcat-embed-core:8.5.72,53.0
org.springframework:spring-web:5.3.27,org.springframework:spring-web:5.3.17,12.0
org.apache.tomcat.embed:tomcat-embed-core:8.5.78,org.apache.tomcat.embed:tomcat-embed-core:8.5.97,155.0
org.springframework:spring-web:5.3.27,org.springframework:spring-web:5.3.18,12.0
org.springframework.boot:spring-boot-actuator-autoconfigure:3.2.9,org.springframework.boot:spring-boot-actuator-autoconfigure:3.1.6,72.0
io.micrometer:micrometer-jakarta9:1.12.9,io.micrometer:micrometer-jakarta9:1.12.2,1.0
io.micrometer:micrometer-jakarta9:1.12.9,io.micrometer:micrometer-jakarta9:1.13.0,0.0
io.micrometer:micrometer-jakarta9:1.12.9,io.micrometer:micrometer-jakarta9:1.12.1,1.0
org.springframework.boot:spring-boot-actuator-autoconfigure:3.2.9,org.springframework.boot:spring-boot-actuator-autoconfigure:3.0.0,111.0
org.springframework.boot:spring-boot-actuator-autoconfigure:3.2.9,org.springframework.boot:spring-boot-actuator-autoconfigure:2.7.18,212.0
io.micrometer:micrometer-jakarta9:1.12.9,io.micrometer:micrometer-jakarta9:1.13.3,0.0
io.micrometer:micrometer-jakarta9:1.12.9,io.micrometer:micrometer-jakarta9:1.12.3,1.0
io.micrometer:micrometer-jakarta9:1.12.9,io.micrometer:micrometer-jakarta9:1.13.2,0.0
io.micrometer:micrometer-jakarta9:1.12.9,io.micrometer:micrometer-jakarta9:1.13.1,0.0
org.springframework.boot:spring-boot-actuator-autoconfigure:3.2.9,org.springframework.boot:spring-boot-actuator-autoconfigure:3.0.4,106.0
org.springframework.boot:spring-boot-actuator-autoconfigure:3.2.9,org.springframework.boot:spring-boot-actuator-autoconfigure:2.7.14,216.0
org.springframework.boot:spring-boot-actuator-autoconfigure:3.2.9,org.springframework.boot:spring-boot-actuator-autoconfigure:3.2.2,8.0
org.springframework.boot:spring-boot-actuator-autoconfigure:3.2.9,org.springframework.boot:spring-boot-actuator-autoconfigure:3.0.1,110.0
org.springframework.boot:spring-boot-actuator-autoconfigure:3.2.9,org.springframework.boot:spring-boot-actuator-autoconfigure:2.7.17,212.0
org.springframework.boot:spring-boot-actuator-autoconfigure:3.2.9,org.springframework.boot:spring-boot-actuator-autoconfigure:3.0.2,108.0
org.springframework.boot:spring-boot-actuator-autoconfigure:3.2.9,org.springframework.boot:spring-boot-actuator-autoconfigure:2.7.16,213.0
org.springframework.boot:spring-boot-actuator-autoconfigure:3.2.9,org.springframework.boot:spring-boot-actuator-autoconfigure:3.0.3,106.0
org.springframework.boot:spring-boot-actuator-autoconfigure:3.2.9,org.springframework.boot:spring-boot-actuator-autoconfigure:2.7.15,213.0
org.springframework.boot:spring-boot-actuator-autoconfigure:3.2.9,org.springframework.boot:spring-boot-actuator-autoconfigure:3.2.1,10.0
org.apache.tomcat.embed:tomcat-embed-core:8.5.78,org.apache.tomcat.embed:tomcat-embed-core:9.0.69,273.0
org.apache.tomcat.embed:tomcat-embed-core:8.5.78,org.apache.tomcat.embed:tomcat-embed-core:8.5.82,17.0
org.glassfish.jersey.core:jersey-server:2.37,org.glassfish.jersey.core:jersey-server:2.35,10.0
net.sf.ehcache:ehcache:2.10.9.2,net.sf.ehcache:ehcache:2.10.6,6.0
org.springframework:spring-core:6.0.14,org.springframework:spring-core:6.0.10,17.0
com.squareup.okhttp3:okhttp:5.0.0-alpha.6,com.squareup.okhttp3:okhttp:4.10.0-RC1,0.0
com.squareup.okhttp3:okhttp:5.0.0-alpha.6,com.squareup.okhttp3:okhttp:5.0.0-alpha.2,0.0
org.springframework:spring-core:6.0.14,org.springframework:spring-core:5.3.20,261.0
com.squareup.okhttp3:okhttp:5.0.0-alpha.6,com.squareup.okhttp3:okhttp:4.11.0,0.0
org.springframework:spring-core:6.0.14,org.springframework:spring-core:3.0.3.RELEASE,727.0
com.squareup.okhttp3:okhttp:5.0.0-alpha.6,com.squareup.okhttp3:okhttp:5.0.0-alpha.11,0.0
com.squareup.okhttp3:okhttp:5.0.0-alpha.6,com.squareup.okhttp3:okhttp:3.14.4,0.0
com.squareup.okhttp3:okhttp:5.0.0-alpha.6,com.squareup.okhttp3:okhttp:5.0.0-alpha.10,0.0
com.google.code.findbugs:jsr305:3.0.2,com.google.code.findbugs:jsr305:3.0.1,0.0
com.google.code.findbugs:jsr305:3.0.2,com.google.code.findbugs:jsr305:1.3.9,1.0
org.springframework:spring-core:6.0.14,org.springframework:spring-core:5.3.4,274.0
org.springframework:spring-core:6.0.14,org.springframework:spring-core:5.3.9,266.0
org.hdrhistogram:HdrHistogram:2.1.12,org.hdrhistogram:HdrHistogram:2.1.11,34.0
io.micrometer:micrometer-observation:1.10.12,io.micrometer:micrometer-observation:1.13.3,4.0
io.micrometer:micrometer-observation:1.10.12,io.micrometer:micrometer-observation:1.10.6,8.0
org.apache.tomcat.embed:tomcat-embed-core:8.5.78,org.apache.tomcat.embed:tomcat-embed-core:8.5.96,154.0
io.micrometer:micrometer-observation:1.10.12,io.micrometer:micrometer-observation:1.11.8,2.0
org.apache.tomcat.embed:tomcat-embed-core:8.5.78,org.apache.tomcat.embed:tomcat-embed-core:8.5.93,138.0
io.micrometer:micrometer-observation:1.10.12,io.micrometer:micrometer-observation:1.12.7,4.0
org.apache.tomcat.embed:tomcat-embed-core:8.5.78,org.apache.tomcat.embed:tomcat-embed-core:10.1.20,660.0
io.micrometer:micrometer-observation:1.10.12,io.micrometer:micrometer-observation:1.10.9,4.0
org.apache.tomcat.embed:tomcat-embed-core:8.5.78,org.apache.tomcat.embed:tomcat-embed-core:8.5.99,159.0
io.micrometer:micrometer-observation:1.10.12,io.micrometer:micrometer-observation:1.11.7,2.0
org.apache.tomcat.embed:tomcat-embed-core:8.5.78,org.apache.tomcat.embed:tomcat-embed-core:8.5.98,156.0
org.apache.tomcat.embed:tomcat-embed-core:8.5.78,org.apache.tomcat.embed:tomcat-embed-core:9.0.71,283.0
org.apache.tomcat.embed:tomcat-embed-core:8.5.78,org.apache.tomcat.embed:tomcat-embed-core:10.1.28,670.0
org.apache.tomcat.embed:tomcat-embed-core:8.5.78,org.apache.tomcat.embed:tomcat-embed-core:9.0.70,281.0
org.apache.tomcat.embed:tomcat-embed-core:8.5.78,org.apache.tomcat.embed:tomcat-embed-core:10.1.26,666.0
org.springframework:spring-expression:6.1.11,org.springframework:spring-expression:6.0.21,13.0
org.springframework:spring-expression:6.1.11,org.springframework:spring-expression:6.0.20,13.0
org.springframework:spring-expression:6.1.11,org.springframework:spring-expression:6.1.7,0.0
org.springframework:spring-expression:6.1.11,org.springframework:spring-expression:6.1.9,0.0
org.springframework:spring-expression:6.1.11,org.springframework:spring-expression:6.1.0,10.0
org.springframework:spring-expression:6.1.11,org.springframework:spring-expression:5.3.19,26.0
org.springframework:spring-expression:6.1.11,org.springframework:spring-expression:6.1.2,7.0
org.springframework:spring-expression:6.1.11,org.springframework:spring-expression:6.1.1,7.0
org.springframework:spring-expression:6.1.11,org.springframework:spring-expression:5.3.15,27.0
org.springframework:spring-expression:6.1.11,org.springframework:spring-expression:5.3.18,26.0
org.springframework:spring-expression:6.1.11,org.springframework:spring-expression:5.3.17,26.0
io.micrometer:micrometer-observation:1.10.12,io.micrometer:micrometer-observation:1.10.7,8.0
io.micrometer:micrometer-observation:1.10.12,io.micrometer:micrometer-observation:1.11.11,2.0
io.micrometer:micrometer-observation:1.10.12,io.micrometer:micrometer-observation:1.11.5,2.0
io.micrometer:micrometer-observation:1.10.12,io.micrometer:micrometer-observation:1.12.4,4.0
io.micrometer:micrometer-observation:1.10.12,io.micrometer:micrometer-observation:1.10.10,1.0
org.apache.tomcat.embed:tomcat-embed-core:8.5.78,org.apache.tomcat.embed:tomcat-embed-core:10.1.25,666.0
org.apache.tomcat.embed:tomcat-embed-core:8.5.78,org.apache.tomcat.embed:tomcat-embed-core:10.1.24,665.0
org.apache.tomcat.embed:tomcat-embed-core:8.5.78,org.apache.tomcat.embed:tomcat-embed-core:9.0.68,271.0
org.springframework:spring-core:6.0.14,org.springframework:spring-core:6.0.13,5.0
org.apache.tomcat.embed:tomcat-embed-core:8.5.78,org.apache.tomcat.embed:tomcat-embed-core:8.5.100,165.0
org.apache.tomcat.embed:tomcat-embed-core:8.5.78,org.apache.tomcat.embed:tomcat-embed-core:10.1.4,602.0
org.apache.tomcat.embed:tomcat-embed-core:8.5.78,org.apache.tomcat.embed:tomcat-embed-core:9.0.83,358.0
org.apache.tomcat.embed:tomcat-embed-core:8.5.78,org.apache.tomcat.embed:tomcat-embed-core:10.1.19,657.0
org.springframework:spring-expression:6.1.11,org.springframework:spring-expression:6.1.8,0.0
org.springframework:spring-aop:6.1.11,org.springframework:spring-aop:6.0.2,24.0
org.springframework:spring-aop:6.1.11,org.springframework:spring-aop:6.0.3,24.0
org.springframework:spring-aop:6.1.11,org.springframework:spring-aop:6.0.18,14.0
org.springframework:spring-aop:6.1.11,org.springframework:spring-aop:6.0.0,24.0
org.springframework:spring-aop:6.1.11,org.springframework:spring-aop:6.0.17,14.0
org.springframework:spring-aop:6.1.11,org.springframework:spring-aop:6.0.21,14.0
org.springframework:spring-aop:6.1.11,org.springframework:spring-aop:6.0.20,14.0
org.springframework:spring-expression:6.1.11,org.springframework:spring-expression:6.1.4,3.0
org.springframework:spring-expression:6.1.11,org.springframework:spring-expression:6.1.3,6.0
org.springframework:spring-expression:6.1.11,org.springframework:spring-expression:6.1.5,3.0
io.micrometer:micrometer-observation:1.10.12,io.micrometer:micrometer-observation:1.12.6,4.0
io.micrometer:micrometer-observation:1.10.12,io.micrometer:micrometer-observation:1.10.8,6.0
io.micrometer:micrometer-observation:1.10.12,io.micrometer:micrometer-observation:1.10.13,0.0
org.springframework:spring-expression:5.3.27,org.springframework:spring-expression:5.3.25,10.0
org.springframework:spring-expression:5.3.27,org.springframework:spring-expression:5.3.24,10.0
org.xmlbeam:xmlprojector:1.4.24,org.xmlbeam:xmlprojector:1.4.20,2.0
org.xmlbeam:xmlprojector:1.4.24,org.xmlbeam:xmlprojector:1.4.18,5.0
org.springframework:spring-expression:5.3.27,org.springframework:spring-expression:5.2.0.RELEASE,13.0
org.springframework:spring-expression:5.3.27,org.springframework:spring-expression:5.3.20,10.0
org.xmlbeam:xmlprojector:1.4.24,org.xmlbeam:xmlprojector:1.4.23,0.0
org.xmlbeam:xmlprojector:1.4.24,org.xmlbeam:xmlprojector:1.4.22,0.0
org.springframework:spring-oxm:5.3.27,org.springframework:spring-oxm:5.3.17,0.0
org.springframework:spring-oxm:5.3.27,org.springframework:spring-oxm:5.3.19,0.0
org.springframework:spring-oxm:5.3.27,org.springframework:spring-oxm:5.3.22,0.0
org.springframework:spring-oxm:5.3.27,org.springframework:spring-oxm:5.3.23,0.0
org.springframework:spring-oxm:5.3.27,org.springframework:spring-oxm:5.3.24,0.0
org.springframework:spring-web:5.3.27,org.springframework:spring-web:5.3.26,0.0
org.springframework:spring-web:5.3.27,org.springframework:spring-web:5.3.24,5.0
org.springframework:spring-web:5.3.27,org.springframework:spring-web:5.3.25,2.0
org.springframework:spring-oxm:5.3.27,org.springframework:spring-oxm:5.3.25,0.0
org.springframework:spring-oxm:5.3.27,org.springframework:spring-oxm:5.3.26,0.0
org.springframework:spring-web:5.3.27,org.springframework:spring-web:5.3.23,5.0
org.springframework:spring-web:5.3.27,org.springframework:spring-web:5.3.20,10.0
org.springframework:spring-web:5.3.27,org.springframework:spring-web:5.3.22,8.0
com.google.guava:guava:31.1-jre,com.google.guava:guava:23.5-jre,378.0
ch.qos.logback:logback-classic:1.2.12,ch.qos.logback:logback-classic:1.2.11,0.0
org.apache.kafka:kafka-streams:2.8.2,org.apache.kafka:kafka-streams:2.6.0,248.0
org.apache.kafka:kafka-streams:2.8.2,org.apache.kafka:kafka-streams:2.8.0,10.0
io.micrometer:micrometer-observation:1.12.2,io.micrometer:micrometer-observation:1.10.12,6.0
io.micrometer:micrometer-observation:1.12.2,io.micrometer:micrometer-observation:1.10.10,7.0
org.springframework.boot:spring-boot-starter:3.2.2,org.springframework.boot:spring-boot-starter:3.2.9,0.0
io.grpc:grpc-api:1.45.1,io.grpc:grpc-api:1.37.0,17.0
io.grpc:grpc-api:1.45.1,io.grpc:grpc-api:1.42.0,5.0
org.apache.kafka:kafka-clients:2.8.2,org.apache.kafka:kafka-clients:0.10.0.1,1703.0
org.apache.kafka:kafka-clients:2.8.2,org.apache.kafka:kafka-clients:3.4.0,383.0
com.google.guava:guava:31.1-jre,com.google.guava:guava:30.0-jre,125.0
com.google.guava:guava:31.1-jre,com.google.guava:guava:30.1.1-jre,111.0
com.google.guava:guava:31.1-jre,com.google.guava:guava:31.0.1-jre,24.0
com.google.guava:guava:31.1-jre,com.google.guava:guava:18.0,679.0
com.google.guava:guava:31.1-jre,com.google.guava:guava:25.0-jre,300.0
com.google.guava:guava:31.1-jre,com.google.guava:guava:15.0,710.0
com.google.guava:guava:31.1-jre,com.google.guava:guava:28.1-jre,239.0
com.squareup.okhttp3:okhttp:5.0.0-alpha.11,com.squareup.okhttp3:okhttp:5.0.0-alpha.6,0.0
com.squareup.okhttp3:okhttp:5.0.0-alpha.11,com.squareup.okhttp3:okhttp:4.10.0-RC1,0.0
com.squareup.okhttp3:okhttp:5.0.0-alpha.11,com.squareup.okhttp3:okhttp:5.0.0-alpha.2,0.0
com.squareup.okhttp3:okhttp:5.0.0-alpha.11,com.squareup.okhttp3:okhttp:4.11.0,0.0
com.squareup.okhttp3:okhttp:5.0.0-alpha.11,com.squareup.okhttp3:okhttp:3.14.4,0.0
com.squareup.okhttp3:okhttp:5.0.0-alpha.11,com.squareup.okhttp3:okhttp:5.0.0-alpha.10,0.0
org.apache.tomcat.embed:tomcat-embed-el:10.1.4,org.apache.tomcat.embed:tomcat-embed-el:10.1.12,4.0
org.apache.tomcat.embed:tomcat-embed-el:10.1.4,org.apache.tomcat.embed:tomcat-embed-el:10.1.11,4.0
org.apache.tomcat.embed:tomcat-embed-el:10.1.4,org.apache.tomcat.embed:tomcat-embed-el:10.1.18,5.0
org.springframework.boot:spring-boot-starter:3.2.2,org.springframework.boot:spring-boot-starter:3.0.10,0.0
org.apache.tomcat.embed:tomcat-embed-el:10.1.4,org.apache.tomcat.embed:tomcat-embed-el:9.0.80,97.0
org.springframework.boot:spring-boot-starter:3.2.2,org.springframework.boot:spring-boot-starter:3.0.11,0.0
org.apache.tomcat.embed:tomcat-embed-el:10.1.4,org.apache.tomcat.embed:tomcat-embed-el:10.1.17,5.0
org.springframework.boot:spring-boot-starter:3.2.2,org.springframework.boot:spring-boot-starter:3.3.0,0.0
org.apache.tomcat.embed:tomcat-embed-el:10.1.4,org.apache.tomcat.embed:tomcat-embed-el:10.1.16,5.0
org.springframework.boot:spring-boot-starter:3.2.2,org.springframework.boot:spring-boot-starter:3.1.2,0.0
org.apache.tomcat.embed:tomcat-embed-el:10.1.4,org.apache.tomcat.embed:tomcat-embed-el:9.0.82,97.0
org.springframework.boot:spring-boot-starter:3.2.2,org.springframework.boot:spring-boot-starter:3.3.1,0.0
org.apache.tomcat.embed:tomcat-embed-el:10.1.4,org.apache.tomcat.embed:tomcat-embed-el:10.1.15,4.0
org.springframework.boot:spring-boot-starter:3.2.2,org.springframework.boot:spring-boot-starter:3.1.3,0.0
org.apache.tomcat.embed:tomcat-embed-el:10.1.4,org.apache.tomcat.embed:tomcat-embed-el:10.1.20,5.0
org.springframework.boot:spring-boot-starter:3.2.2,org.springframework.boot:spring-boot-starter:2.5.15,0.0
org.apache.tomcat.embed:tomcat-embed-websocket:10.1.4,org.apache.tomcat.embed:tomcat-embed-websocket:10.1.17,8.0
org.springframework.boot:spring-boot-starter:3.2.2,org.springframework.boot:spring-boot-starter:3.0.12,0.0
org.springframework.boot:spring-boot-starter:3.2.2,org.springframework.boot:spring-boot-starter:3.0.13,0.0
org.springframework.boot:spring-boot-starter:3.2.2,org.springframework.boot:spring-boot-starter:3.1.8,0.0
org.springframework.boot:spring-boot-starter:3.2.2,org.springframework.boot:spring-boot-starter:3.1.9,0.0
org.apache.tomcat.embed:tomcat-embed-websocket:10.1.4,org.apache.tomcat.embed:tomcat-embed-websocket:10.1.18,8.0
org.apache.tomcat.embed:tomcat-embed-websocket:10.1.4,org.apache.tomcat.embed:tomcat-embed-websocket:10.1.15,8.0
org.apache.tomcat.embed:tomcat-embed-websocket:10.1.4,org.apache.tomcat.embed:tomcat-embed-websocket:10.1.16,8.0
org.springframework.boot:spring-boot-starter:3.2.2,org.springframework.boot:spring-boot-starter:3.3.2,0.0
org.apache.tomcat.embed:tomcat-embed-websocket:10.1.4,org.apache.tomcat.embed:tomcat-embed-websocket:10.1.13,8.0
org.springframework.boot:spring-boot-starter:3.2.2,org.springframework.boot:spring-boot-starter:3.1.4,0.0
org.apache.tomcat.embed:tomcat-embed-websocket:10.1.4,org.apache.tomcat.embed:tomcat-embed-websocket:9.0.70,110.0
org.springframework.boot:spring-boot-starter:3.2.2,org.springframework.boot:spring-boot-starter:3.3.3,0.0
org.apache.tomcat.embed:tomcat-embed-websocket:10.1.4,org.apache.tomcat.embed:tomcat-embed-websocket:9.0.71,110.0
org.springframework.boot:spring-boot-starter:3.2.2,org.springframework.boot:spring-boot-starter:3.1.5,0.0
org.apache.tomcat.embed:tomcat-embed-websocket:10.1.4,org.apache.tomcat.embed:tomcat-embed-websocket:10.1.11,8.0
org.springframework.boot:spring-boot-starter:3.2.2,org.springframework.boot:spring-boot-starter:2.7.7,0.0
org.apache.tomcat.embed:tomcat-embed-websocket:10.1.4,org.apache.tomcat.embed:tomcat-embed-websocket:10.1.12,8.0
org.springframework.boot:spring-boot-starter:3.2.2,org.springframework.boot:spring-boot-starter:2.7.8,0.0
org.springframework.boot:spring-boot-starter:3.2.2,org.springframework.boot:spring-boot-starter:2.7.9,0.0
org.apache.tomcat.embed:tomcat-embed-websocket:10.1.4,org.apache.tomcat.embed:tomcat-embed-websocket:9.0.74,110.0
org.springframework.boot:spring-boot-starter:3.2.2,org.springframework.boot:spring-boot-starter:3.1.0,0.0
org.springframework.boot:spring-boot-starter:3.2.2,org.springframework.boot:spring-boot-starter:3.1.1,0.0
org.springframework.boot:spring-boot-starter:3.2.2,org.springframework.boot:spring-boot-starter:3.1.6,0.0
org.springframework.boot:spring-boot-starter:3.2.2,org.springframework.boot:spring-boot-starter:3.1.7,0.0
org.apache.tomcat.embed:tomcat-embed-el:10.1.4,org.apache.tomcat.embed:tomcat-embed-el:9.0.76,97.0
org.apache.tomcat.embed:tomcat-embed-el:10.1.4,org.apache.tomcat.embed:tomcat-embed-el:9.0.78,97.0
org.apache.tomcat.embed:tomcat-embed-el:10.1.4,org.apache.tomcat.embed:tomcat-embed-el:9.0.79,97.0
org.springframework.boot:spring-boot-starter:3.2.2,org.springframework.boot:spring-boot-starter:3.0.1,0.0
org.apache.tomcat.embed:tomcat-embed-el:10.1.4,org.apache.tomcat.embed:tomcat-embed-el:10.1.25,5.0
org.springframework.boot:spring-boot-starter:3.2.2,org.springframework.boot:spring-boot-starter:3.0.2,0.0
org.apache.tomcat.embed:tomcat-embed-el:10.1.4,org.apache.tomcat.embed:tomcat-embed-el:10.1.24,5.0
org.springframework.boot:spring-boot-starter:3.2.2,org.springframework.boot:spring-boot-starter:3.2.0,0.0
org.apache.tomcat.embed:tomcat-embed-el:10.1.4,org.apache.tomcat.embed:tomcat-embed-el:10.1.28,5.0
org.springframework.boot:spring-boot-starter:3.2.2,org.springframework.boot:spring-boot-starter:3.2.7,0.0
org.apache.tomcat.embed:tomcat-embed-el:10.1.4,org.apache.tomcat.embed:tomcat-embed-el:9.0.70,97.0
org.springframework.boot:spring-boot-starter:3.2.2,org.springframework.boot:spring-boot-starter:3.0.9,0.0
org.apache.tomcat.embed:tomcat-embed-el:10.1.4,org.apache.tomcat.embed:tomcat-embed-el:9.0.71,97.0
org.springframework.boot:spring-boot-starter:3.2.2,org.springframework.boot:spring-boot-starter:3.2.8,0.0
org.apache.tomcat.embed:tomcat-embed-el:10.1.4,org.apache.tomcat.embed:tomcat-embed-el:10.1.26,6.0
org.springframework.boot:spring-boot-starter:3.2.2,org.springframework.boot:spring-boot-starter:2.7.18,0.0
org.springframework.boot:spring-boot-starter:3.2.2,org.springframework.boot:spring-boot-starter:3.0.3,0.0
org.springframework.boot:spring-boot-starter:3.2.2,org.springframework.boot:spring-boot-starter:3.2.1,0.0
org.springframework.boot:spring-boot-starter:3.2.2,org.springframework.boot:spring-boot-starter:3.0.4,0.0
org.apache.tomcat.embed:tomcat-embed-el:10.1.4,org.apache.tomcat.embed:tomcat-embed-el:10.1.10,4.0
org.apache.tomcat.embed:tomcat-embed-el:10.1.4,org.apache.tomcat.embed:tomcat-embed-el:9.0.69,97.0
org.apache.tomcat.embed:tomcat-embed-el:10.1.4,org.apache.tomcat.embed:tomcat-embed-el:10.1.7,3.0
org.springframework.boot:spring-boot-starter:3.2.2,org.springframework.boot:spring-boot-starter:3.0.6,0.0
org.apache.tomcat.embed:tomcat-embed-el:10.1.4,org.apache.tomcat.embed:tomcat-embed-el:10.1.8,4.0
org.springframework.boot:spring-boot-starter:3.2.2,org.springframework.boot:spring-boot-starter:3.2.4,0.0
org.springframework.boot:spring-boot-starter:3.2.2,org.springframework.boot:spring-boot-starter:3.0.0,0.0
org.apache.tomcat.embed:tomcat-embed-el:10.1.4,org.apache.tomcat.embed:tomcat-embed-el:10.1.5,0.0
org.springframework.boot:spring-boot-starter:3.2.2,org.springframework.boot:spring-boot-starter:2.6.14,0.0
org.apache.tomcat.embed:tomcat-embed-el:10.1.4,org.apache.tomcat.embed:tomcat-embed-el:9.0.83,97.0
org.springframework.boot:spring-boot-starter:3.2.2,org.springframework.boot:spring-boot-starter:2.6.15,0.0
org.apache.tomcat.embed:tomcat-embed-el:10.1.4,org.apache.tomcat.embed:tomcat-embed-el:10.1.19,5.0
org.springframework.boot:spring-boot-starter:3.2.2,org.springframework.boot:spring-boot-starter:3.0.7,0.0
org.apache.tomcat.embed:tomcat-embed-el:10.1.4,org.apache.tomcat.embed:tomcat-embed-el:9.0.68,98.0
org.springframework.boot:spring-boot-starter:3.2.2,org.springframework.boot:spring-boot-starter:3.2.5,0.0
org.apache.tomcat.embed:tomcat-embed-el:10.1.4,org.apache.tomcat.embed:tomcat-embed-el:10.1.13,4.0
org.springframework.boot:spring-boot-starter:3.2.2,org.springframework.boot:spring-boot-starter:3.0.8,0.0
org.springframework.boot:spring-boot-starter:3.2.2,org.springframework.boot:spring-boot-starter:3.2.6,0.0
org.springframework.boot:spring-boot-starter:3.2.2,org.springframework.boot:spring-boot-starter:3.0.5,0.0
org.springframework.boot:spring-boot-starter:3.2.2,org.springframework.boot:spring-boot-starter:3.2.3,0.0
org.springframework.boot:spring-boot-actuator-autoconfigure:3.2.2,org.springframework.boot:spring-boot-actuator-autoconfigure:3.0.2,101.0
org.springframework.boot:spring-boot-actuator-autoconfigure:3.2.2,org.springframework.boot:spring-boot-actuator-autoconfigure:2.7.16,206.0
org.springframework.boot:spring-boot-actuator-autoconfigure:3.2.2,org.springframework.boot:spring-boot-actuator-autoconfigure:3.2.0,14.0
org.springframework.boot:spring-boot-actuator-autoconfigure:3.2.2,org.springframework.boot:spring-boot-actuator-autoconfigure:2.7.11,211.0
org.springframework.boot:spring-boot-actuator-autoconfigure:3.2.2,org.springframework.boot:spring-boot-actuator-autoconfigure:2.7.10,213.0
org.springframework.boot:spring-boot-actuator-autoconfigure:3.2.2,org.springframework.boot:spring-boot-actuator-autoconfigure:2.7.13,209.0
org.springframework.boot:spring-boot-actuator-autoconfigure:3.2.2,org.springframework.boot:spring-boot-actuator-autoconfigure:2.7.12,209.0
org.springframework.boot:spring-boot-actuator-autoconfigure:3.2.2,org.springframework.boot:spring-boot-actuator-autoconfigure:2.7.5,214.0
org.springframework.boot:spring-boot-actuator-autoconfigure:3.2.2,org.springframework.boot:spring-boot-actuator-autoconfigure:2.7.6,213.0
org.springframework.boot:spring-boot-actuator-autoconfigure:3.2.2,org.springframework.boot:spring-boot-actuator-autoconfigure:2.7.7,213.0
org.springframework.boot:spring-boot-actuator-autoconfigure:3.2.2,org.springframework.boot:spring-boot-actuator-autoconfigure:2.7.17,205.0
org.springframework.boot:spring-boot-actuator-autoconfigure:3.2.2,org.springframework.boot:spring-boot-actuator-autoconfigure:2.7.8,213.0
org.springframework.boot:spring-boot-actuator-autoconfigure:3.2.2,org.springframework.boot:spring-boot-actuator-autoconfigure:2.6.14,220.0
org.springframework.boot:spring-boot-actuator-autoconfigure:3.2.2,org.springframework.boot:spring-boot-actuator-autoconfigure:2.7.9,213.0
org.springframework.boot:spring-boot-actuator-autoconfigure:3.2.2,org.springframework.boot:spring-boot-actuator-autoconfigure:2.6.15,216.0
org.springframework.boot:spring-boot-actuator-autoconfigure:3.2.2,org.springframework.boot:spring-boot-actuator-autoconfigure:3.1.6,64.0
org.springframework.boot:spring-boot-actuator-autoconfigure:3.2.2,org.springframework.boot:spring-boot-actuator-autoconfigure:3.1.7,63.0
org.springframework.boot:spring-boot-actuator-autoconfigure:3.2.2,org.springframework.boot:spring-boot-actuator-autoconfigure:3.3.2,30.0
org.springframework.boot:spring-boot-actuator-autoconfigure:3.2.2,org.springframework.boot:spring-boot-actuator-autoconfigure:3.1.4,66.0
org.springframework.boot:spring-boot-actuator-autoconfigure:3.2.2,org.springframework.boot:spring-boot-actuator-autoconfigure:3.3.3,30.0
org.springframework.boot:spring-boot-actuator-autoconfigure:3.2.2,org.springframework.boot:spring-boot-actuator-autoconfigure:3.1.5,65.0
org.springframework.boot:spring-boot-starter:3.2.2,org.springframework.boot:spring-boot-starter:3.1.12,0.0
org.springframework.boot:spring-boot-starter:3.2.2,org.springframework.boot:spring-boot-starter:3.1.10,0.0
org.springframework.boot:spring-boot-starter:3.2.2,org.springframework.boot:spring-boot-starter:2.7.10,0.0
org.springframework.boot:spring-boot-starter:3.2.2,org.springframework.boot:spring-boot-starter:2.7.11,0.0
org.springframework.boot:spring-boot-starter:3.2.2,org.springframework.boot:spring-boot-starter:2.7.12,0.0
org.springframework.boot:spring-boot-starter:3.2.2,org.springframework.boot:spring-boot-starter:2.7.13,0.0
org.springframework.boot:spring-boot-starter:3.2.2,org.springframework.boot:spring-boot-starter:2.7.14,0.0
org.springframework.boot:spring-boot-starter:3.2.2,org.springframework.boot:spring-boot-starter:2.7.15,0.0
org.springframework.boot:spring-boot-starter:3.2.2,org.springframework.boot:spring-boot-starter:2.7.5,0.0
org.springframework.boot:spring-boot-starter:3.2.2,org.springframework.boot:spring-boot-starter:2.7.6,0.0
org.springframework.boot:spring-boot-starter:3.2.2,org.springframework.boot:spring-boot-starter:3.1.11,0.0
org.springframework.boot:spring-boot-actuator-autoconfigure:3.2.2,org.springframework.boot:spring-boot-actuator-autoconfigure:3.0.0,104.0
org.springframework.boot:spring-boot-actuator-autoconfigure:3.2.2,org.springframework.boot:spring-boot-actuator-autoconfigure:2.7.18,205.0
org.springframework.boot:spring-boot-actuator-autoconfigure:3.2.2,org.springframework.boot:spring-boot-actuator-autoconfigure:3.0.3,99.0
org.springframework.boot:spring-boot-actuator-autoconfigure:3.2.2,org.springframework.boot:spring-boot-actuator-autoconfigure:2.7.15,206.0
org.springframework.boot:spring-boot-actuator-autoconfigure:3.2.2,org.springframework.boot:spring-boot-actuator-autoconfigure:3.2.1,2.0
org.springframework.boot:spring-boot-actuator-autoconfigure:3.2.2,org.springframework.boot:spring-boot-actuator-autoconfigure:3.0.4,99.0
org.springframework.boot:spring-boot-actuator-autoconfigure:3.2.2,org.springframework.boot:spring-boot-actuator-autoconfigure:2.7.14,209.0
org.springframework.boot:spring-boot-actuator-autoconfigure:3.2.2,org.springframework.boot:spring-boot-actuator-autoconfigure:3.0.1,103.0
org.springframework.boot:spring-boot-starter:3.2.2,org.springframework.boot:spring-boot-starter:2.7.16,0.0
org.springframework.boot:spring-boot-starter:3.2.2,org.springframework.boot:spring-boot-starter:2.7.17,0.0
io.micrometer:micrometer-observation:1.12.2,io.micrometer:micrometer-observation:1.13.3,0.0
io.micrometer:micrometer-observation:1.12.2,io.micrometer:micrometer-observation:1.10.6,14.0
io.micrometer:micrometer-observation:1.12.2,io.micrometer:micrometer-observation:1.11.8,3.0
io.micrometer:micrometer-observation:1.12.2,io.micrometer:micrometer-observation:1.12.7,0.0
io.micrometer:micrometer-observation:1.12.2,io.micrometer:micrometer-observation:1.11.7,3.0
io.micrometer:micrometer-observation:1.12.2,io.micrometer:micrometer-observation:1.12.6,0.0
io.micrometer:micrometer-observation:1.12.2,io.micrometer:micrometer-observation:1.10.8,12.0
org.slf4j:slf4j-api:2.0.6,org.slf4j:slf4j-api:1.7.29,30.0
org.slf4j:slf4j-api:2.0.6,org.slf4j:slf4j-api:1.7.22,30.0
org.slf4j:slf4j-api:2.0.6,org.slf4j:slf4j-api:2.0.15,2.0
org.slf4j:slf4j-api:2.0.6,org.slf4j:slf4j-api:2.0.16,2.0
org.slf4j:slf4j-api:2.0.6,org.slf4j:slf4j-api:1.7.21,30.0
org.slf4j:slf4j-api:2.0.6,org.slf4j:slf4j-api:2.0.11,3.0
org.slf4j:slf4j-api:2.0.6,org.slf4j:slf4j-api:2.0.12,2.0
org.slf4j:slf4j-api:2.0.6,org.slf4j:slf4j-api:2.0.13,2.0
org.slf4j:slf4j-api:2.0.6,org.slf4j:slf4j-api:1.7.35,30.0
org.slf4j:slf4j-api:2.0.6,org.slf4j:slf4j-api:1.7.13,34.0
org.slf4j:slf4j-api:2.0.6,org.slf4j:slf4j-api:1.7.36,30.0
org.apache.tomcat.embed:tomcat-embed-core:10.1.4,org.apache.tomcat.embed:tomcat-embed-core:8.5.69,583.0
org.apache.tomcat.embed:tomcat-embed-core:10.1.4,org.apache.tomcat.embed:tomcat-embed-core:10.1.10,99.0
org.apache.tomcat.embed:tomcat-embed-core:10.1.4,org.apache.tomcat.embed:tomcat-embed-core:8.5.65,591.0
org.apache.tomcat.embed:tomcat-embed-core:10.1.4,org.apache.tomcat.embed:tomcat-embed-core:8.5.87,576.0
org.apache.tomcat.embed:tomcat-embed-core:10.1.4,org.apache.tomcat.embed:tomcat-embed-core:8.5.46,682.0
org.apache.tomcat.embed:tomcat-embed-core:10.1.4,org.apache.tomcat.embed:tomcat-embed-core:9.0.82,456.0
io.micrometer:micrometer-observation:1.12.2,io.micrometer:micrometer-observation:1.10.3,18.0
io.micrometer:micrometer-observation:1.12.2,io.micrometer:micrometer-observation:1.12.1,0.0
io.micrometer:micrometer-observation:1.12.2,io.micrometer:micrometer-observation:1.11.1,9.0
io.micrometer:micrometer-observation:1.12.2,io.micrometer:micrometer-observation:1.10.2,18.0
io.micrometer:micrometer-observation:1.12.2,io.micrometer:micrometer-observation:1.12.3,0.0
io.micrometer:micrometer-observation:1.12.2,io.micrometer:micrometer-observation:1.11.4,4.0
io.micrometer:micrometer-observation:1.12.2,io.micrometer:micrometer-observation:1.13.2,0.0
io.micrometer:micrometer-observation:1.12.2,io.micrometer:micrometer-observation:1.10.5,15.0
io.micrometer:micrometer-observation:1.12.2,io.micrometer:micrometer-observation:1.11.3,4.0
io.micrometer:micrometer-observation:1.12.2,io.micrometer:micrometer-observation:1.13.1,0.0
io.micrometer:micrometer-observation:1.12.2,io.micrometer:micrometer-observation:1.10.4,15.0
io.micrometer:micrometer-observation:1.12.2,io.micrometer:micrometer-observation:1.11.10,3.0
io.micrometer:micrometer-observation:1.12.2,io.micrometer:micrometer-observation:1.11.6,3.0
io.micrometer:micrometer-observation:1.12.2,io.micrometer:micrometer-observation:1.12.5,0.0
io.micrometer:micrometer-observation:1.12.2,io.micrometer:micrometer-observation:1.10.7,14.0
io.micrometer:micrometer-observation:1.12.2,io.micrometer:micrometer-observation:1.11.11,3.0
io.micrometer:micrometer-observation:1.12.2,io.micrometer:micrometer-observation:1.11.5,3.0
io.micrometer:micrometer-observation:1.12.2,io.micrometer:micrometer-observation:1.12.4,0.0
org.springframework.boot:spring-boot-starter:2.7.5,org.springframework.boot:spring-boot-starter:2.7.16,0.0
org.springframework.boot:spring-boot-starter:2.7.5,org.springframework.boot:spring-boot-starter:2.7.17,0.0
org.apache.tomcat.embed:tomcat-embed-core:10.1.4,org.apache.tomcat.embed:tomcat-embed-core:9.0.71,396.0
org.hibernate.validator:hibernate-validator:6.2.5.Final,org.hibernate.validator:hibernate-validator:8.0.0.Final,258.0
org.apache.tomcat.embed:tomcat-embed-core:10.1.4,org.apache.tomcat.embed:tomcat-embed-core:10.1.28,163.0
org.hibernate.validator:hibernate-validator:6.2.5.Final,org.hibernate.validator:hibernate-validator:8.0.1.Final,261.0
org.apache.tomcat.embed:tomcat-embed-core:10.1.4,org.apache.tomcat.embed:tomcat-embed-core:9.0.70,395.0
org.apache.tomcat.embed:tomcat-embed-core:10.1.4,org.apache.tomcat.embed:tomcat-embed-core:10.1.26,154.0
org.apache.tomcat.embed:tomcat-embed-el:9.0.68,org.apache.tomcat.embed:tomcat-embed-el:9.0.73,4.0
org.apache.tomcat.embed:tomcat-embed-core:10.1.4,org.apache.tomcat.embed:tomcat-embed-core:10.1.25,152.0
org.apache.tomcat.embed:tomcat-embed-el:9.0.68,org.apache.tomcat.embed:tomcat-embed-el:9.0.74,4.0
org.apache.tomcat.embed:tomcat-embed-core:10.1.4,org.apache.tomcat.embed:tomcat-embed-core:10.1.24,146.0
org.apache.tomcat.embed:tomcat-embed-el:9.0.68,org.apache.tomcat.embed:tomcat-embed-el:9.0.75,4.0
org.apache.tomcat.embed:tomcat-embed-core:10.1.4,org.apache.tomcat.embed:tomcat-embed-core:9.0.68,409.0
org.apache.tomcat.embed:tomcat-embed-core:10.1.4,org.apache.tomcat.embed:tomcat-embed-core:10.1.7,71.0
org.apache.tomcat.embed:tomcat-embed-el:9.0.68,org.apache.tomcat.embed:tomcat-embed-el:9.0.76,4.0
org.apache.tomcat.embed:tomcat-embed-core:10.1.4,org.apache.tomcat.embed:tomcat-embed-core:10.1.8,86.0
org.apache.tomcat.embed:tomcat-embed-core:10.1.4,org.apache.tomcat.embed:tomcat-embed-core:8.5.100,583.0
org.springframework.boot:spring-boot-starter:2.7.5,org.springframework.boot:spring-boot-starter:2.7.6,0.0
org.apache.tomcat.embed:tomcat-embed-core:10.1.4,org.apache.tomcat.embed:tomcat-embed-core:10.1.5,2.0
org.springframework.boot:spring-boot-starter:2.7.5,org.springframework.boot:spring-boot-starter:3.1.11,0.0
org.apache.tomcat.embed:tomcat-embed-core:10.1.4,org.apache.tomcat.embed:tomcat-embed-core:9.0.83,459.0
org.springframework.boot:spring-boot-starter:2.7.5,org.springframework.boot:spring-boot-starter:3.1.12,0.0
org.apache.tomcat.embed:tomcat-embed-core:10.1.4,org.apache.tomcat.embed:tomcat-embed-core:10.1.19,122.0
org.springframework.boot:spring-boot-starter:2.7.5,org.springframework.boot:spring-boot-starter:3.1.10,0.0
org.springframework.boot:spring-boot-starter:2.7.5,org.springframework.boot:spring-boot-starter:2.7.10,0.0
org.apache.tomcat.embed:tomcat-embed-core:10.1.4,org.apache.tomcat.embed:tomcat-embed-core:9.0.69,404.0
org.springframework.boot:spring-boot-starter:2.7.5,org.springframework.boot:spring-boot-starter:2.7.11,0.0
org.apache.tomcat.embed:tomcat-embed-core:10.1.4,org.apache.tomcat.embed:tomcat-embed-core:8.5.82,547.0
org.springframework.boot:spring-boot-starter:2.7.5,org.springframework.boot:spring-boot-starter:2.7.12,0.0
org.apache.tomcat.embed:tomcat-embed-el:10.1.4,org.apache.tomcat.embed:tomcat-embed-el:9.0.73,97.0
org.springframework.boot:spring-boot-starter:2.7.5,org.springframework.boot:spring-boot-starter:2.7.13,0.0
org.apache.tomcat.embed:tomcat-embed-el:10.1.4,org.apache.tomcat.embed:tomcat-embed-el:9.0.74,97.0
org.springframework.boot:spring-boot-starter:2.7.5,org.springframework.boot:spring-boot-starter:2.7.14,0.0
org.apache.tomcat.embed:tomcat-embed-el:10.1.4,org.apache.tomcat.embed:tomcat-embed-el:9.0.75,97.0
org.springframework.boot:spring-boot-starter:2.7.5,org.springframework.boot:spring-boot-starter:2.7.15,0.0
org.apache.tomcat.embed:tomcat-embed-el:9.0.68,org.apache.tomcat.embed:tomcat-embed-el:10.1.5,100.0
org.apache.tomcat.embed:tomcat-embed-el:9.0.68,org.apache.tomcat.embed:tomcat-embed-el:9.0.83,5.0
org.apache.tomcat.embed:tomcat-embed-el:9.0.68,org.apache.tomcat.embed:tomcat-embed-el:10.1.19,100.0
org.apache.tomcat.embed:tomcat-embed-core:10.1.4,org.apache.tomcat.embed:tomcat-embed-core:9.0.80,454.0
org.apache.tomcat.embed:tomcat-embed-el:9.0.68,org.apache.tomcat.embed:tomcat-embed-el:10.1.13,100.0
org.apache.tomcat.embed:tomcat-embed-el:9.0.68,org.apache.tomcat.embed:tomcat-embed-el:10.1.12,100.0
org.apache.tomcat.embed:tomcat-embed-core:10.1.4,org.apache.tomcat.embed:tomcat-embed-core:10.1.12,103.0
org.apache.tomcat.embed:tomcat-embed-el:9.0.68,org.apache.tomcat.embed:tomcat-embed-el:10.1.11,100.0
org.apache.tomcat.embed:tomcat-embed-core:10.1.4,org.apache.tomcat.embed:tomcat-embed-core:9.0.79,454.0
org.apache.tomcat.embed:tomcat-embed-core:10.1.4,org.apache.tomcat.embed:tomcat-embed-core:9.0.78,454.0
org.apache.tomcat.embed:tomcat-embed-core:10.1.4,org.apache.tomcat.embed:tomcat-embed-core:9.0.76,452.0
org.apache.tomcat.embed:tomcat-embed-core:10.1.4,org.apache.tomcat.embed:tomcat-embed-core:9.0.75,446.0
org.apache.tomcat.embed:tomcat-embed-core:10.1.4,org.apache.tomcat.embed:tomcat-embed-core:9.0.74,446.0
org.apache.tomcat.embed:tomcat-embed-el:9.0.68,org.apache.tomcat.embed:tomcat-embed-el:9.0.78,4.0
org.apache.tomcat.embed:tomcat-embed-el:9.0.68,org.apache.tomcat.embed:tomcat-embed-el:9.0.79,4.0
org.apache.tomcat.embed:tomcat-embed-el:9.0.68,org.apache.tomcat.embed:tomcat-embed-el:10.1.25,100.0
org.apache.tomcat.embed:tomcat-embed-el:9.0.68,org.apache.tomcat.embed:tomcat-embed-el:10.1.24,100.0
org.apache.tomcat.embed:tomcat-embed-core:10.1.4,org.apache.tomcat.embed:tomcat-embed-core:9.0.73,441.0
org.apache.tomcat.embed:tomcat-embed-el:9.0.68,org.apache.tomcat.embed:tomcat-embed-el:10.1.28,100.0
org.apache.tomcat.embed:tomcat-embed-core:10.1.4,org.apache.tomcat.embed:tomcat-embed-core:8.5.95,576.0
org.apache.tomcat.embed:tomcat-embed-el:9.0.68,org.apache.tomcat.embed:tomcat-embed-el:9.0.70,1.0
org.apache.tomcat.embed:tomcat-embed-core:10.1.4,org.apache.tomcat.embed:tomcat-embed-core:8.5.72,574.0
org.apache.tomcat.embed:tomcat-embed-el:9.0.68,org.apache.tomcat.embed:tomcat-embed-el:9.0.71,1.0
org.apache.tomcat.embed:tomcat-embed-core:10.1.4,org.apache.tomcat.embed:tomcat-embed-core:8.5.97,580.0
org.apache.tomcat.embed:tomcat-embed-el:9.0.68,org.apache.tomcat.embed:tomcat-embed-el:10.1.26,101.0
org.apache.tomcat.embed:tomcat-embed-core:10.1.4,org.apache.tomcat.embed:tomcat-embed-core:8.5.96,579.0
org.apache.tomcat.embed:tomcat-embed-el:9.0.68,org.apache.tomcat.embed:tomcat-embed-el:10.1.10,100.0
org.apache.tomcat.embed:tomcat-embed-core:10.1.4,org.apache.tomcat.embed:tomcat-embed-core:8.5.93,578.0
org.apache.tomcat.embed:tomcat-embed-el:9.0.68,org.apache.tomcat.embed:tomcat-embed-el:9.0.69,1.0
org.apache.tomcat.embed:tomcat-embed-core:10.1.4,org.apache.tomcat.embed:tomcat-embed-core:10.1.20,132.0
org.apache.tomcat.embed:tomcat-embed-core:10.1.4,org.apache.tomcat.embed:tomcat-embed-core:8.5.99,580.0
org.apache.tomcat.embed:tomcat-embed-core:10.1.4,org.apache.tomcat.embed:tomcat-embed-core:8.5.98,580.0
org.apache.tomcat.embed:tomcat-embed-core:10.1.4,org.apache.tomcat.embed:tomcat-embed-core:8.5.78,552.0
io.dropwizard.metrics:metrics-core:4.2.20,io.dropwizard.metrics:metrics-core:4.2.25,0.0
org.hibernate:hibernate-entitymanager:5.6.15.Final,org.hibernate:hibernate-entitymanager:5.6.8.Final,0.0
org.springframework.boot:spring-boot-starter:2.7.5,org.springframework.boot:spring-boot-starter:3.0.5,0.0
org.springframework.boot:spring-boot-starter:2.7.5,org.springframework.boot:spring-boot-starter:3.2.3,0.0
org.springframework.boot:spring-boot-starter:2.7.5,org.springframework.boot:spring-boot-starter:3.0.6,0.0
org.springframework.boot:spring-boot-starter:2.7.5,org.springframework.boot:spring-boot-starter:3.2.4,0.0
org.springframework.boot:spring-boot-starter:2.7.5,org.springframework.boot:spring-boot-starter:3.0.0,0.0
org.springframework.boot:spring-boot-starter:2.7.5,org.springframework.boot:spring-boot-starter:2.6.14,0.0
org.springframework.boot:spring-boot-starter:2.7.5,org.springframework.boot:spring-boot-starter:2.6.15,0.0
org.springframework.boot:spring-boot-starter:2.7.5,org.springframework.boot:spring-boot-starter:2.5.15,0.0
org.springframework.boot:spring-boot-starter:2.7.5,org.springframework.boot:spring-boot-starter:3.0.12,0.0
org.hibernate:hibernate-entitymanager:5.6.15.Final,org.hibernate:hibernate-entitymanager:5.4.6.Final,0.0
org.springframework.boot:spring-boot-starter:2.7.5,org.springframework.boot:spring-boot-starter:3.0.13,0.0
org.hibernate:hibernate-entitymanager:5.6.15.Final,org.hibernate:hibernate-entitymanager:5.6.12.Final,0.0
org.hibernate:hibernate-entitymanager:5.6.15.Final,org.hibernate:hibernate-entitymanager:5.4.22.Final,0.0
org.hibernate:hibernate-entitymanager:5.6.15.Final,org.hibernate:hibernate-entitymanager:5.5.0.Alpha1,0.0
org.hibernate:hibernate-entitymanager:5.6.15.Final,org.hibernate:hibernate-entitymanager:5.6.1.Final,0.0
com.github.ben-manes.caffeine:caffeine:2.9.3,com.github.ben-manes.caffeine:caffeine:2.9.1,87.0
com.github.ben-manes.caffeine:caffeine:2.9.3,com.github.ben-manes.caffeine:caffeine:2.9.2,87.0
com.github.ben-manes.caffeine:caffeine:2.9.3,com.github.ben-manes.caffeine:caffeine:2.8.6,92.0
org.springframework.boot:spring-boot-starter:2.7.5,org.springframework.boot:spring-boot-starter:3.2.1,0.0
org.springframework.boot:spring-boot-starter:2.7.5,org.springframework.boot:spring-boot-starter:3.0.4,0.0
org.springframework.boot:spring-boot-starter:2.7.5,org.springframework.boot:spring-boot-starter:3.2.2,0.0
org.springframework.boot:spring-boot-starter:2.7.5,org.springframework.boot:spring-boot-starter:3.0.1,0.0
org.springframework.boot:spring-boot-starter:2.7.5,org.springframework.boot:spring-boot-starter:3.0.2,0.0
org.springframework.boot:spring-boot-starter:2.7.5,org.springframework.boot:spring-boot-starter:3.2.0,0.0
org.springframework.boot:spring-boot-starter:2.7.5,org.springframework.boot:spring-boot-starter:3.0.7,0.0
com.github.ben-manes.caffeine:caffeine:2.9.3,com.github.ben-manes.caffeine:caffeine:2.8.0,112.0
org.springframework.boot:spring-boot-starter:2.7.5,org.springframework.boot:spring-boot-starter:3.2.5,0.0
org.springframework.boot:spring-boot-starter:2.7.5,org.springframework.boot:spring-boot-starter:3.0.8,0.0
org.springframework.boot:spring-boot-starter:2.7.5,org.springframework.boot:spring-boot-starter:3.2.6,0.0
org.aspectj:aspectjweaver:1.8.14,org.aspectj:aspectjweaver:1.6.8,308.0
org.apache.kafka:kafka-clients:2.8.2,org.apache.kafka:kafka-clients:1.1.1,1508.0
org.apache.kafka:kafka-clients:2.8.2,org.apache.kafka:kafka-clients:2.8.0,20.0
org.apache.kafka:kafka-clients:2.8.2,org.apache.kafka:kafka-clients:2.6.0,1012.0
org.springframework.boot:spring-boot-starter:2.7.5,org.springframework.boot:spring-boot-starter:3.1.6,0.0
org.springframework.boot:spring-boot-starter:2.7.5,org.springframework.boot:spring-boot-starter:3.1.7,0.0
org.springframework.boot:spring-boot-starter:2.7.5,org.springframework.boot:spring-boot-starter:3.3.2,0.0
org.springframework.boot:spring-boot-starter:2.7.5,org.springframework.boot:spring-boot-starter:3.1.4,0.0
org.springframework.boot:spring-boot-starter:2.7.5,org.springframework.boot:spring-boot-starter:3.3.3,0.0
org.springframework.boot:spring-boot-starter:2.7.5,org.springframework.boot:spring-boot-starter:3.1.5,0.0
org.springframework.boot:spring-boot-starter:2.7.5,org.springframework.boot:spring-boot-starter:2.7.7,0.0
org.springframework.boot:spring-boot-starter:2.7.5,org.springframework.boot:spring-boot-starter:2.7.8,0.0
org.springframework.boot:spring-boot-starter:2.7.5,org.springframework.boot:spring-boot-starter:2.7.9,0.0
org.apache.kafka:kafka-clients:2.8.2,org.apache.kafka:kafka-clients:3.7.0,667.0
net.sf.ehcache:ehcache:2.10.9.2,net.sf.ehcache:ehcache:2.10.6,6.0
io.dropwizard.metrics:metrics-core:4.2.20,io.dropwizard.metrics:metrics-core:3.1.2,35.0
io.dropwizard.metrics:metrics-core:4.2.20,io.dropwizard.metrics:metrics-core:4.0.7,22.0
io.dropwizard.metrics:metrics-core:4.2.20,io.dropwizard.metrics:metrics-core:4.2.9,2.0
io.dropwizard.metrics:metrics-core:4.2.20,io.dropwizard.metrics:metrics-core:4.2.17,0.0
io.dropwizard.metrics:metrics-core:4.2.20,io.dropwizard.metrics:metrics-core:4.2.16,0.0
org.springframework.boot:spring-boot-starter:2.7.5,org.springframework.boot:spring-boot-starter:3.1.8,0.0
org.springframework.boot:spring-boot-starter:2.7.5,org.springframework.boot:spring-boot-starter:3.1.9,0.0
org.springframework.boot:spring-boot-starter:2.7.5,org.springframework.boot:spring-boot-starter:3.0.10,0.0
org.springframework.boot:spring-boot-starter:2.7.5,org.springframework.boot:spring-boot-starter:3.0.11,0.0
org.springframework.boot:spring-boot-starter:2.7.5,org.springframework.boot:spring-boot-starter:3.3.0,0.0
org.springframework.boot:spring-boot-starter:2.7.5,org.springframework.boot:spring-boot-starter:3.1.2,0.0
org.springframework.boot:spring-boot-starter:2.7.5,org.springframework.boot:spring-boot-starter:3.3.1,0.0
org.springframework.boot:spring-boot-starter:2.7.5,org.springframework.boot:spring-boot-starter:3.1.3,0.0
org.springframework.boot:spring-boot-starter:2.7.5,org.springframework.boot:spring-boot-starter:3.1.0,0.0
org.springframework.boot:spring-boot-starter:2.7.5,org.springframework.boot:spring-boot-starter:3.1.1,0.0
io.dropwizard.metrics:metrics-core:4.2.20,io.dropwizard.metrics:metrics-core:4.2.18,0.0
io.dropwizard.metrics:metrics-core:4.2.20,io.dropwizard.metrics:metrics-core:4.0.6,22.0
io.dropwizard.metrics:metrics-core:4.2.20,io.dropwizard.metrics:metrics-core:4.2.22,0.0
io.dropwizard.metrics:metrics-core:4.2.20,io.dropwizard.metrics:metrics-core:4.2.12,1.0
io.dropwizard.metrics:metrics-core:4.2.20,io.dropwizard.metrics:metrics-core:4.2.23,0.0
io.dropwizard.metrics:metrics-core:4.2.20,io.dropwizard.metrics:metrics-core:4.2.26,0.0
io.dropwizard.metrics:metrics-core:4.2.20,io.dropwizard.metrics:metrics-core:4.2.15,1.0
org.springframework:spring-webflux:5.3.23,org.springframework:spring-webflux:5.3.25,0.0
org.springframework:spring-webflux:5.3.23,org.springframework:spring-webflux:5.3.26,2.0
org.springframework:spring-webflux:5.3.23,org.springframework:spring-webflux:5.3.27,2.0
org.springframework:spring-webflux:5.3.23,org.springframework:spring-webflux:5.3.28,2.0
org.springframework.boot:spring-boot-starter:2.7.5,org.springframework.boot:spring-boot-starter:3.2.9,0.0
org.springframework.boot:spring-boot-starter:2.7.5,org.springframework.boot:spring-boot-starter:3.2.7,0.0
org.springframework.boot:spring-boot-starter:2.7.5,org.springframework.boot:spring-boot-starter:3.0.9,0.0
org.jooq:jooq:3.14.16,org.jooq:jooq:3.14.9,9.0
org.springframework.boot:spring-boot-starter:2.7.5,org.springframework.boot:spring-boot-starter:3.2.8,0.0
org.jooq:jooq:3.14.16,org.jooq:jooq:3.13.6,573.0
org.springframework.boot:spring-boot-starter:2.7.5,org.springframework.boot:spring-boot-starter:2.7.18,0.0
org.springframework.boot:spring-boot-starter:2.7.5,org.springframework.boot:spring-boot-starter:3.0.3,0.0
com.google.guava:guava:31.1-jre,com.google.guava:guava:20.0,561.0
com.google.guava:guava:31.1-jre,com.google.guava:guava:23.5-jre,378.0
com.google.guava:guava:31.1-jre,com.google.guava:guava:30.0-jre,125.0
org.springframework:spring-webflux:5.3.23,org.springframework:spring-webflux:6.0.8,68.0
org.springframework:spring-webflux:5.3.23,org.springframework:spring-webflux:6.1.7,92.0
org.springframework:spring-webflux:5.3.23,org.springframework:spring-webflux:6.0.7,68.0
org.springframework:spring-webflux:5.3.23,org.springframework:spring-webflux:6.0.6,68.0
org.springframework:spring-webflux:5.3.23,org.springframework:spring-webflux:6.1.5,92.0
org.springframework:spring-webflux:5.3.23,org.springframework:spring-webflux:6.0.5,68.0
org.springframework:spring-webflux:5.3.23,org.springframework:spring-webflux:6.1.4,92.0
org.springframework:spring-webflux:5.3.23,org.springframework:spring-webflux:5.3.29,2.0
org.springframework:spring-webflux:5.3.23,org.springframework:spring-webflux:6.1.9,92.0
org.springframework:spring-webflux:5.3.23,org.springframework:spring-webflux:6.0.9,68.0
io.grpc:grpc-api:1.45.1,io.grpc:grpc-api:1.42.0,5.0
com.github.ben-manes.caffeine:caffeine:2.9.3,com.github.ben-manes.caffeine:caffeine:2.9.1,87.0
com.github.ben-manes.caffeine:caffeine:2.9.3,com.github.ben-manes.caffeine:caffeine:2.9.2,87.0
com.github.ben-manes.caffeine:caffeine:2.9.3,com.github.ben-manes.caffeine:caffeine:2.8.6,92.0
com.github.ben-manes.caffeine:caffeine:2.9.3,com.github.ben-manes.caffeine:caffeine:2.8.0,112.0
org.springframework.boot:spring-boot-actuator-autoconfigure:3.2.2,org.springframework.boot:spring-boot-actuator-autoconfigure:3.0.5,99.0
org.springframework.boot:spring-boot-actuator-autoconfigure:3.2.2,org.springframework.boot:spring-boot-actuator-autoconfigure:3.2.3,1.0
org.springframework.boot:spring-boot-actuator-autoconfigure:3.2.2,org.springframework.boot:spring-boot-actuator-autoconfigure:3.0.6,94.0
org.springframework.boot:spring-boot-actuator-autoconfigure:3.2.2,org.springframework.boot:spring-boot-actuator-autoconfigure:3.0.12,79.0
org.springframework.boot:spring-boot-actuator-autoconfigure:3.2.2,org.springframework.boot:spring-boot-actuator-autoconfigure:3.0.13,79.0
org.springframework.boot:spring-boot-actuator-autoconfigure:3.2.2,org.springframework.boot:spring-boot-actuator-autoconfigure:3.0.10,82.0
org.springframework.boot:spring-boot-actuator-autoconfigure:3.2.2,org.springframework.boot:spring-boot-actuator-autoconfigure:3.0.11,80.0
org.springframework.boot:spring-boot-actuator-autoconfigure:3.2.2,org.springframework.boot:spring-boot-actuator-autoconfigure:3.0.7,92.0
org.springframework.boot:spring-boot-actuator-autoconfigure:3.2.2,org.springframework.boot:spring-boot-actuator-autoconfigure:3.2.5,1.0
org.springframework.boot:spring-boot-actuator-autoconfigure:3.2.2,org.springframework.boot:spring-boot-actuator-autoconfigure:3.0.8,90.0
org.springframework.boot:spring-boot-actuator-autoconfigure:3.2.2,org.springframework.boot:spring-boot-actuator-autoconfigure:3.2.6,1.0
org.apache.kafka:kafka-streams:2.8.1,org.apache.kafka:kafka-streams:2.6.0,248.0
org.apache.kafka:kafka-streams:2.8.1,org.apache.kafka:kafka-streams:2.8.0,10.0
com.squareup.okhttp3:okhttp:5.0.0-alpha.6,com.squareup.okhttp3:okhttp:4.10.0-RC1,0.0
com.squareup.okhttp3:okhttp:5.0.0-alpha.6,com.squareup.okhttp3:okhttp:5.0.0-alpha.2,0.0
com.squareup.okhttp3:okhttp:5.0.0-alpha.6,com.squareup.okhttp3:okhttp:4.11.0,0.0
com.squareup.okhttp3:okhttp:5.0.0-alpha.6,com.squareup.okhttp3:okhttp:3.14.4,0.0
io.micrometer:micrometer-jakarta9:1.12.2,io.micrometer:micrometer-jakarta9:1.12.6,0.0
io.micrometer:micrometer-jakarta9:1.12.2,io.micrometer:micrometer-jakarta9:1.12.5,0.0
io.micrometer:micrometer-jakarta9:1.12.2,io.micrometer:micrometer-jakarta9:1.12.4,0.0
io.micrometer:micrometer-jakarta9:1.12.2,io.micrometer:micrometer-jakarta9:1.13.3,0.0
org.springframework.boot:spring-boot-actuator-autoconfigure:3.2.2,org.springframework.boot:spring-boot-actuator-autoconfigure:3.2.4,1.0
org.springframework.boot:spring-boot-actuator-autoconfigure:3.2.2,org.springframework.boot:spring-boot-actuator-autoconfigure:3.2.9,1.0
org.springframework.boot:spring-boot-actuator-autoconfigure:3.2.2,org.springframework.boot:spring-boot-actuator-autoconfigure:3.0.9,90.0
org.springframework.boot:spring-boot-actuator-autoconfigure:3.2.2,org.springframework.boot:spring-boot-actuator-autoconfigure:3.2.7,1.0
org.springframework.boot:spring-boot-actuator-autoconfigure:3.2.2,org.springframework.boot:spring-boot-actuator-autoconfigure:3.2.8,1.0
io.micrometer:micrometer-jakarta9:1.12.2,io.micrometer:micrometer-jakarta9:1.12.8,0.0
io.micrometer:micrometer-jakarta9:1.12.2,io.micrometer:micrometer-jakarta9:1.12.7,0.0
com.squareup.okhttp3:okhttp:5.0.0-alpha.6,com.squareup.okhttp3:okhttp:5.0.0-alpha.10,0.0
org.springframework.boot:spring-boot-actuator-autoconfigure:3.2.2,org.springframework.boot:spring-boot-actuator-autoconfigure:3.1.1,76.0
org.springframework.boot:spring-boot-actuator-autoconfigure:3.2.2,org.springframework.boot:spring-boot-actuator-autoconfigure:2.5.15,250.0
io.grpc:grpc-api:1.45.1,io.grpc:grpc-api:1.37.0,17.0
org.springframework.boot:spring-boot-starter:3.2.0,org.springframework.boot:spring-boot-starter:3.0.6,0.0
org.springframework.boot:spring-boot-starter:3.2.0,org.springframework.boot:spring-boot-starter:3.2.4,0.0
org.springframework.boot:spring-boot-starter:3.2.0,org.springframework.boot:spring-boot-starter:3.0.0,0.0
org.springframework.boot:spring-boot-starter:3.2.0,org.springframework.boot:spring-boot-starter:2.6.14,0.0
org.apache.tomcat.embed:tomcat-embed-websocket:10.1.5,org.apache.tomcat.embed:tomcat-embed-websocket:10.1.19,9.0
org.springframework.boot:spring-boot-starter:3.2.0,org.springframework.boot:spring-boot-starter:2.6.15,0.0
org.apache.tomcat.embed:tomcat-embed-websocket:10.1.5,org.apache.tomcat.embed:tomcat-embed-websocket:10.1.10,8.0
org.springframework.boot:spring-boot-starter:3.2.0,org.springframework.boot:spring-boot-starter:2.5.15,0.0
org.apache.tomcat.embed:tomcat-embed-websocket:10.1.5,org.apache.tomcat.embed:tomcat-embed-websocket:10.1.28,9.0
org.springframework.boot:spring-boot-starter:3.2.0,org.springframework.boot:spring-boot-starter:3.0.12,0.0
org.apache.tomcat.embed:tomcat-embed-websocket:10.1.5,org.apache.tomcat.embed:tomcat-embed-websocket:10.1.26,10.0
org.springframework.boot:spring-boot-starter:3.2.0,org.springframework.boot:spring-boot-starter:3.0.8,0.0
org.apache.tomcat.embed:tomcat-embed-websocket:10.1.5,org.apache.tomcat.embed:tomcat-embed-websocket:10.1.24,9.0
org.springframework.boot:spring-boot-starter:3.2.0,org.springframework.boot:spring-boot-starter:3.2.6,0.0
org.springframework.boot:spring-boot-starter:3.2.0,org.springframework.boot:spring-boot-starter:3.0.5,0.0
org.springframework.boot:spring-boot-starter:3.2.0,org.springframework.boot:spring-boot-starter:3.2.3,0.0
org.apache.tomcat.embed:tomcat-embed-websocket:10.1.5,org.apache.tomcat.embed:tomcat-embed-websocket:10.1.25,9.0
org.springframework.boot:spring-boot-starter:3.2.0,org.springframework.boot:spring-boot-starter:3.0.10,0.0
org.springframework.boot:spring-boot-starter:3.2.0,org.springframework.boot:spring-boot-starter:3.0.11,0.0
org.springframework.boot:spring-boot-starter:3.2.0,org.springframework.boot:spring-boot-starter:3.3.0,0.0
org.springframework.boot:spring-boot-starter:3.2.0,org.springframework.boot:spring-boot-starter:3.1.2,0.0
org.springframework.boot:spring-boot-starter:3.2.0,org.springframework.boot:spring-boot-starter:3.3.1,0.0
org.springframework.boot:spring-boot-starter:3.2.0,org.springframework.boot:spring-boot-starter:3.1.3,0.0
org.springframework.boot:spring-boot-starter:3.2.0,org.springframework.boot:spring-boot-starter:3.1.0,0.0
org.springframework.boot:spring-boot-starter:3.2.0,org.springframework.boot:spring-boot-starter:3.1.1,0.0
org.springframework.boot:spring-boot-starter:3.2.0,org.springframework.boot:spring-boot-starter:3.0.13,0.0
org.apache.tomcat.embed:tomcat-embed-websocket:10.1.5,org.apache.tomcat.embed:tomcat-embed-websocket:10.1.20,9.0
org.springframework.boot:spring-boot-starter:3.2.0,org.springframework.boot:spring-boot-starter:3.1.8,0.0
org.springframework.boot:spring-boot-starter:3.2.0,org.springframework.boot:spring-boot-starter:3.1.9,0.0
org.apache.tomcat.embed:tomcat-embed-el:10.1.5,org.apache.tomcat.embed:tomcat-embed-el:10.1.11,4.0
org.apache.tomcat.embed:tomcat-embed-el:10.1.5,org.apache.tomcat.embed:tomcat-embed-el:10.1.18,5.0
io.micrometer:micrometer-jakarta9:1.12.2,io.micrometer:micrometer-jakarta9:1.12.9,0.0
org.apache.tomcat.embed:tomcat-embed-el:10.1.5,org.apache.tomcat.embed:tomcat-embed-el:9.0.80,97.0
org.springframework.boot:spring-boot-starter:3.2.0,org.springframework.boot:spring-boot-starter:3.2.9,0.0
org.apache.tomcat.embed:tomcat-embed-el:10.1.5,org.apache.tomcat.embed:tomcat-embed-el:10.1.17,5.0
org.springframework.boot:spring-boot-starter:3.2.0,org.springframework.boot:spring-boot-starter:3.2.7,0.0
org.apache.tomcat.embed:tomcat-embed-el:10.1.5,org.apache.tomcat.embed:tomcat-embed-el:10.1.16,5.0
org.springframework.boot:spring-boot-starter:3.2.0,org.springframework.boot:spring-boot-starter:3.0.9,0.0
org.apache.tomcat.embed:tomcat-embed-el:10.1.5,org.apache.tomcat.embed:tomcat-embed-el:9.0.82,97.0
io.micrometer:micrometer-jakarta9:1.12.2,io.micrometer:micrometer-jakarta9:1.12.3,0.0
org.apache.tomcat.embed:tomcat-embed-el:10.1.5,org.apache.tomcat.embed:tomcat-embed-el:10.1.15,4.0
io.micrometer:micrometer-jakarta9:1.12.2,io.micrometer:micrometer-jakarta9:1.13.2,0.0
org.apache.tomcat.embed:tomcat-embed-el:10.1.5,org.apache.tomcat.embed:tomcat-embed-el:10.1.20,5.0
io.micrometer:micrometer-jakarta9:1.12.2,io.micrometer:micrometer-jakarta9:1.13.1,0.0
org.apache.tomcat.embed:tomcat-embed-websocket:10.1.5,org.apache.tomcat.embed:tomcat-embed-websocket:10.1.17,8.0
org.apache.tomcat.embed:tomcat-embed-websocket:10.1.5,org.apache.tomcat.embed:tomcat-embed-websocket:10.1.18,8.0
io.micrometer:micrometer-jakarta9:1.12.2,io.micrometer:micrometer-jakarta9:1.13.0,0.0
io.micrometer:micrometer-jakarta9:1.12.2,io.micrometer:micrometer-jakarta9:1.12.1,0.0
org.apache.tomcat.embed:tomcat-embed-websocket:10.1.5,org.apache.tomcat.embed:tomcat-embed-websocket:10.1.15,8.0
org.springframework.boot:spring-boot-starter:3.2.0,org.springframework.boot:spring-boot-starter:3.2.2,0.0
org.apache.tomcat.embed:tomcat-embed-websocket:10.1.5,org.apache.tomcat.embed:tomcat-embed-websocket:10.1.16,8.0
org.springframework.boot:spring-boot-starter:3.2.0,org.springframework.boot:spring-boot-starter:3.0.1,0.0
org.apache.tomcat.embed:tomcat-embed-websocket:10.1.5,org.apache.tomcat.embed:tomcat-embed-websocket:10.1.13,8.0
org.springframework.boot:spring-boot-starter:3.2.0,org.springframework.boot:spring-boot-starter:3.0.2,0.0
org.springframework.boot:spring-boot-starter:3.2.0,org.springframework.boot:spring-boot-starter:3.0.7,0.0
org.apache.tomcat.embed:tomcat-embed-websocket:10.1.5,org.apache.tomcat.embed:tomcat-embed-websocket:10.1.11,8.0
org.springframework.boot:spring-boot-starter:3.2.0,org.springframework.boot:spring-boot-starter:3.2.5,0.0
org.apache.tomcat.embed:tomcat-embed-websocket:10.1.5,org.apache.tomcat.embed:tomcat-embed-websocket:10.1.12,8.0
org.springframework.boot:spring-boot-starter:3.2.0,org.springframework.boot:spring-boot-starter:3.2.8,0.0
org.springframework.boot:spring-boot-starter:3.2.0,org.springframework.boot:spring-boot-starter:2.7.18,0.0
org.springframework.boot:spring-boot-starter:3.2.0,org.springframework.boot:spring-boot-starter:3.0.3,0.0
org.springframework.boot:spring-boot-starter:3.2.0,org.springframework.boot:spring-boot-starter:3.2.1,0.0
org.springframework.boot:spring-boot-starter:3.2.0,org.springframework.boot:spring-boot-starter:3.0.4,0.0
org.springframework.boot:spring-boot-actuator-autoconfigure:3.2.0,org.springframework.boot:spring-boot-actuator-autoconfigure:3.0.0,98.0
org.springframework.boot:spring-boot-actuator-autoconfigure:3.2.0,org.springframework.boot:spring-boot-actuator-autoconfigure:2.7.18,201.0
org.springframework.boot:spring-boot-actuator-autoconfigure:3.2.0,org.springframework.boot:spring-boot-actuator-autoconfigure:3.0.3,93.0
org.springframework.boot:spring-boot-actuator-autoconfigure:3.2.0,org.springframework.boot:spring-boot-actuator-autoconfigure:2.7.15,202.0
org.springframework.boot:spring-boot-actuator-autoconfigure:3.2.0,org.springframework.boot:spring-boot-actuator-autoconfigure:3.2.1,9.0
org.springframework.boot:spring-boot-actuator-autoconfigure:3.2.0,org.springframework.boot:spring-boot-actuator-autoconfigure:3.0.4,93.0
org.springframework.boot:spring-boot-actuator-autoconfigure:3.2.0,org.springframework.boot:spring-boot-actuator-autoconfigure:2.7.14,205.0
org.springframework.boot:spring-boot-actuator-autoconfigure:3.2.0,org.springframework.boot:spring-boot-actuator-autoconfigure:3.2.2,11.0
org.springframework.boot:spring-boot-actuator-autoconfigure:3.2.0,org.springframework.boot:spring-boot-actuator-autoconfigure:3.0.1,97.0
org.springframework.boot:spring-boot-actuator-autoconfigure:3.2.0,org.springframework.boot:spring-boot-actuator-autoconfigure:2.7.17,201.0
org.slf4j:slf4j-api:2.0.6,org.slf4j:slf4j-api:1.7.30,30.0
org.springframework.boot:spring-boot-starter:3.2.0,org.springframework.boot:spring-boot-starter:3.3.2,0.0
org.slf4j:slf4j-api:2.0.6,org.slf4j:slf4j-api:1.7.33,30.0
org.springframework.boot:spring-boot-starter:3.2.0,org.springframework.boot:spring-boot-starter:3.1.4,0.0
org.slf4j:slf4j-api:2.0.6,org.slf4j:slf4j-api:1.7.12,35.0
org.springframework.boot:spring-boot-starter:3.2.0,org.springframework.boot:spring-boot-starter:3.3.3,0.0
org.springframework.boot:spring-boot-starter:3.2.0,org.springframework.boot:spring-boot-starter:3.1.5,0.0
org.slf4j:slf4j-api:2.0.6,org.slf4j:slf4j-api:1.7.10,35.0
org.springframework.boot:spring-boot-starter:3.2.0,org.springframework.boot:spring-boot-starter:2.7.7,0.0
org.slf4j:slf4j-api:2.0.6,org.slf4j:slf4j-api:2.0.7,0.0
org.springframework.boot:spring-boot-starter:3.2.0,org.springframework.boot:spring-boot-starter:2.7.8,0.0
org.springframework.boot:spring-boot-starter:3.2.0,org.springframework.boot:spring-boot-starter:2.7.9,0.0
org.slf4j:slf4j-api:2.0.6,org.slf4j:slf4j-api:2.0.9,2.0
org.slf4j:slf4j-api:2.0.6,org.slf4j:slf4j-api:2.0.3,1.0
org.springframework.boot:spring-boot-starter:3.2.0,org.springframework.boot:spring-boot-starter:2.7.6,0.0
org.springframework.boot:spring-boot-starter:3.2.0,org.springframework.boot:spring-boot-starter:3.1.6,0.0
org.springframework.boot:spring-boot-starter:3.2.0,org.springframework.boot:spring-boot-starter:3.1.7,0.0
org.slf4j:slf4j-api:2.0.6,org.slf4j:slf4j-api:2.0.4,0.0
org.springframework.boot:spring-boot-starter:3.2.0,org.springframework.boot:spring-boot-starter:3.1.12,0.0
org.slf4j:slf4j-api:2.0.6,org.slf4j:slf4j-api:1.7.26,30.0
org.springframework.boot:spring-boot-starter:3.2.0,org.springframework.boot:spring-boot-starter:3.1.10,0.0
org.slf4j:slf4j-api:2.0.6,org.slf4j:slf4j-api:1.6.4,38.0
org.springframework.boot:spring-boot-starter:3.2.0,org.springframework.boot:spring-boot-starter:2.7.10,0.0
org.slf4j:slf4j-api:2.0.6,org.slf4j:slf4j-api:1.5.3,42.0
org.springframework.boot:spring-boot-starter:3.2.0,org.springframework.boot:spring-boot-starter:2.7.11,0.0
org.springframework.boot:spring-boot-starter:3.2.0,org.springframework.boot:spring-boot-starter:2.7.12,0.0
org.slf4j:slf4j-api:2.0.6,org.slf4j:slf4j-api:1.6.1,38.0
org.springframework.boot:spring-boot-starter:3.2.0,org.springframework.boot:spring-boot-starter:2.7.13,0.0
org.slf4j:slf4j-api:2.0.6,org.slf4j:slf4j-api:1.7.7,36.0
org.springframework.boot:spring-boot-starter:3.2.0,org.springframework.boot:spring-boot-starter:2.7.14,0.0
org.slf4j:slf4j-api:2.0.6,org.slf4j:slf4j-api:1.7.6,36.0
org.springframework.boot:spring-boot-starter:3.2.0,org.springframework.boot:spring-boot-starter:2.7.15,0.0
org.slf4j:slf4j-api:2.0.6,org.slf4j:slf4j-api:1.7.28,30.0
org.springframework.boot:spring-boot-starter:3.2.0,org.springframework.boot:spring-boot-starter:2.7.16,0.0
org.slf4j:slf4j-api:2.0.6,org.slf4j:slf4j-api:1.7.5,37.0
org.springframework.boot:spring-boot-starter:3.2.0,org.springframework.boot:spring-boot-starter:2.7.17,0.0
org.springframework.boot:spring-boot-starter:3.2.0,org.springframework.boot:spring-boot-starter:3.1.11,0.0
org.springframework:spring-webflux:5.3.23,org.springframework:spring-webflux:5.3.17,2.0
org.springframework:spring-webflux:5.3.23,org.springframework:spring-webflux:5.3.30,2.0
org.springframework:spring-webflux:5.3.23,org.springframework:spring-webflux:5.3.31,2.0
org.springframework:spring-webflux:5.3.23,org.springframework:spring-webflux:6.0.0,67.0
org.springframework:spring-webflux:5.3.23,org.springframework:spring-webflux:6.0.4,67.0
org.springframework:spring-webflux:5.3.23,org.springframework:spring-webflux:6.0.11,69.0
org.springframework:spring-webflux:5.3.23,org.springframework:spring-webflux:6.1.3,92.0
org.springframework:spring-webflux:5.3.23,org.springframework:spring-webflux:6.0.10,69.0
org.springframework:spring-webflux:5.3.23,org.springframework:spring-webflux:6.1.2,90.0
org.springframework:spring-webflux:5.3.23,org.springframework:spring-webflux:6.1.0,90.0
org.springframework:spring-webflux:5.3.23,org.springframework:spring-webflux:6.0.15,69.0
org.springframework:spring-webflux:5.3.23,org.springframework:spring-webflux:6.0.14,69.0
org.springframework:spring-webflux:5.3.23,org.springframework:spring-webflux:6.1.11,92.0
org.springframework:spring-webflux:5.3.23,org.springframework:spring-webflux:6.0.13,69.0
org.springframework:spring-webflux:5.3.23,org.springframework:spring-webflux:6.0.12,69.0
org.springframework:spring-webflux:5.3.23,org.springframework:spring-webflux:5.3.9,5.0
org.springframework:spring-webflux:5.3.23,org.springframework:spring-webflux:6.1.12,92.0
org.springframework:spring-webflux:5.3.23,org.springframework:spring-webflux:6.0.20,71.0
org.springframework:spring-webflux:5.3.23,org.springframework:spring-webflux:5.3.19,2.0
org.springframework:spring-webflux:5.3.23,org.springframework:spring-webflux:5.3.15,2.0
org.springframework.boot:spring-boot-actuator-autoconfigure:3.2.2,org.springframework.boot:spring-boot-actuator-autoconfigure:3.1.8,63.0
org.springframework.boot:spring-boot-actuator-autoconfigure:3.2.2,org.springframework.boot:spring-boot-actuator-autoconfigure:3.1.9,64.0
org.springframework.boot:spring-boot-actuator-autoconfigure:3.2.2,org.springframework.boot:spring-boot-actuator-autoconfigure:3.1.12,64.0
org.springframework.boot:spring-boot-actuator-autoconfigure:3.2.2,org.springframework.boot:spring-boot-actuator-autoconfigure:3.1.11,64.0
org.springframework.boot:spring-boot-actuator-autoconfigure:3.2.2,org.springframework.boot:spring-boot-actuator-autoconfigure:3.1.10,64.0
org.springframework.boot:spring-boot-actuator-autoconfigure:3.2.2,org.springframework.boot:spring-boot-actuator-autoconfigure:3.3.0,30.0
org.springframework.boot:spring-boot-actuator-autoconfigure:3.2.2,org.springframework.boot:spring-boot-actuator-autoconfigure:3.1.2,76.0
org.springframework.boot:spring-boot-actuator-autoconfigure:3.2.2,org.springframework.boot:spring-boot-actuator-autoconfigure:3.3.1,30.0
org.springframework.boot:spring-boot-actuator-autoconfigure:3.2.2,org.springframework.boot:spring-boot-actuator-autoconfigure:3.1.3,68.0
org.springframework.boot:spring-boot-actuator-autoconfigure:3.2.2,org.springframework.boot:spring-boot-actuator-autoconfigure:3.1.0,78.0
org.springframework:spring-webmvc:5.3.23,org.springframework:spring-webmvc:6.1.5,238.0
org.springframework:spring-webmvc:5.3.23,org.springframework:spring-webmvc:5.3.17,0.0
org.springframework:spring-webmvc:5.3.23,org.springframework:spring-webmvc:6.1.9,238.0
org.springframework:spring-webmvc:5.3.23,org.springframework:spring-webmvc:6.0.14,227.0
org.springframework:spring-webmvc:5.3.23,org.springframework:spring-webmvc:6.1.0,235.0
org.apache.tomcat.embed:tomcat-embed-el:10.1.5,org.apache.tomcat.embed:tomcat-embed-el:10.1.25,5.0
org.springframework:spring-webmvc:5.3.23,org.springframework:spring-webmvc:6.0.13,227.0
org.apache.tomcat.embed:tomcat-embed-el:10.1.5,org.apache.tomcat.embed:tomcat-embed-el:10.1.24,5.0
org.springframework:spring-webmvc:5.3.23,org.springframework:spring-webmvc:6.0.12,227.0
org.apache.tomcat.embed:tomcat-embed-el:10.1.5,org.apache.tomcat.embed:tomcat-embed-el:10.1.28,5.0
org.springframework:spring-webmvc:5.3.23,org.springframework:spring-webmvc:6.0.11,226.0
org.apache.tomcat.embed:tomcat-embed-el:10.1.5,org.apache.tomcat.embed:tomcat-embed-el:9.0.70,97.0
org.springframework:spring-webmvc:5.3.23,org.springframework:spring-webmvc:6.1.4,238.0
org.apache.tomcat.embed:tomcat-embed-el:10.1.5,org.apache.tomcat.embed:tomcat-embed-el:9.0.71,97.0
org.springframework:spring-webmvc:5.3.23,org.springframework:spring-webmvc:6.0.10,226.0
org.apache.tomcat.embed:tomcat-embed-el:10.1.5,org.apache.tomcat.embed:tomcat-embed-el:10.1.26,6.0
org.apache.tomcat.embed:tomcat-embed-el:10.1.5,org.apache.tomcat.embed:tomcat-embed-el:10.1.10,4.0
org.apache.tomcat.embed:tomcat-embed-el:10.1.5,org.apache.tomcat.embed:tomcat-embed-el:9.0.69,97.0
org.springframework:spring-webmvc:5.3.23,org.springframework:spring-webmvc:5.3.28,1.0
org.apache.tomcat.embed:tomcat-embed-el:10.1.5,org.apache.tomcat.embed:tomcat-embed-el:10.1.7,3.0
org.springframework:spring-webmvc:5.3.23,org.springframework:spring-webmvc:6.1.12,238.0
org.apache.tomcat.embed:tomcat-embed-el:10.1.5,org.apache.tomcat.embed:tomcat-embed-el:10.1.8,4.0
org.springframework:spring-webmvc:5.3.23,org.springframework:spring-webmvc:6.1.11,238.0
org.springframework:spring-webmvc:5.3.23,org.springframework:spring-webmvc:6.1.10,238.0
org.springframework:spring-webmvc:5.3.23,org.springframework:spring-webmvc:5.3.30,1.0
org.apache.tomcat.embed:tomcat-embed-el:10.1.5,org.apache.tomcat.embed:tomcat-embed-el:9.0.83,97.0
org.springframework:spring-webmvc:5.3.23,org.springframework:spring-webmvc:5.3.31,1.0
org.apache.tomcat.embed:tomcat-embed-el:10.1.5,org.apache.tomcat.embed:tomcat-embed-el:10.1.19,5.0
org.springframework:spring-webmvc:5.3.23,org.springframework:spring-webmvc:6.1.8,238.0
org.apache.tomcat.embed:tomcat-embed-el:10.1.5,org.apache.tomcat.embed:tomcat-embed-el:9.0.68,98.0
org.springframework:spring-webmvc:5.3.23,org.springframework:spring-webmvc:5.3.19,0.0
org.apache.tomcat.embed:tomcat-embed-el:10.1.5,org.apache.tomcat.embed:tomcat-embed-el:10.1.13,4.0
org.springframework:spring-webmvc:5.3.23,org.springframework:spring-webmvc:6.1.7,238.0
org.apache.tomcat.embed:tomcat-embed-el:10.1.5,org.apache.tomcat.embed:tomcat-embed-el:10.1.12,4.0
org.springframework:spring-webmvc:5.3.23,org.springframework:spring-webmvc:5.3.18,0.0
org.springframework:spring-webmvc:5.3.23,org.springframework:spring-webmvc:5.3.25,0.0
org.springframework:spring-webmvc:5.3.23,org.springframework:spring-webmvc:5.3.24,0.0
org.springframework:spring-webflux:5.3.23,org.springframework:spring-webflux:5.3.4,12.0
org.springframework:spring-webflux:5.3.23,org.springframework:spring-webflux:5.3.22,2.0
org.springframework:spring-webflux:5.3.23,org.springframework:spring-webflux:5.3.24,0.0
org.apache.tomcat.embed:tomcat-embed-core:10.1.5,org.apache.tomcat.embed:tomcat-embed-core:10.1.25,150.0
org.springframework:spring-webflux:5.3.23,org.springframework:spring-webflux:5.3.20,2.0
org.apache.tomcat.embed:tomcat-embed-core:10.1.5,org.apache.tomcat.embed:tomcat-embed-core:10.1.24,144.0
org.springframework:spring-webflux:5.3.23,org.springframework:spring-webflux:6.0.18,71.0
org.springframework:spring-webflux:5.3.23,org.springframework:spring-webflux:6.0.17,71.0
org.springframework:spring-webflux:5.3.23,org.springframework:spring-webflux:6.0.16,71.0
org.apache.tomcat.embed:tomcat-embed-core:10.1.5,org.apache.tomcat.embed:tomcat-embed-core:10.1.19,120.0
org.springframework:spring-webmvc:5.3.23,org.springframework:spring-webmvc:6.1.3,237.0
org.springframework:spring-webmvc:5.3.23,org.springframework:spring-webmvc:6.1.2,236.0
org.springframework:spring-webmvc:5.3.23,org.springframework:spring-webmvc:6.1.1,235.0
org.springframework:spring-webmvc:5.3.23,org.springframework:spring-webmvc:5.3.9,7.0
org.springframework:spring-webmvc:5.3.23,org.springframework:spring-webmvc:5.3.4,12.0
org.springframework:spring-webmvc:5.3.23,org.springframework:spring-webmvc:5.3.22,0.0
org.springframework:spring-webmvc:5.3.23,org.springframework:spring-webmvc:5.3.20,0.0
org.springframework:spring-webmvc:5.3.23,org.springframework:spring-webmvc:5.3.27,1.0
jakarta.annotation:jakarta.annotation-api:2.1.1,jakarta.annotation:jakarta.annotation-api:1.3.5,18.0
org.springframework:spring-webmvc:5.3.23,org.springframework:spring-webmvc:5.3.26,1.0
ch.qos.logback:logback-classic:1.2.12,ch.qos.logback:logback-classic:1.2.11,0.0
org.springframework:spring-context:5.3.23,org.springframework:spring-context:6.1.7,169.0
org.springframework:spring-context:5.3.23,org.springframework:spring-context:5.3.4,34.0
org.springframework:spring-context:5.3.23,org.springframework:spring-context:6.1.5,169.0
org.springframework:spring-context:5.3.23,org.springframework:spring-context:6.0.12,141.0
org.springframework:spring-context:5.3.23,org.springframework:spring-context:6.1.4,168.0
org.springframework:spring-context:5.3.23,org.springframework:spring-context:6.0.13,141.0
org.springframework:spring-context:5.3.23,org.springframework:spring-context:6.1.3,165.0
org.springframework:spring-context:5.3.23,org.springframework:spring-context:6.0.10,140.0
org.springframework:spring-context:5.3.23,org.springframework:spring-context:6.1.2,164.0
org.springframework:spring-context:5.3.23,org.springframework:spring-context:6.0.11,140.0
org.glassfish.jersey.core:jersey-server:2.37,org.glassfish.jersey.core:jersey-server:2.35,10.0
org.springframework:spring-context:5.3.23,org.springframework:spring-context:5.2.0.RELEASE,63.0
org.springframework:spring-context:5.3.23,org.springframework:spring-context:5.3.25,1.0
org.springframework:spring-context:5.3.23,org.springframework:spring-context:5.3.26,1.0
org.springframework:spring-context:5.3.23,org.springframework:spring-context:5.3.24,1.0
org.springframework:spring-context:5.3.23,org.springframework:spring-context:5.3.29,1.0
org.springframework:spring-context:5.3.23,org.springframework:spring-context:5.3.27,1.0
org.springframework:spring-context:5.3.23,org.springframework:spring-context:5.3.28,1.0
org.springframework:spring-context:5.3.23,org.springframework:spring-context:6.1.9,169.0
org.springframework:spring-context:5.3.23,org.springframework:spring-context:6.1.8,169.0
org.apache.httpcomponents:httpclient:4.5.13,org.apache.httpcomponents:httpclient:4.0.1,323.0
io.dropwizard.metrics:metrics-core:4.2.18,io.dropwizard.metrics:metrics-core:3.1.2,35.0
io.dropwizard.metrics:metrics-core:4.2.18,io.dropwizard.metrics:metrics-core:4.0.7,22.0
io.dropwizard.metrics:metrics-core:4.2.18,io.dropwizard.metrics:metrics-core:4.2.9,2.0
io.dropwizard.metrics:metrics-core:4.2.18,io.dropwizard.metrics:metrics-core:4.2.17,0.0
io.dropwizard.metrics:metrics-core:4.2.18,io.dropwizard.metrics:metrics-core:4.2.16,0.0
org.aspectj:aspectjweaver:1.8.14,org.aspectj:aspectjweaver:1.6.8,308.0
org.springframework:spring-webmvc:5.3.23,org.springframework:spring-webmvc:6.0.9,226.0
org.springframework:spring-webmvc:5.3.23,org.springframework:spring-webmvc:6.0.8,226.0
org.springframework:spring-webmvc:5.3.23,org.springframework:spring-webmvc:6.0.7,226.0
org.springframework:spring-webmvc:5.3.23,org.springframework:spring-webmvc:6.0.6,226.0
org.springframework:spring-webmvc:5.3.23,org.springframework:spring-webmvc:6.0.0,225.0
org.springframework:spring-webmvc:5.3.23,org.springframework:spring-webmvc:6.0.5,226.0
org.springframework:spring-webmvc:5.3.23,org.springframework:spring-webmvc:6.0.4,225.0
org.springframework:spring-webmvc:5.3.23,org.springframework:spring-webmvc:6.0.3,225.0
org.springframework:spring-webmvc:5.3.23,org.springframework:spring-webmvc:6.0.2,225.0
org.springframework:spring-webmvc:5.3.23,org.springframework:spring-webmvc:5.3.29,1.0
org.hibernate:hibernate-entitymanager:5.6.8.Final,org.hibernate:hibernate-entitymanager:5.4.6.Final,0.0
org.hibernate:hibernate-entitymanager:5.6.8.Final,org.hibernate:hibernate-entitymanager:5.6.12.Final,0.0
org.hibernate:hibernate-entitymanager:5.6.8.Final,org.hibernate:hibernate-entitymanager:5.4.22.Final,0.0
org.hibernate:hibernate-entitymanager:5.6.8.Final,org.hibernate:hibernate-entitymanager:5.5.0.Alpha1,0.0
org.hibernate:hibernate-entitymanager:5.6.8.Final,org.hibernate:hibernate-entitymanager:5.6.1.Final,0.0
org.springframework:spring-context:5.3.23,org.springframework:spring-context:6.1.1,161.0
org.springframework:spring-context:5.3.23,org.springframework:spring-context:6.1.0,158.0
org.springframework:spring-context:5.3.23,org.springframework:spring-context:5.3.9,13.0
org.springframework:spring-webmvc:5.3.23,org.springframework:spring-webmvc:6.0.21,228.0
org.springframework:spring-webmvc:5.3.23,org.springframework:spring-webmvc:6.0.20,228.0
org.springframework:spring-webmvc:5.3.23,org.springframework:spring-webmvc:6.0.18,228.0
org.springframework:spring-webmvc:5.3.23,org.springframework:spring-webmvc:6.0.17,228.0
org.springframework:spring-webmvc:5.3.23,org.springframework:spring-webmvc:6.0.16,228.0
org.springframework:spring-webmvc:5.3.23,org.springframework:spring-webmvc:6.0.15,227.0
org.springframework:spring-webmvc:5.3.23,org.springframework:spring-webmvc:5.3.15,0.0
org.mongodb:mongodb-driver-sync:4.6.0-alpha0,org.mongodb:mongodb-driver-sync:4.11.3,17.0
org.mongodb:mongodb-driver-sync:4.6.0-alpha0,org.mongodb:mongodb-driver-sync:4.4.2,18.0
org.mongodb:mongodb-driver-sync:4.6.0-alpha0,org.mongodb:mongodb-driver-sync:4.11.2,17.0
org.mongodb:mongodb-driver-sync:4.6.0-alpha0,org.mongodb:mongodb-driver-sync:4.11.1,17.0
org.mongodb:mongodb-driver-sync:4.6.0-alpha0,org.mongodb:mongodb-driver-sync:4.1.1,31.0
com.google.guava:guava:31.1-jre,com.google.guava:guava:20.0,561.0
io.dropwizard.metrics:metrics-core:4.2.18,io.dropwizard.metrics:metrics-core:4.2.19,0.0
io.dropwizard.metrics:metrics-core:4.2.18,io.dropwizard.metrics:metrics-core:4.0.6,22.0
io.dropwizard.metrics:metrics-core:4.2.18,io.dropwizard.metrics:metrics-core:4.2.20,0.0
io.dropwizard.metrics:metrics-core:4.2.18,io.dropwizard.metrics:metrics-core:4.2.22,0.0
io.dropwizard.metrics:metrics-core:4.2.18,io.dropwizard.metrics:metrics-core:4.2.12,1.0
io.dropwizard.metrics:metrics-core:4.2.18,io.dropwizard.metrics:metrics-core:4.2.23,0.0
io.dropwizard.metrics:metrics-core:4.2.18,io.dropwizard.metrics:metrics-core:4.2.26,0.0
io.dropwizard.metrics:metrics-core:4.2.18,io.dropwizard.metrics:metrics-core:4.2.15,1.0
io.dropwizard.metrics:metrics-core:4.2.18,io.dropwizard.metrics:metrics-core:4.2.25,0.0
com.google.code.findbugs:jsr305:3.0.2,com.google.code.findbugs:jsr305:3.0.1,0.0
com.google.code.findbugs:jsr305:3.0.2,com.google.code.findbugs:jsr305:1.3.9,1.0
org.hdrhistogram:HdrHistogram:2.1.12,org.hdrhistogram:HdrHistogram:2.1.11,34.0
org.mongodb:mongodb-driver-sync:4.6.0-alpha0,org.mongodb:mongodb-driver-sync:4.4.0-beta2,19.0
org.mongodb:mongodb-driver-sync:4.6.0-alpha0,org.mongodb:mongodb-driver-sync:4.2.3,27.0
org.mongodb:mongodb-driver-sync:4.6.0-alpha0,org.mongodb:mongodb-driver-sync:4.3.0-beta1,27.0
org.apache.tomcat.embed:tomcat-embed-core:8.5.93,org.apache.tomcat.embed:tomcat-embed-core:9.0.69,374.0
org.apache.tomcat.embed:tomcat-embed-core:8.5.93,org.apache.tomcat.embed:tomcat-embed-core:8.5.82,167.0
org.apache.httpcomponents:httpclient:4.5.14,org.apache.httpcomponents:httpclient:4.5.2,43.0
org.apache.httpcomponents:httpclient:4.5.14,org.apache.httpcomponents:httpclient:4.5.3,38.0
org.apache.httpcomponents:httpclient:4.5.14,org.apache.httpcomponents:httpclient:4.5.6,24.0
org.apache.httpcomponents:httpclient:4.5.14,org.apache.httpcomponents:httpclient:4.0.1,325.0
org.apache.kafka:kafka-streams:2.8.2,org.apache.kafka:kafka-streams:2.6.0,248.0
org.apache.kafka:kafka-streams:2.8.2,org.apache.kafka:kafka-streams:2.8.0,10.0
org.aspectj:aspectjweaver:1.8.14,org.aspectj:aspectjweaver:1.6.8,308.0
org.apache.tomcat.embed:tomcat-embed-core:8.5.93,org.apache.tomcat.embed:tomcat-embed-core:8.5.97,27.0
org.apache.tomcat.embed:tomcat-embed-core:8.5.93,org.apache.tomcat.embed:tomcat-embed-core:8.5.96,26.0
org.apache.tomcat.embed:tomcat-embed-core:8.5.93,org.apache.tomcat.embed:tomcat-embed-core:10.1.20,606.0
org.apache.tomcat.embed:tomcat-embed-core:8.5.93,org.apache.tomcat.embed:tomcat-embed-core:8.5.99,35.0
org.apache.tomcat.embed:tomcat-embed-core:8.5.93,org.apache.tomcat.embed:tomcat-embed-core:8.5.98,30.0
org.apache.tomcat.embed:tomcat-embed-core:8.5.93,org.apache.tomcat.embed:tomcat-embed-core:9.0.71,363.0
org.apache.tomcat.embed:tomcat-embed-core:8.5.93,org.apache.tomcat.embed:tomcat-embed-core:10.1.28,622.0
org.apache.tomcat.embed:tomcat-embed-core:8.5.93,org.apache.tomcat.embed:tomcat-embed-core:9.0.70,366.0
org.apache.tomcat.embed:tomcat-embed-core:8.5.93,org.apache.tomcat.embed:tomcat-embed-core:10.1.26,616.0
org.apache.tomcat.embed:tomcat-embed-core:8.5.93,org.apache.tomcat.embed:tomcat-embed-core:10.1.25,615.0
org.apache.tomcat.embed:tomcat-embed-core:8.5.93,org.apache.tomcat.embed:tomcat-embed-core:10.1.24,613.0
org.apache.tomcat.embed:tomcat-embed-core:8.5.93,org.apache.tomcat.embed:tomcat-embed-core:9.0.68,376.0
org.apache.tomcat.embed:tomcat-embed-core:8.5.93,org.apache.tomcat.embed:tomcat-embed-core:8.5.100,42.0
org.apache.tomcat.embed:tomcat-embed-core:8.5.93,org.apache.tomcat.embed:tomcat-embed-core:9.0.83,273.0
org.apache.tomcat.embed:tomcat-embed-core:8.5.93,org.apache.tomcat.embed:tomcat-embed-core:10.1.19,603.0
ch.qos.logback:logback-classic:1.2.12,ch.qos.logback:logback-classic:1.2.11,0.0
org.apache.kafka:kafka-clients:2.8.2,org.apache.kafka:kafka-clients:0.10.0.1,1703.0
org.apache.kafka:kafka-clients:2.8.2,org.apache.kafka:kafka-clients:1.1.1,1508.0
org.apache.kafka:kafka-clients:2.8.2,org.apache.kafka:kafka-clients:2.8.0,20.0
org.apache.kafka:kafka-clients:2.8.2,org.apache.kafka:kafka-clients:2.6.0,1012.0
io.grpc:grpc-api:1.45.1,io.grpc:grpc-api:1.37.0,17.0
io.grpc:grpc-api:1.45.1,io.grpc:grpc-api:1.42.0,5.0
com.squareup.okhttp3:okhttp:5.0.0-alpha.11,com.squareup.okhttp3:okhttp:4.10.0-RC1,0.0
com.squareup.okhttp3:okhttp:5.0.0-alpha.11,com.squareup.okhttp3:okhttp:4.11.0,0.0
com.squareup.okhttp3:okhttp:5.0.0-alpha.11,com.squareup.okhttp3:okhttp:3.14.4,0.0
com.squareup.okhttp3:okhttp:5.0.0-alpha.11,com.squareup.okhttp3:okhttp:5.0.0-alpha.10,0.0
org.apache.httpcomponents:httpclient:4.5.14,org.apache.httpcomponents:httpclient:4.0.1,325.0
org.apache.tomcat.embed:tomcat-embed-websocket:10.1.5,org.apache.tomcat.embed:tomcat-embed-websocket:10.1.12,8.0
org.apache.tomcat.embed:tomcat-embed-websocket:10.1.5,org.apache.tomcat.embed:tomcat-embed-websocket:10.1.19,9.0
org.apache.tomcat.embed:tomcat-embed-websocket:10.1.5,org.apache.tomcat.embed:tomcat-embed-websocket:10.1.10,8.0
org.apache.tomcat.embed:tomcat-embed-websocket:10.1.5,org.apache.tomcat.embed:tomcat-embed-websocket:10.1.28,9.0
org.apache.tomcat.embed:tomcat-embed-websocket:10.1.5,org.apache.tomcat.embed:tomcat-embed-websocket:10.1.26,10.0
org.apache.tomcat.embed:tomcat-embed-websocket:10.1.5,org.apache.tomcat.embed:tomcat-embed-websocket:10.1.24,9.0
io.micrometer:micrometer-observation:1.12.1,io.micrometer:micrometer-observation:1.11.1,9.0
org.apache.tomcat.embed:tomcat-embed-websocket:10.1.5,org.apache.tomcat.embed:tomcat-embed-websocket:10.1.25,9.0
io.micrometer:micrometer-observation:1.12.1,io.micrometer:micrometer-observation:1.10.2,18.0
io.micrometer:micrometer-observation:1.12.1,io.micrometer:micrometer-observation:1.12.3,0.0
org.apache.tomcat.embed:tomcat-embed-el:10.1.5,org.apache.tomcat.embed:tomcat-embed-el:10.1.19,5.0
org.apache.tomcat.embed:tomcat-embed-el:10.1.5,org.apache.tomcat.embed:tomcat-embed-el:10.1.13,4.0
org.apache.tomcat.embed:tomcat-embed-el:10.1.5,org.apache.tomcat.embed:tomcat-embed-el:10.1.12,4.0
org.apache.tomcat.embed:tomcat-embed-el:10.1.5,org.apache.tomcat.embed:tomcat-embed-el:10.1.11,4.0
org.apache.tomcat.embed:tomcat-embed-el:10.1.5,org.apache.tomcat.embed:tomcat-embed-el:10.1.18,5.0
org.apache.tomcat.embed:tomcat-embed-el:10.1.5,org.apache.tomcat.embed:tomcat-embed-el:10.1.17,5.0
org.apache.tomcat.embed:tomcat-embed-el:10.1.5,org.apache.tomcat.embed:tomcat-embed-el:10.1.16,5.0
org.apache.tomcat.embed:tomcat-embed-el:10.1.5,org.apache.tomcat.embed:tomcat-embed-el:10.1.15,4.0
org.apache.tomcat.embed:tomcat-embed-el:10.1.5,org.apache.tomcat.embed:tomcat-embed-el:10.1.20,5.0
org.apache.tomcat.embed:tomcat-embed-websocket:10.1.5,org.apache.tomcat.embed:tomcat-embed-websocket:10.1.17,8.0
org.apache.tomcat.embed:tomcat-embed-websocket:10.1.5,org.apache.tomcat.embed:tomcat-embed-websocket:10.1.18,8.0
org.apache.tomcat.embed:tomcat-embed-websocket:10.1.5,org.apache.tomcat.embed:tomcat-embed-websocket:10.1.15,8.0
org.apache.tomcat.embed:tomcat-embed-websocket:10.1.5,org.apache.tomcat.embed:tomcat-embed-websocket:10.1.16,8.0
org.apache.tomcat.embed:tomcat-embed-websocket:10.1.5,org.apache.tomcat.embed:tomcat-embed-websocket:10.1.13,8.0
org.apache.tomcat.embed:tomcat-embed-websocket:10.1.5,org.apache.tomcat.embed:tomcat-embed-websocket:10.1.11,8.0
io.micrometer:micrometer-observation:1.12.1,io.micrometer:micrometer-observation:1.10.10,7.0
org.springframework.boot:spring-boot-starter:3.2.1,org.springframework.boot:spring-boot-starter:3.2.9,0.0
org.springframework.boot:spring-boot-starter:3.2.1,org.springframework.boot:spring-boot-starter:3.2.7,0.0
org.springframework.boot:spring-boot-starter:3.2.1,org.springframework.boot:spring-boot-starter:3.0.9,0.0
org.springframework.boot:spring-boot-starter:3.2.1,org.springframework.boot:spring-boot-starter:3.2.8,0.0
org.springframework.boot:spring-boot-starter:3.2.1,org.springframework.boot:spring-boot-starter:2.7.18,0.0
org.springframework.boot:spring-boot-starter:3.2.1,org.springframework.boot:spring-boot-starter:3.0.3,0.0
io.micrometer:micrometer-observation:1.12.1,io.micrometer:micrometer-observation:1.10.12,6.0
org.apache.tomcat.embed:tomcat-embed-core:10.1.5,org.apache.tomcat.embed:tomcat-embed-core:10.1.20,130.0
org.springframework.boot:spring-boot-starter:3.2.1,org.springframework.boot:spring-boot-starter:3.0.1,0.0
org.springframework.boot:spring-boot-starter:3.2.1,org.springframework.boot:spring-boot-starter:3.0.2,0.0
org.springframework.boot:spring-boot-starter:3.2.1,org.springframework.boot:spring-boot-starter:3.0.7,0.0
org.springframework.boot:spring-boot-starter:3.2.1,org.springframework.boot:spring-boot-starter:3.2.5,0.0
org.apache.tomcat.embed:tomcat-embed-core:10.1.5,org.apache.tomcat.embed:tomcat-embed-core:10.1.28,161.0
org.springframework.boot:spring-boot-starter:3.2.1,org.springframework.boot:spring-boot-starter:3.0.8,0.0
org.springframework.boot:spring-boot-starter:3.2.1,org.springframework.boot:spring-boot-starter:3.2.6,0.0
org.apache.tomcat.embed:tomcat-embed-core:10.1.5,org.apache.tomcat.embed:tomcat-embed-core:10.1.26,152.0
org.springframework.boot:spring-boot-starter:3.2.1,org.springframework.boot:spring-boot-starter:3.0.5,0.0
org.springframework.boot:spring-boot-starter:3.2.1,org.springframework.boot:spring-boot-starter:3.2.3,0.0
org.springframework.boot:spring-boot-starter:3.2.1,org.springframework.boot:spring-boot-starter:3.0.4,0.0
org.springframework.boot:spring-boot-starter:3.2.1,org.springframework.boot:spring-boot-starter:3.2.2,0.0
io.micrometer:micrometer-observation:1.12.1,io.micrometer:micrometer-observation:1.10.4,15.0
org.apache.tomcat.embed:tomcat-embed-websocket:10.1.5,org.apache.tomcat.embed:tomcat-embed-websocket:10.1.20,9.0
io.micrometer:micrometer-observation:1.12.1,io.micrometer:micrometer-observation:1.12.2,0.0
io.micrometer:micrometer-observation:1.12.1,io.micrometer:micrometer-observation:1.11.10,3.0
io.micrometer:micrometer-observation:1.12.1,io.micrometer:micrometer-observation:1.11.6,3.0
jakarta.annotation:jakarta.annotation-api:2.1.1,jakarta.annotation:jakarta.annotation-api:1.3.5,18.0
io.micrometer:micrometer-observation:1.12.1,io.micrometer:micrometer-observation:1.12.5,0.0
io.micrometer:micrometer-observation:1.12.1,io.micrometer:micrometer-observation:1.10.7,14.0
org.apache.tomcat.embed:tomcat-embed-core:10.1.5,org.apache.tomcat.embed:tomcat-embed-core:10.1.10,97.0
io.micrometer:micrometer-observation:1.12.1,io.micrometer:micrometer-observation:1.11.4,4.0
io.micrometer:micrometer-observation:1.12.1,io.micrometer:micrometer-observation:1.13.2,0.0
io.micrometer:micrometer-observation:1.12.1,io.micrometer:micrometer-observation:1.10.5,15.0
io.micrometer:micrometer-observation:1.12.1,io.micrometer:micrometer-observation:1.11.3,4.0
io.micrometer:micrometer-observation:1.12.1,io.micrometer:micrometer-observation:1.13.1,0.0
io.micrometer:micrometer-observation:1.12.1,io.micrometer:micrometer-observation:1.10.6,14.0
io.micrometer:micrometer-observation:1.12.1,io.micrometer:micrometer-observation:1.11.8,3.0
io.micrometer:micrometer-observation:1.12.1,io.micrometer:micrometer-observation:1.12.7,0.0
io.micrometer:micrometer-observation:1.12.1,io.micrometer:micrometer-observation:1.11.7,3.0
io.micrometer:micrometer-observation:1.12.1,io.micrometer:micrometer-observation:1.12.6,0.0
io.micrometer:micrometer-observation:1.12.1,io.micrometer:micrometer-observation:1.10.8,12.0
org.apache.tomcat.embed:tomcat-embed-core:10.1.5,org.apache.tomcat.embed:tomcat-embed-core:10.1.12,101.0
io.micrometer:micrometer-observation:1.12.1,io.micrometer:micrometer-observation:1.11.11,3.0
io.micrometer:micrometer-observation:1.12.1,io.micrometer:micrometer-observation:1.11.5,3.0
io.micrometer:micrometer-observation:1.12.1,io.micrometer:micrometer-observation:1.12.4,0.0
io.micrometer:micrometer-observation:1.12.1,io.micrometer:micrometer-observation:1.13.3,0.0
io.micrometer:micrometer-observation:1.12.4,io.micrometer:micrometer-observation:1.12.8,0.0
io.micrometer:micrometer-observation:1.12.4,io.micrometer:micrometer-observation:1.11.9,3.0
io.micrometer:micrometer-observation:1.12.4,io.micrometer:micrometer-observation:1.11.12,3.0
io.micrometer:micrometer-observation:1.12.4,io.micrometer:micrometer-observation:1.11.0,11.0
io.micrometer:micrometer-observation:1.12.4,io.micrometer:micrometer-observation:1.10.1,18.0
io.micrometer:micrometer-observation:1.12.4,io.micrometer:micrometer-observation:1.10.0,18.0
io.micrometer:micrometer-observation:1.12.4,io.micrometer:micrometer-observation:1.11.2,7.0
io.micrometer:micrometer-observation:1.12.4,io.micrometer:micrometer-observation:1.13.0,0.0
io.micrometer:micrometer-observation:1.12.4,io.micrometer:micrometer-observation:1.10.3,18.0
io.micrometer:micrometer-observation:1.12.4,io.micrometer:micrometer-observation:1.11.1,9.0
io.micrometer:micrometer-observation:1.12.4,io.micrometer:micrometer-observation:1.10.2,18.0
io.micrometer:micrometer-observation:1.12.4,io.micrometer:micrometer-observation:1.12.3,0.0
io.micrometer:micrometer-observation:1.12.4,io.micrometer:micrometer-observation:1.11.4,4.0
io.micrometer:micrometer-observation:1.12.4,io.micrometer:micrometer-observation:1.13.2,0.0
io.micrometer:micrometer-observation:1.12.4,io.micrometer:micrometer-observation:1.10.5,15.0
io.micrometer:micrometer-observation:1.12.4,io.micrometer:micrometer-observation:1.11.3,4.0
io.micrometer:micrometer-observation:1.12.4,io.micrometer:micrometer-observation:1.13.1,0.0
io.micrometer:micrometer-observation:1.12.4,io.micrometer:micrometer-observation:1.10.4,15.0
org.springframework.boot:spring-boot-actuator-autoconfigure:3.2.4,org.springframework.boot:spring-boot-actuator-autoconfigure:3.2.9,0.0
org.springframework.boot:spring-boot-actuator-autoconfigure:3.2.4,org.springframework.boot:spring-boot-actuator-autoconfigure:3.0.9,97.0
org.springframework.boot:spring-boot-actuator-autoconfigure:3.2.4,org.springframework.boot:spring-boot-actuator-autoconfigure:3.2.7,0.0
org.springframework.boot:spring-boot-actuator-autoconfigure:3.2.4,org.springframework.boot:spring-boot-actuator-autoconfigure:3.2.8,0.0
io.micrometer:micrometer-jakarta9:1.12.4,io.micrometer:micrometer-jakarta9:1.12.8,0.0
io.micrometer:micrometer-jakarta9:1.12.4,io.micrometer:micrometer-jakarta9:1.12.7,0.0
io.micrometer:micrometer-jakarta9:1.12.4,io.micrometer:micrometer-jakarta9:1.12.6,0.0
io.micrometer:micrometer-jakarta9:1.12.4,io.micrometer:micrometer-jakarta9:1.12.5,0.0
org.springframework.boot:spring-boot-actuator-autoconfigure:3.2.4,org.springframework.boot:spring-boot-actuator-autoconfigure:3.2.3,0.0
org.springframework.boot:spring-boot-actuator-autoconfigure:3.2.4,org.springframework.boot:spring-boot-actuator-autoconfigure:3.0.6,100.0
io.micrometer:micrometer-jakarta9:1.12.4,io.micrometer:micrometer-jakarta9:1.13.3,0.0
io.micrometer:micrometer-jakarta9:1.12.4,io.micrometer:micrometer-jakarta9:1.12.3,0.0
io.micrometer:micrometer-jakarta9:1.12.4,io.micrometer:micrometer-jakarta9:1.13.2,0.0
io.micrometer:micrometer-jakarta9:1.12.4,io.micrometer:micrometer-jakarta9:1.13.1,0.0
io.micrometer:micrometer-jakarta9:1.12.4,io.micrometer:micrometer-jakarta9:1.13.0,0.0
io.micrometer:micrometer-jakarta9:1.12.4,io.micrometer:micrometer-jakarta9:1.12.1,0.0
io.micrometer:micrometer-jakarta9:1.12.4,io.micrometer:micrometer-jakarta9:1.12.9,0.0
io.micrometer:micrometer-observation:1.12.4,io.micrometer:micrometer-observation:1.12.9,0.0
io.micrometer:micrometer-observation:1.12.1,io.micrometer:micrometer-observation:1.12.9,0.0
io.micrometer:micrometer-observation:1.12.1,io.micrometer:micrometer-observation:1.12.8,0.0
io.micrometer:micrometer-observation:1.12.1,io.micrometer:micrometer-observation:1.11.9,3.0
io.micrometer:micrometer-observation:1.12.1,io.micrometer:micrometer-observation:1.11.12,3.0
io.micrometer:micrometer-observation:1.12.1,io.micrometer:micrometer-observation:1.11.0,11.0
io.micrometer:micrometer-observation:1.12.1,io.micrometer:micrometer-observation:1.10.1,18.0
io.micrometer:micrometer-observation:1.12.1,io.micrometer:micrometer-observation:1.10.0,18.0
io.micrometer:micrometer-observation:1.12.1,io.micrometer:micrometer-observation:1.11.2,7.0
io.micrometer:micrometer-observation:1.12.1,io.micrometer:micrometer-observation:1.13.0,0.0
io.micrometer:micrometer-observation:1.12.1,io.micrometer:micrometer-observation:1.10.3,18.0
org.apache.tomcat.embed:tomcat-embed-el:10.1.5,org.apache.tomcat.embed:tomcat-embed-el:10.1.25,5.0
org.apache.tomcat.embed:tomcat-embed-el:10.1.5,org.apache.tomcat.embed:tomcat-embed-el:10.1.24,5.0
org.apache.tomcat.embed:tomcat-embed-el:10.1.5,org.apache.tomcat.embed:tomcat-embed-el:10.1.28,5.0
org.apache.tomcat.embed:tomcat-embed-el:10.1.5,org.apache.tomcat.embed:tomcat-embed-el:10.1.26,6.0
org.apache.tomcat.embed:tomcat-embed-el:10.1.5,org.apache.tomcat.embed:tomcat-embed-el:10.1.10,4.0
io.micrometer:micrometer-observation:1.12.4,io.micrometer:micrometer-observation:1.11.10,3.0
io.micrometer:micrometer-observation:1.12.4,io.micrometer:micrometer-observation:1.11.6,3.0
io.micrometer:micrometer-observation:1.12.4,io.micrometer:micrometer-observation:1.12.5,0.0
io.micrometer:micrometer-observation:1.12.4,io.micrometer:micrometer-observation:1.10.7,14.0
io.micrometer:micrometer-observation:1.12.4,io.micrometer:micrometer-observation:1.11.11,3.0
io.micrometer:micrometer-observation:1.12.4,io.micrometer:micrometer-observation:1.11.5,3.0
io.micrometer:micrometer-observation:1.12.4,io.micrometer:micrometer-observation:1.13.3,0.0
io.micrometer:micrometer-observation:1.12.4,io.micrometer:micrometer-observation:1.10.6,14.0
io.micrometer:micrometer-observation:1.12.4,io.micrometer:micrometer-observation:1.11.8,3.0
io.micrometer:micrometer-observation:1.12.4,io.micrometer:micrometer-observation:1.12.7,0.0
io.micrometer:micrometer-observation:1.12.4,io.micrometer:micrometer-observation:1.11.7,3.0
io.micrometer:micrometer-observation:1.12.4,io.micrometer:micrometer-observation:1.12.6,0.0
io.micrometer:micrometer-observation:1.12.4,io.micrometer:micrometer-observation:1.10.8,12.0
io.micrometer:micrometer-observation:1.12.4,io.micrometer:micrometer-observation:1.10.10,7.0
org.hibernate:hibernate-entitymanager:5.6.15.Final,org.hibernate:hibernate-entitymanager:5.4.6.Final,0.0
org.hibernate:hibernate-entitymanager:5.6.15.Final,org.hibernate:hibernate-entitymanager:5.6.12.Final,0.0
org.hibernate:hibernate-entitymanager:5.6.15.Final,org.hibernate:hibernate-entitymanager:5.4.22.Final,0.0
org.hibernate:hibernate-entitymanager:5.6.15.Final,org.hibernate:hibernate-entitymanager:5.5.0.Alpha1,0.0
org.hibernate:hibernate-entitymanager:5.6.15.Final,org.hibernate:hibernate-entitymanager:5.6.1.Final,0.0
org.jooq:jooq:3.14.16,org.jooq:jooq:3.13.6,573.0
com.github.ben-manes.caffeine:caffeine:2.9.3,com.github.ben-manes.caffeine:caffeine:2.9.1,87.0
com.google.guava:guava:31.1-jre,com.google.guava:guava:30.1.1-jre,111.0
com.google.guava:guava:31.1-jre,com.google.guava:guava:31.0.1-jre,24.0
com.google.guava:guava:31.1-jre,com.google.guava:guava:18.0,679.0
com.google.guava:guava:31.1-jre,com.google.guava:guava:25.0-jre,300.0
com.google.guava:guava:31.1-jre,com.google.guava:guava:15.0,710.0
com.google.guava:guava:31.1-jre,com.google.guava:guava:28.1-jre,239.0
org.eclipse.jetty:jetty-server:9.4.52.v20230823,org.eclipse.jetty:jetty-server:8.2.0.v20160908,216.0
org.eclipse.jetty:jetty-server:9.4.52.v20230823,org.eclipse.jetty:jetty-server:9.4.54.v20240208,0.0
org.eclipse.jetty:jetty-server:9.4.52.v20230823,org.eclipse.jetty:jetty-server:9.4.49.v20220914,3.0
org.eclipse.jetty:jetty-server:9.4.52.v20230823,org.eclipse.jetty:jetty-server:9.4.33.v20201020,24.0
org.eclipse.jetty:jetty-server:9.4.52.v20230823,org.eclipse.jetty:jetty-server:9.4.51.v20230217,0.0
org.eclipse.jetty:jetty-server:9.4.52.v20230823,org.eclipse.jetty:jetty-server:9.2.28.v20190418,191.0
org.eclipse.jetty:jetty-server:9.4.52.v20230823,org.eclipse.jetty:jetty-server:9.4.48.v20220622,3.0
org.eclipse.jetty:jetty-server:9.4.52.v20230823,org.eclipse.jetty:jetty-server:9.4.53.v20231009,0.0
org.eclipse.jetty:jetty-server:9.4.52.v20230823,org.eclipse.jetty:jetty-server:9.4.55.v20240627,0.0
org.eclipse.jetty:jetty-server:9.4.52.v20230823,org.eclipse.jetty:jetty-server:9.4.44.v20210927,9.0
org.eclipse.jetty:jetty-server:9.4.52.v20230823,org.eclipse.jetty:jetty-server:9.4.40.v20210413,16.0
org.apache.tomcat.embed:tomcat-embed-core:10.1.5,org.apache.tomcat.embed:tomcat-embed-core:10.1.28,161.0
org.apache.tomcat.embed:tomcat-embed-core:10.1.5,org.apache.tomcat.embed:tomcat-embed-core:10.1.26,152.0
org.apache.tomcat.embed:tomcat-embed-core:10.1.5,org.apache.tomcat.embed:tomcat-embed-core:10.1.25,150.0
org.apache.tomcat.embed:tomcat-embed-core:10.1.5,org.apache.tomcat.embed:tomcat-embed-core:10.1.24,144.0
org.apache.tomcat.embed:tomcat-embed-core:10.1.5,org.apache.tomcat.embed:tomcat-embed-core:10.1.19,120.0
org.apache.logging.log4j:log4j-core:2.17.2,org.apache.logging.log4j:log4j-core:2.12.1,169.0
org.apache.logging.log4j:log4j-core:2.17.2,org.apache.logging.log4j:log4j-core:2.13.3,122.0
org.apache.logging.log4j:log4j-core:2.17.2,org.apache.logging.log4j:log4j-core:2.14.1,109.0
org.apache.logging.log4j:log4j-core:2.17.2,org.apache.logging.log4j:log4j-core:2.17.1,59.0
org.apache.httpcomponents:httpasyncclient:4.1.5,org.apache.httpcomponents:httpasyncclient:4.1.4,3.0
org.hdrhistogram:HdrHistogram:2.1.12,org.hdrhistogram:HdrHistogram:2.1.11,34.0
com.google.code.findbugs:jsr305:3.0.2,com.google.code.findbugs:jsr305:3.0.1,0.0
com.google.code.findbugs:jsr305:3.0.2,com.google.code.findbugs:jsr305:1.3.9,1.0
org.glassfish.jersey.core:jersey-server:2.37,org.glassfish.jersey.core:jersey-server:2.35,10.0
org.mongodb:mongodb-driver-sync:4.6.1,org.mongodb:mongodb-driver-sync:4.4.0-beta2,19.0
org.mongodb:mongodb-driver-sync:4.6.1,org.mongodb:mongodb-driver-sync:4.2.3,27.0
org.mongodb:mongodb-driver-sync:4.6.1,org.mongodb:mongodb-driver-sync:4.3.0-beta1,27.0
org.mongodb:mongodb-driver-sync:4.6.1,org.mongodb:mongodb-driver-sync:4.11.3,15.0
org.mongodb:mongodb-driver-sync:4.6.1,org.mongodb:mongodb-driver-sync:4.4.2,18.0
org.mongodb:mongodb-driver-sync:4.6.1,org.mongodb:mongodb-driver-sync:4.11.2,15.0
org.mongodb:mongodb-driver-sync:4.6.1,org.mongodb:mongodb-driver-sync:4.11.1,15.0
org.mongodb:mongodb-driver-sync:4.6.1,org.mongodb:mongodb-driver-sync:4.1.1,31.0
com.hazelcast:hazelcast:5.1.1,com.hazelcast:hazelcast:4.2,1766.0
com.hazelcast:hazelcast:5.1.1,com.hazelcast:hazelcast:5.0,509.0
com.hazelcast:hazelcast:5.1.1,com.hazelcast:hazelcast:4.1-BETA-1,2420.0
com.hazelcast:hazelcast:5.1.1,com.hazelcast:hazelcast:3.12.2,6318.0
org.apache.logging.log4j:log4j-core:2.17.2,org.apache.logging.log4j:log4j-core:2.11.1,249.0
org.springframework.boot:spring-boot-actuator-autoconfigure:3.2.1,org.springframework.boot:spring-boot-actuator-autoconfigure:2.6.14,219.0
org.apache.tomcat.embed:tomcat-embed-el:10.1.5,org.apache.tomcat.embed:tomcat-embed-el:10.1.15,4.0
org.springframework.boot:spring-boot-actuator-autoconfigure:3.2.1,org.springframework.boot:spring-boot-actuator-autoconfigure:2.7.9,212.0
org.apache.tomcat.embed:tomcat-embed-el:10.1.5,org.apache.tomcat.embed:tomcat-embed-el:10.1.20,5.0
org.springframework.boot:spring-boot-actuator-autoconfigure:3.2.1,org.springframework.boot:spring-boot-actuator-autoconfigure:2.6.15,215.0
org.slf4j:slf4j-api:2.0.4,org.slf4j:slf4j-api:1.7.30,30.0
org.springframework.boot:spring-boot-actuator-autoconfigure:3.2.1,org.springframework.boot:spring-boot-actuator-autoconfigure:3.1.6,63.0
org.slf4j:slf4j-api:2.0.4,org.slf4j:slf4j-api:1.7.33,30.0
org.springframework.boot:spring-boot-actuator-autoconfigure:3.2.1,org.springframework.boot:spring-boot-actuator-autoconfigure:3.1.7,62.0
org.slf4j:slf4j-api:2.0.4,org.slf4j:slf4j-api:1.7.12,35.0
org.springframework.boot:spring-boot-actuator-autoconfigure:3.2.1,org.springframework.boot:spring-boot-actuator-autoconfigure:2.7.13,208.0
org.springframework.boot:spring-boot-actuator-autoconfigure:3.2.1,org.springframework.boot:spring-boot-actuator-autoconfigure:2.7.12,208.0
org.slf4j:slf4j-api:2.0.4,org.slf4j:slf4j-api:1.7.10,35.0
org.springframework.boot:spring-boot-actuator-autoconfigure:3.2.1,org.springframework.boot:spring-boot-actuator-autoconfigure:2.7.5,213.0
org.slf4j:slf4j-api:2.0.4,org.slf4j:slf4j-api:2.0.7,0.0
org.springframework.boot:spring-boot-actuator-autoconfigure:3.2.1,org.springframework.boot:spring-boot-actuator-autoconfigure:2.7.6,212.0
org.slf4j:slf4j-api:2.0.4,org.slf4j:slf4j-api:2.0.6,0.0
org.springframework.boot:spring-boot-actuator-autoconfigure:3.2.1,org.springframework.boot:spring-boot-actuator-autoconfigure:2.7.7,212.0
org.springframework.boot:spring-boot-actuator-autoconfigure:3.2.1,org.springframework.boot:spring-boot-actuator-autoconfigure:2.7.8,212.0
org.slf4j:slf4j-api:2.0.4,org.slf4j:slf4j-api:2.0.9,2.0
org.springframework.boot:spring-boot-actuator-autoconfigure:3.2.1,org.springframework.boot:spring-boot-actuator-autoconfigure:3.1.9,63.0
org.slf4j:slf4j-api:2.0.4,org.slf4j:slf4j-api:2.0.3,1.0
org.springframework.boot:spring-boot-actuator-autoconfigure:3.2.1,org.springframework.boot:spring-boot-actuator-autoconfigure:3.1.12,63.0
org.springframework.boot:spring-boot-actuator-autoconfigure:3.2.1,org.springframework.boot:spring-boot-actuator-autoconfigure:3.1.11,63.0
org.springframework.boot:spring-boot-actuator-autoconfigure:3.2.1,org.springframework.boot:spring-boot-actuator-autoconfigure:3.1.10,63.0
org.slf4j:slf4j-api:2.0.4,org.slf4j:slf4j-api:1.7.26,30.0
org.springframework.boot:spring-boot-actuator-autoconfigure:3.2.1,org.springframework.boot:spring-boot-actuator-autoconfigure:3.3.0,32.0
org.slf4j:slf4j-api:2.0.4,org.slf4j:slf4j-api:1.6.4,38.0
org.springframework.boot:spring-boot-actuator-autoconfigure:3.2.1,org.springframework.boot:spring-boot-actuator-autoconfigure:3.1.2,75.0
org.slf4j:slf4j-api:2.0.4,org.slf4j:slf4j-api:1.5.3,42.0
org.springframework.boot:spring-boot-actuator-autoconfigure:3.2.1,org.springframework.boot:spring-boot-actuator-autoconfigure:3.3.2,32.0
org.springframework.boot:spring-boot-actuator-autoconfigure:3.2.1,org.springframework.boot:spring-boot-actuator-autoconfigure:3.1.4,65.0
org.slf4j:slf4j-api:2.0.4,org.slf4j:slf4j-api:1.6.1,38.0
org.springframework.boot:spring-boot-actuator-autoconfigure:3.2.1,org.springframework.boot:spring-boot-actuator-autoconfigure:3.3.3,32.0
org.slf4j:slf4j-api:2.0.4,org.slf4j:slf4j-api:1.7.7,36.0
org.springframework.boot:spring-boot-actuator-autoconfigure:3.2.1,org.springframework.boot:spring-boot-actuator-autoconfigure:3.1.5,64.0
org.springframework.boot:spring-boot-actuator-autoconfigure:3.2.1,org.springframework.boot:spring-boot-actuator-autoconfigure:3.1.8,62.0
org.apache.tomcat.embed:tomcat-embed-el:10.1.5,org.apache.tomcat.embed:tomcat-embed-el:10.1.28,5.0
org.apache.tomcat.embed:tomcat-embed-el:10.1.5,org.apache.tomcat.embed:tomcat-embed-el:10.1.26,6.0
org.apache.tomcat.embed:tomcat-embed-el:10.1.5,org.apache.tomcat.embed:tomcat-embed-el:10.1.10,4.0
org.springframework.boot:spring-boot-actuator-autoconfigure:3.2.1,org.springframework.boot:spring-boot-actuator-autoconfigure:2.7.16,205.0
org.apache.tomcat.embed:tomcat-embed-el:10.1.5,org.apache.tomcat.embed:tomcat-embed-el:10.1.19,5.0
org.springframework.boot:spring-boot-actuator-autoconfigure:3.2.1,org.springframework.boot:spring-boot-actuator-autoconfigure:2.7.11,210.0
org.apache.tomcat.embed:tomcat-embed-el:10.1.5,org.apache.tomcat.embed:tomcat-embed-el:10.1.13,4.0
org.springframework.boot:spring-boot-actuator-autoconfigure:3.2.1,org.springframework.boot:spring-boot-actuator-autoconfigure:2.7.10,212.0
org.apache.tomcat.embed:tomcat-embed-el:10.1.5,org.apache.tomcat.embed:tomcat-embed-el:10.1.12,4.0
org.apache.tomcat.embed:tomcat-embed-el:10.1.5,org.apache.tomcat.embed:tomcat-embed-el:10.1.11,4.0
org.apache.tomcat.embed:tomcat-embed-el:10.1.5,org.apache.tomcat.embed:tomcat-embed-el:10.1.18,5.0
org.apache.tomcat.embed:tomcat-embed-el:10.1.5,org.apache.tomcat.embed:tomcat-embed-el:10.1.17,5.0
org.apache.tomcat.embed:tomcat-embed-el:10.1.5,org.apache.tomcat.embed:tomcat-embed-el:10.1.16,5.0
io.micrometer:micrometer-jakarta9:1.12.1,io.micrometer:micrometer-jakarta9:1.12.5,0.0
io.micrometer:micrometer-jakarta9:1.12.1,io.micrometer:micrometer-jakarta9:1.12.4,0.0
io.micrometer:micrometer-jakarta9:1.12.1,io.micrometer:micrometer-jakarta9:1.13.3,0.0
io.micrometer:micrometer-jakarta9:1.12.1,io.micrometer:micrometer-jakarta9:1.12.3,0.0
io.micrometer:micrometer-jakarta9:1.12.1,io.micrometer:micrometer-jakarta9:1.13.2,0.0
io.micrometer:micrometer-jakarta9:1.12.1,io.micrometer:micrometer-jakarta9:1.13.1,0.0
org.apache.tomcat.embed:tomcat-embed-core:10.1.5,org.apache.tomcat.embed:tomcat-embed-core:10.1.12,101.0
io.micrometer:micrometer-jakarta9:1.12.1,io.micrometer:micrometer-jakarta9:1.12.2,0.0
io.micrometer:micrometer-jakarta9:1.12.1,io.micrometer:micrometer-jakarta9:1.13.0,0.0
io.micrometer:micrometer-jakarta9:1.12.1,io.micrometer:micrometer-jakarta9:1.12.7,0.0
io.micrometer:micrometer-jakarta9:1.12.1,io.micrometer:micrometer-jakarta9:1.12.6,0.0
io.micrometer:micrometer-jakarta9:1.12.1,io.micrometer:micrometer-jakarta9:1.12.9,0.0
io.micrometer:micrometer-observation:1.12.2,io.micrometer:micrometer-observation:1.12.9,0.0
io.micrometer:micrometer-observation:1.12.2,io.micrometer:micrometer-observation:1.12.8,0.0
io.micrometer:micrometer-observation:1.12.2,io.micrometer:micrometer-observation:1.11.9,3.0
io.micrometer:micrometer-observation:1.12.2,io.micrometer:micrometer-observation:1.11.12,3.0
io.micrometer:micrometer-observation:1.12.2,io.micrometer:micrometer-observation:1.11.0,11.0
io.micrometer:micrometer-observation:1.12.2,io.micrometer:micrometer-observation:1.10.1,18.0
io.micrometer:micrometer-observation:1.12.2,io.micrometer:micrometer-observation:1.10.0,18.0
io.micrometer:micrometer-observation:1.12.2,io.micrometer:micrometer-observation:1.11.2,7.0
org.apache.tomcat.embed:tomcat-embed-core:10.1.5,org.apache.tomcat.embed:tomcat-embed-core:10.1.20,130.0
io.micrometer:micrometer-observation:1.12.2,io.micrometer:micrometer-observation:1.13.0,0.0
org.slf4j:slf4j-api:2.0.4,org.slf4j:slf4j-api:1.7.6,36.0
org.springframework.boot:spring-boot-actuator-autoconfigure:3.2.1,org.springframework.boot:spring-boot-actuator-autoconfigure:2.5.15,249.0
org.slf4j:slf4j-api:2.0.4,org.slf4j:slf4j-api:1.7.28,30.0
org.springframework.boot:spring-boot-actuator-autoconfigure:3.2.1,org.springframework.boot:spring-boot-actuator-autoconfigure:3.0.12,78.0
org.slf4j:slf4j-api:2.0.4,org.slf4j:slf4j-api:1.7.5,37.0
org.springframework.boot:spring-boot-actuator-autoconfigure:3.2.1,org.springframework.boot:spring-boot-actuator-autoconfigure:3.0.13,78.0
org.slf4j:slf4j-api:2.0.4,org.slf4j:slf4j-api:1.7.29,30.0
org.springframework.boot:spring-boot-actuator-autoconfigure:3.2.1,org.springframework.boot:spring-boot-actuator-autoconfigure:3.0.10,81.0
org.slf4j:slf4j-api:2.0.4,org.slf4j:slf4j-api:1.7.22,30.0
org.springframework.boot:spring-boot-actuator-autoconfigure:3.2.1,org.springframework.boot:spring-boot-actuator-autoconfigure:3.0.11,79.0
org.slf4j:slf4j-api:2.0.4,org.slf4j:slf4j-api:2.0.15,2.0
org.springframework.boot:spring-boot-actuator-autoconfigure:3.2.1,org.springframework.boot:spring-boot-actuator-autoconfigure:3.0.7,91.0
org.slf4j:slf4j-api:2.0.4,org.slf4j:slf4j-api:2.0.16,2.0
org.springframework.boot:spring-boot-actuator-autoconfigure:3.2.1,org.springframework.boot:spring-boot-actuator-autoconfigure:3.2.5,3.0
org.slf4j:slf4j-api:2.0.4,org.slf4j:slf4j-api:1.7.21,30.0
org.springframework.boot:spring-boot-actuator-autoconfigure:3.2.1,org.springframework.boot:spring-boot-actuator-autoconfigure:3.3.1,32.0
org.slf4j:slf4j-api:2.0.4,org.slf4j:slf4j-api:2.0.11,3.0
org.springframework.boot:spring-boot-actuator-autoconfigure:3.2.1,org.springframework.boot:spring-boot-actuator-autoconfigure:3.1.3,67.0
org.slf4j:slf4j-api:2.0.4,org.slf4j:slf4j-api:2.0.12,2.0
org.springframework.boot:spring-boot-actuator-autoconfigure:3.2.1,org.springframework.boot:spring-boot-actuator-autoconfigure:3.1.0,77.0
org.springframework.boot:spring-boot-actuator-autoconfigure:3.2.1,org.springframework.boot:spring-boot-actuator-autoconfigure:3.1.1,75.0
org.slf4j:slf4j-api:2.0.4,org.slf4j:slf4j-api:2.0.13,2.0
org.springframework.boot:spring-boot-actuator-autoconfigure:3.2.1,org.springframework.boot:spring-boot-actuator-autoconfigure:3.2.3,3.0
org.slf4j:slf4j-api:2.0.4,org.slf4j:slf4j-api:1.7.35,30.0
org.springframework.boot:spring-boot-actuator-autoconfigure:3.2.1,org.springframework.boot:spring-boot-actuator-autoconfigure:3.0.6,93.0
org.slf4j:slf4j-api:2.0.4,org.slf4j:slf4j-api:1.7.13,34.0
org.springframework.boot:spring-boot-actuator-autoconfigure:3.2.1,org.springframework.boot:spring-boot-actuator-autoconfigure:3.2.4,3.0
org.slf4j:slf4j-api:2.0.4,org.slf4j:slf4j-api:1.7.36,30.0
org.springframework.boot:spring-boot-actuator-autoconfigure:3.2.1,org.springframework.boot:spring-boot-actuator-autoconfigure:3.2.9,3.0
org.springframework.boot:spring-boot-actuator-autoconfigure:3.2.1,org.springframework.boot:spring-boot-actuator-autoconfigure:3.0.9,89.0
org.apache.tomcat.embed:tomcat-embed-core:10.1.5,org.apache.tomcat.embed:tomcat-embed-core:10.1.10,97.0
org.springframework.boot:spring-boot-actuator-autoconfigure:3.2.1,org.springframework.boot:spring-boot-actuator-autoconfigure:3.2.7,3.0
org.springframework.boot:spring-boot-actuator-autoconfigure:3.2.1,org.springframework.boot:spring-boot-actuator-autoconfigure:3.2.8,3.0
io.micrometer:micrometer-jakarta9:1.12.1,io.micrometer:micrometer-jakarta9:1.12.8,0.0
org.springframework.boot:spring-boot-actuator-autoconfigure:3.2.1,org.springframework.boot:spring-boot-actuator-autoconfigure:3.0.8,89.0
org.springframework.boot:spring-boot-actuator-autoconfigure:3.2.1,org.springframework.boot:spring-boot-actuator-autoconfigure:3.2.6,3.0
org.springframework.boot:spring-boot-actuator-autoconfigure:3.2.1,org.springframework.boot:spring-boot-actuator-autoconfigure:3.0.5,98.0
org.springframework.boot:spring-boot-starter:3.2.1,org.springframework.boot:spring-boot-starter:3.1.4,0.0
org.springframework.boot:spring-boot-starter:3.2.1,org.springframework.boot:spring-boot-starter:3.3.3,0.0
org.springframework.boot:spring-boot-starter:3.2.1,org.springframework.boot:spring-boot-starter:3.1.5,0.0
org.springframework.boot:spring-boot-starter:3.2.1,org.springframework.boot:spring-boot-starter:2.7.7,0.0
org.springframework.boot:spring-boot-starter:3.2.1,org.springframework.boot:spring-boot-starter:2.7.8,0.0
org.springframework.boot:spring-boot-starter:3.2.1,org.springframework.boot:spring-boot-starter:2.7.9,0.0
org.springframework.boot:spring-boot-starter:3.2.1,org.springframework.boot:spring-boot-starter:2.7.6,0.0
org.springframework.boot:spring-boot-starter:3.2.1,org.springframework.boot:spring-boot-starter:3.1.11,0.0
org.springframework.boot:spring-boot-starter:3.2.1,org.springframework.boot:spring-boot-starter:3.1.12,0.0
org.springframework.boot:spring-boot-starter:3.2.1,org.springframework.boot:spring-boot-starter:3.1.10,0.0
org.springframework.boot:spring-boot-starter:3.2.1,org.springframework.boot:spring-boot-starter:2.7.10,0.0
org.springframework.boot:spring-boot-starter:3.2.1,org.springframework.boot:spring-boot-starter:2.7.11,0.0
org.springframework.boot:spring-boot-starter:3.2.1,org.springframework.boot:spring-boot-starter:2.7.12,0.0
org.springframework.boot:spring-boot-starter:3.2.1,org.springframework.boot:spring-boot-starter:2.7.13,0.0
org.springframework.boot:spring-boot-starter:3.2.1,org.springframework.boot:spring-boot-starter:2.7.14,0.0
org.springframework.boot:spring-boot-starter:3.2.1,org.springframework.boot:spring-boot-starter:2.7.15,0.0
org.springframework.boot:spring-boot-starter:3.2.1,org.springframework.boot:spring-boot-starter:2.7.16,0.0
org.springframework.boot:spring-boot-starter:3.2.1,org.springframework.boot:spring-boot-starter:2.7.17,0.0
org.springframework.boot:spring-boot-actuator-autoconfigure:3.2.1,org.springframework.boot:spring-boot-actuator-autoconfigure:3.0.0,103.0
org.springframework.boot:spring-boot-starter:3.2.1,org.springframework.boot:spring-boot-starter:3.2.4,0.0
org.springframework.boot:spring-boot-starter:3.2.1,org.springframework.boot:spring-boot-starter:3.0.0,0.0
org.springframework.boot:spring-boot-starter:3.2.1,org.springframework.boot:spring-boot-starter:2.6.14,0.0
org.springframework.boot:spring-boot-starter:3.2.1,org.springframework.boot:spring-boot-starter:2.6.15,0.0
org.springframework.boot:spring-boot-starter:3.2.1,org.springframework.boot:spring-boot-starter:2.5.15,0.0
org.springframework.boot:spring-boot-starter:3.2.1,org.springframework.boot:spring-boot-starter:3.0.12,0.0
org.springframework.boot:spring-boot-starter:3.2.1,org.springframework.boot:spring-boot-starter:3.0.13,0.0
org.springframework.boot:spring-boot-starter:3.2.1,org.springframework.boot:spring-boot-starter:3.1.8,0.0
org.springframework.boot:spring-boot-starter:3.2.1,org.springframework.boot:spring-boot-starter:3.1.9,0.0
org.springframework.boot:spring-boot-starter:3.2.1,org.springframework.boot:spring-boot-starter:3.0.10,0.0
org.springframework.boot:spring-boot-starter:3.2.1,org.springframework.boot:spring-boot-starter:3.0.6,0.0
org.springframework.boot:spring-boot-starter:3.2.1,org.springframework.boot:spring-boot-starter:3.0.11,0.0
org.springframework.boot:spring-boot-starter:3.2.1,org.springframework.boot:spring-boot-starter:3.3.0,0.0
org.springframework.boot:spring-boot-starter:3.2.1,org.springframework.boot:spring-boot-starter:3.1.2,0.0
org.springframework.boot:spring-boot-starter:3.2.1,org.springframework.boot:spring-boot-starter:3.3.1,0.0
org.springframework.boot:spring-boot-starter:3.2.1,org.springframework.boot:spring-boot-starter:3.1.3,0.0
org.springframework.boot:spring-boot-starter:3.2.1,org.springframework.boot:spring-boot-starter:3.1.0,0.0
org.springframework.boot:spring-boot-starter:3.2.1,org.springframework.boot:spring-boot-starter:3.1.1,0.0
org.springframework.boot:spring-boot-starter:3.2.1,org.springframework.boot:spring-boot-starter:3.1.6,0.0
org.springframework.boot:spring-boot-starter:3.2.1,org.springframework.boot:spring-boot-starter:3.1.7,0.0
org.springframework.boot:spring-boot-starter:3.2.1,org.springframework.boot:spring-boot-starter:3.3.2,0.0
org.springframework.boot:spring-boot-actuator-autoconfigure:3.2.1,org.springframework.boot:spring-boot-actuator-autoconfigure:2.7.18,204.0
org.springframework.boot:spring-boot-actuator-autoconfigure:3.2.1,org.springframework.boot:spring-boot-actuator-autoconfigure:3.0.3,98.0
org.springframework.boot:spring-boot-actuator-autoconfigure:3.2.1,org.springframework.boot:spring-boot-actuator-autoconfigure:2.7.15,205.0
org.springframework.boot:spring-boot-actuator-autoconfigure:3.2.1,org.springframework.boot:spring-boot-actuator-autoconfigure:3.0.4,98.0
org.springframework.boot:spring-boot-actuator-autoconfigure:3.2.1,org.springframework.boot:spring-boot-actuator-autoconfigure:2.7.14,208.0
org.springframework.boot:spring-boot-actuator-autoconfigure:3.2.1,org.springframework.boot:spring-boot-actuator-autoconfigure:3.2.2,2.0
org.springframework.boot:spring-boot-actuator-autoconfigure:3.2.1,org.springframework.boot:spring-boot-actuator-autoconfigure:3.0.1,102.0
org.springframework.boot:spring-boot-actuator-autoconfigure:3.2.1,org.springframework.boot:spring-boot-actuator-autoconfigure:2.7.17,204.0
org.springframework.boot:spring-boot-actuator-autoconfigure:3.2.1,org.springframework.boot:spring-boot-actuator-autoconfigure:3.0.2,100.0
org.apache.tomcat.embed:tomcat-embed-core:8.5.93,org.apache.tomcat.embed:tomcat-embed-core:10.1.12,596.0
org.apache.tomcat.embed:tomcat-embed-core:8.5.93,org.apache.tomcat.embed:tomcat-embed-core:9.0.79,264.0
org.apache.tomcat.embed:tomcat-embed-core:8.5.93,org.apache.tomcat.embed:tomcat-embed-core:9.0.78,266.0
org.apache.tomcat.embed:tomcat-embed-core:8.5.93,org.apache.tomcat.embed:tomcat-embed-core:9.0.76,271.0
org.apache.tomcat.embed:tomcat-embed-core:8.5.93,org.apache.tomcat.embed:tomcat-embed-core:9.0.75,296.0
org.apache.tomcat.embed:tomcat-embed-core:8.5.93,org.apache.tomcat.embed:tomcat-embed-core:9.0.74,299.0
org.apache.tomcat.embed:tomcat-embed-core:8.5.93,org.apache.tomcat.embed:tomcat-embed-core:9.0.73,306.0
org.apache.tomcat.embed:tomcat-embed-core:8.5.93,org.apache.tomcat.embed:tomcat-embed-core:8.5.95,14.0
org.apache.tomcat.embed:tomcat-embed-core:8.5.93,org.apache.tomcat.embed:tomcat-embed-core:8.5.72,217.0
org.eclipse.jetty:jetty-client:9.4.52.v20230823,org.eclipse.jetty:jetty-client:9.4.53.v20231009,0.0
org.eclipse.jetty:jetty-client:9.4.52.v20230823,org.eclipse.jetty:jetty-client:9.4.55.v20240627,0.0
org.eclipse.jetty:jetty-client:9.4.52.v20230823,org.eclipse.jetty:jetty-client:9.4.40.v20210413,12.0
org.eclipse.jetty:jetty-client:9.4.52.v20230823,org.eclipse.jetty:jetty-client:9.4.33.v20201020,14.0
org.eclipse.jetty:jetty-client:9.4.52.v20230823,org.eclipse.jetty:jetty-client:9.4.54.v20240208,0.0
org.eclipse.jetty:jetty-client:9.4.52.v20230823,org.eclipse.jetty:jetty-client:9.4.51.v20230217,0.0
org.eclipse.jetty:jetty-client:9.4.52.v20230823,org.eclipse.jetty:jetty-client:9.4.49.v20220914,0.0
org.apache.tomcat.embed:tomcat-embed-core:8.5.93,org.apache.tomcat.embed:tomcat-embed-core:8.5.69,234.0
org.apache.tomcat.embed:tomcat-embed-core:8.5.93,org.apache.tomcat.embed:tomcat-embed-core:10.1.10,602.0
org.apache.tomcat.embed:tomcat-embed-core:8.5.93,org.apache.tomcat.embed:tomcat-embed-core:8.5.65,249.0
org.apache.tomcat.embed:tomcat-embed-core:8.5.93,org.apache.tomcat.embed:tomcat-embed-core:8.5.87,72.0
org.apache.tomcat.embed:tomcat-embed-core:8.5.93,org.apache.tomcat.embed:tomcat-embed-core:8.5.46,408.0
org.apache.tomcat.embed:tomcat-embed-core:8.5.93,org.apache.tomcat.embed:tomcat-embed-core:9.0.82,266.0
org.apache.tomcat.embed:tomcat-embed-core:8.5.93,org.apache.tomcat.embed:tomcat-embed-core:9.0.80,264.0
org.jetbrains.kotlin:kotlin-stdlib:1.6.21,org.jetbrains.kotlin:kotlin-stdlib:1.5.32,50.0
org.jetbrains.kotlin:kotlin-stdlib:1.6.21,org.jetbrains.kotlin:kotlin-stdlib:1.5.31,50.0
org.jetbrains.kotlin:kotlin-stdlib:1.6.21,org.jetbrains.kotlin:kotlin-stdlib:1.4.32,79.0
org.jetbrains.kotlin:kotlin-stdlib:1.6.21,org.jetbrains.kotlin:kotlin-stdlib:1.4.10,85.0
org.jetbrains.kotlin:kotlin-stdlib:1.6.21,org.jetbrains.kotlin:kotlin-stdlib:1.4.0,85.0
org.jetbrains.kotlin:kotlin-stdlib:1.6.21,org.jetbrains.kotlin:kotlin-stdlib:1.6.0,6.0
org.springframework:spring-beans:5.3.29,org.springframework:spring-beans:5.3.31,1.0
org.springframework:spring-beans:5.3.29,org.springframework:spring-beans:6.0.21,49.0
org.springframework:spring-beans:5.3.29,org.springframework:spring-beans:6.0.20,49.0
org.springframework:spring-beans:5.3.29,org.springframework:spring-beans:6.1.3,54.0
org.springframework:spring-beans:5.3.29,org.springframework:spring-beans:6.1.2,54.0
org.springframework:spring-beans:5.3.29,org.springframework:spring-beans:5.3.15,7.0
org.springframework:spring-beans:5.3.29,org.springframework:spring-beans:6.1.5,55.0
org.springframework:spring-beans:5.3.29,org.springframework:spring-beans:6.1.4,55.0
org.springframework:spring-beans:5.3.29,org.springframework:spring-beans:6.1.7,55.0
org.springframework:spring-beans:5.3.29,org.springframework:spring-beans:5.3.18,3.0
org.springframework:spring-beans:5.3.29,org.springframework:spring-beans:5.3.19,3.0
org.springframework:spring-beans:5.3.29,org.springframework:spring-beans:6.1.9,55.0
org.springframework:spring-beans:5.3.29,org.springframework:spring-beans:6.1.8,55.0
org.springframework:spring-beans:5.3.29,org.springframework:spring-beans:5.3.17,3.0
org.springframework:spring-beans:5.3.29,org.springframework:spring-beans:6.0.18,49.0
org.springframework:spring-beans:5.3.29,org.springframework:spring-beans:6.1.1,54.0
org.springframework:spring-beans:5.3.29,org.springframework:spring-beans:6.1.0,54.0
org.springframework:spring-beans:5.3.29,org.springframework:spring-beans:6.0.15,49.0
org.springframework:spring-beans:5.3.29,org.springframework:spring-beans:5.3.4,13.0
org.springframework:spring-beans:5.3.29,org.springframework:spring-beans:6.0.14,49.0
org.springframework:spring-beans:5.3.29,org.springframework:spring-beans:6.0.4,47.0
org.springframework:spring-beans:5.3.29,org.springframework:spring-beans:6.0.3,46.0
org.jetbrains.kotlin:kotlin-stdlib:1.6.21,org.jetbrains.kotlin:kotlin-stdlib:1.6.20,0.0
org.jetbrains.kotlin:kotlin-stdlib:1.6.21,org.jetbrains.kotlin:kotlin-stdlib:1.5.30,50.0
org.jetbrains.kotlin:kotlin-stdlib:1.6.21,org.jetbrains.kotlin:kotlin-stdlib:1.4.21,84.0
org.jetbrains.kotlin:kotlin-stdlib:1.6.21,org.jetbrains.kotlin:kotlin-stdlib:1.3.31,225.0
org.springframework:spring-beans:5.3.29,org.springframework:spring-beans:6.1.11,55.0
org.springframework:spring-beans:5.3.29,org.springframework:spring-beans:6.1.12,55.0
org.springframework:spring-beans:5.3.29,org.springframework:spring-beans:6.1.10,55.0
org.springframework:spring-beans:5.3.29,org.springframework:spring-beans:6.0.2,45.0
org.springframework:spring-beans:5.3.29,org.springframework:spring-beans:6.0.6,47.0
org.springframework:spring-beans:5.3.29,org.springframework:spring-beans:6.0.5,47.0
org.springframework:spring-beans:5.3.29,org.springframework:spring-beans:3.0.3.RELEASE,151.0
org.springframework:spring-beans:5.3.29,org.springframework:spring-beans:6.0.8,48.0
org.springframework:spring-beans:5.3.29,org.springframework:spring-beans:6.0.7,48.0
org.springframework:spring-beans:5.3.29,org.springframework:spring-beans:6.0.9,48.0
org.springframework:spring-beans:5.3.29,org.springframework:spring-beans:5.3.9,12.0
org.springframework:spring-beans:5.3.29,org.springframework:spring-beans:6.0.0,45.0
org.springframework:spring-beans:5.3.29,org.springframework:spring-beans:5.3.30,1.0
io.netty:netty-transport:4.1.86.Final,io.netty:netty-transport:4.1.91.Final,1.0
commons-logging:commons-logging:1.2,commons-logging:commons-logging:1.1.1,3.0
commons-logging:commons-logging:1.2,commons-logging:commons-logging:1.0.3,12.0
commons-logging:commons-logging:1.2,commons-logging:commons-logging:1.0.4,8.0
commons-logging:commons-logging:1.2,commons-logging:commons-logging:1.1.3,1.0
io.projectreactor.tools:blockhound:1.0.6.RELEASE,io.projectreactor.tools:blockhound:1.0.3.RELEASE,254.0
org.slf4j:slf4j-api:1.7.30,org.slf4j:slf4j-api:1.7.33,0.0
org.slf4j:slf4j-api:1.7.30,org.slf4j:slf4j-api:1.7.12,13.0
org.slf4j:slf4j-api:1.7.30,org.slf4j:slf4j-api:1.7.32,0.0
org.slf4j:slf4j-api:1.7.30,org.slf4j:slf4j-api:1.7.10,13.0
org.slf4j:slf4j-api:1.7.30,org.slf4j:slf4j-api:2.0.7,13.0
org.slf4j:slf4j-api:1.7.30,org.slf4j:slf4j-api:2.0.6,13.0
org.slf4j:slf4j-api:1.7.30,org.slf4j:slf4j-api:2.0.9,13.0
org.slf4j:slf4j-api:1.7.30,org.slf4j:slf4j-api:2.0.3,13.0
org.slf4j:slf4j-api:1.7.30,org.slf4j:slf4j-api:2.0.2,13.0
org.slf4j:slf4j-api:1.7.30,org.slf4j:slf4j-api:2.0.4,13.0
org.slf4j:slf4j-api:1.7.30,org.slf4j:slf4j-api:1.7.26,2.0
org.slf4j:slf4j-api:1.7.30,org.slf4j:slf4j-api:1.6.4,19.0
org.slf4j:slf4j-api:1.7.30,org.slf4j:slf4j-api:1.5.3,23.0
org.slf4j:slf4j-api:1.7.30,org.slf4j:slf4j-api:1.6.1,18.0
org.slf4j:slf4j-api:1.7.30,org.slf4j:slf4j-api:1.7.7,15.0
org.slf4j:slf4j-api:1.7.30,org.slf4j:slf4j-api:1.7.6,15.0
org.slf4j:slf4j-api:1.7.30,org.slf4j:slf4j-api:1.7.28,2.0
org.slf4j:slf4j-api:1.7.30,org.slf4j:slf4j-api:1.7.5,16.0
org.slf4j:slf4j-api:1.7.30,org.slf4j:slf4j-api:1.7.29,0.0
io.netty:netty-transport-native-unix-common:4.1.86.Final,io.netty:netty-transport-native-unix-common:4.1.81.Final,0.0
org.springframework:spring-core:5.3.9,org.springframework:spring-core:6.0.3,137.0
org.springframework:spring-core:5.3.9,org.springframework:spring-core:6.0.2,136.0
org.springframework:spring-core:5.3.9,org.springframework:spring-core:6.0.0,136.0
org.springframework:spring-core:5.3.9,org.springframework:spring-core:6.1.12,173.0
org.jetbrains.kotlin:kotlin-stdlib:1.9.21,org.jetbrains.kotlin:kotlin-stdlib:1.5.32,199.0
org.springframework:spring-core:5.3.9,org.springframework:spring-core:6.1.11,173.0
org.springframework:spring-core:5.3.9,org.springframework:spring-core:6.1.10,173.0
org.jetbrains.kotlin:kotlin-stdlib:1.9.21,org.jetbrains.kotlin:kotlin-stdlib:1.5.31,199.0
org.springframework:spring-core:5.3.9,org.springframework:spring-core:5.3.31,34.0
org.jetbrains.kotlin:kotlin-stdlib:1.9.21,org.jetbrains.kotlin:kotlin-stdlib:1.6.20,159.0
org.springframework:spring-core:5.3.9,org.springframework:spring-core:5.3.30,33.0
org.jetbrains.kotlin:kotlin-stdlib:1.9.21,org.jetbrains.kotlin:kotlin-stdlib:1.5.30,199.0
org.springframework:spring-core:5.3.9,org.springframework:spring-core:5.3.24,24.0
org.jetbrains.kotlin:kotlin-stdlib:1.9.21,org.jetbrains.kotlin:kotlin-stdlib:1.8.20,70.0
org.springframework:spring-core:5.3.9,org.springframework:spring-core:5.3.23,24.0
org.jetbrains.kotlin:kotlin-stdlib:1.9.21,org.jetbrains.kotlin:kotlin-stdlib:1.4.21,223.0
org.jetbrains.kotlin:kotlin-stdlib:1.9.21,org.jetbrains.kotlin:kotlin-stdlib:1.6.0,165.0
org.jetbrains.kotlin:kotlin-stdlib:1.9.21,org.jetbrains.kotlin:kotlin-stdlib:1.8.21,70.0
org.jetbrains.kotlin:kotlin-stdlib:1.9.21,org.jetbrains.kotlin:kotlin-stdlib:1.8.22,70.0
io.netty:netty-transport-native-unix-common:4.1.86.Final,io.netty:netty-transport-native-unix-common:4.1.84.Final,0.0
io.netty:netty-transport-native-unix-common:4.1.86.Final,io.netty:netty-transport-native-unix-common:4.1.82.Final,0.0
io.netty:netty-transport-native-unix-common:4.1.86.Final,io.netty:netty-transport-native-unix-common:4.1.79.Final,2.0
io.netty:netty-transport-native-unix-common:4.1.86.Final,io.netty:netty-transport-native-unix-common:4.1.104.Final,3.0
io.netty:netty-transport:4.1.86.Final,io.netty:netty-transport:4.1.79.Final,6.0
org.springframework:spring-core:5.3.9,org.springframework:spring-core:6.1.5,172.0
org.springframework:spring-core:5.3.9,org.springframework:spring-core:6.1.4,171.0
org.springframework:spring-core:5.3.9,org.springframework:spring-core:5.3.20,18.0
org.springframework:spring-core:5.3.9,org.springframework:spring-core:3.0.3.RELEASE,608.0
org.jetbrains.kotlin:kotlin-stdlib:1.9.22,org.jetbrains.kotlin:kotlin-stdlib:1.7.22,125.0
org.springframework:spring-core:5.3.9,org.springframework:spring-core:5.3.17,9.0
org.jetbrains.kotlin:kotlin-stdlib:1.9.22,org.jetbrains.kotlin:kotlin-stdlib:1.9.25,0.0
org.springframework:spring-core:5.3.9,org.springframework:spring-core:5.3.15,6.0
org.jetbrains.kotlin:kotlin-stdlib:1.9.22,org.jetbrains.kotlin:kotlin-stdlib:1.9.24,0.0
org.springframework:spring-core:5.3.9,org.springframework:spring-core:5.3.19,11.0
org.jetbrains.kotlin:kotlin-stdlib:1.9.22,org.jetbrains.kotlin:kotlin-stdlib:1.4.30,218.0
org.springframework:spring-core:5.3.9,org.springframework:spring-core:5.3.18,10.0
org.jetbrains.kotlin:kotlin-stdlib:1.9.22,org.jetbrains.kotlin:kotlin-stdlib:1.5.21,201.0
org.springframework:spring-core:5.3.9,org.springframework:spring-core:5.2.0.RELEASE,78.0
org.jetbrains.kotlin:kotlin-stdlib:1.9.22,org.jetbrains.kotlin:kotlin-stdlib:1.6.10,165.0
org.springframework:spring-core:5.3.9,org.springframework:spring-core:6.0.4,137.0
org.jetbrains.kotlin:kotlin-stdlib:1.9.21,org.jetbrains.kotlin:kotlin-stdlib:1.3.31,336.0
org.jetbrains.kotlin:kotlin-stdlib:1.9.22,org.jetbrains.kotlin:kotlin-stdlib:1.8.10,81.0
org.jetbrains.kotlin:kotlin-stdlib:1.9.22,org.jetbrains.kotlin:kotlin-stdlib:1.9.23,0.0
io.netty:netty-transport:4.1.86.Final,io.netty:netty-transport:4.1.94.Final,1.0
io.netty:netty-transport:4.1.86.Final,io.netty:netty-transport:4.1.84.Final,1.0
io.netty:netty-transport:4.1.86.Final,io.netty:netty-transport:4.1.51.Final,36.0
io.netty:netty-transport:4.1.86.Final,io.netty:netty-transport:4.1.111.Final,7.0
io.netty:netty-transport:4.1.86.Final,io.netty:netty-transport:4.1.106.Final,3.0
io.netty:netty-transport:4.1.86.Final,io.netty:netty-transport:4.1.99.Final,2.0
io.netty:netty-transport:4.1.86.Final,io.netty:netty-transport:4.1.89.Final,0.0
org.jetbrains.kotlin:kotlin-stdlib:1.9.21,org.jetbrains.kotlin:kotlin-stdlib:1.8.10,81.0
org.jetbrains.kotlin:kotlin-stdlib:1.9.21,org.jetbrains.kotlin:kotlin-stdlib:1.9.23,0.0
org.jetbrains.kotlin:kotlin-stdlib:1.9.21,org.jetbrains.kotlin:kotlin-stdlib:1.9.22,0.0
org.jetbrains.kotlin:kotlin-stdlib:1.9.21,org.jetbrains.kotlin:kotlin-stdlib:1.7.22,125.0
io.netty:netty-transport:4.1.86.Final,io.netty:netty-transport:4.1.97.Final,2.0
io.netty:netty-transport:4.1.86.Final,io.netty:netty-transport:4.1.87.Final,0.0
io.netty:netty-transport:4.1.86.Final,io.netty:netty-transport:4.1.5.Final,82.0
io.netty:netty-transport:4.1.86.Final,io.netty:netty-transport:4.1.92.Final,1.0
io.netty:netty-transport:4.1.86.Final,io.netty:netty-transport:4.1.82.Final,3.0
io.netty:netty-transport:4.1.86.Final,io.netty:netty-transport:4.1.108.Final,4.0
io.netty:netty-transport:4.1.86.Final,io.netty:netty-transport:4.1.17.Final,65.0
io.netty:netty-transport:4.1.86.Final,io.netty:netty-transport:4.1.75.Final,12.0
io.netty:netty-transport:4.1.86.Final,io.netty:netty-transport:4.1.93.Final,1.0
org.springframework:spring-core:5.3.9,org.springframework:spring-core:5.3.22,23.0
org.springframework:spring-core:5.3.9,org.springframework:spring-core:5.3.28,28.0
org.springframework:spring-core:5.3.9,org.springframework:spring-core:5.3.26,26.0
org.springframework:spring-core:5.3.9,org.springframework:spring-core:5.3.25,25.0
org.springframework:spring-core:5.3.9,org.springframework:spring-core:6.0.9,146.0
org.springframework:spring-core:5.3.9,org.springframework:spring-core:5.3.29,28.0
org.jetbrains.kotlin:kotlin-stdlib:1.9.21,org.jetbrains.kotlin:kotlin-stdlib:1.2.51,426.0
org.springframework:spring-core:5.3.9,org.springframework:spring-core:6.0.8,144.0
org.jetbrains.kotlin:kotlin-stdlib:1.9.21,org.jetbrains.kotlin:kotlin-stdlib:1.9.20,0.0
org.springframework:spring-core:5.3.9,org.springframework:spring-core:6.0.7,144.0
org.jetbrains.kotlin:kotlin-stdlib:1.9.21,org.jetbrains.kotlin:kotlin-stdlib:1.4.32,218.0
org.springframework:spring-core:5.3.9,org.springframework:spring-core:6.0.6,144.0
org.jetbrains.kotlin:kotlin-stdlib:1.9.21,org.jetbrains.kotlin:kotlin-stdlib:1.4.10,224.0
org.jetbrains.kotlin:kotlin-stdlib:1.9.21,org.jetbrains.kotlin:kotlin-stdlib:1.4.0,224.0
org.jetbrains.kotlin:kotlin-stdlib:1.9.21,org.jetbrains.kotlin:kotlin-stdlib:1.9.25,0.0
org.jetbrains.kotlin:kotlin-stdlib:1.9.21,org.jetbrains.kotlin:kotlin-stdlib:1.9.24,0.0
org.jetbrains.kotlin:kotlin-stdlib:1.9.21,org.jetbrains.kotlin:kotlin-stdlib:1.4.30,218.0
org.jetbrains.kotlin:kotlin-stdlib:1.9.21,org.jetbrains.kotlin:kotlin-stdlib:1.5.21,201.0
org.jetbrains.kotlin:kotlin-stdlib:1.9.21,org.jetbrains.kotlin:kotlin-stdlib:1.6.10,165.0
io.netty:netty-transport:4.1.86.Final,io.netty:netty-transport:4.1.110.Final,6.0
io.netty:netty-transport:4.1.86.Final,io.netty:netty-transport:4.1.70.Final,14.0
io.netty:netty-transport:4.1.86.Final,io.netty:netty-transport:4.1.112.Final,7.0
io.netty:netty-transport:4.1.86.Final,io.netty:netty-transport:4.1.85.Final,0.0
io.netty:netty-transport:4.1.86.Final,io.netty:netty-transport:4.1.39.Final,46.0
io.netty:netty-transport:4.1.86.Final,io.netty:netty-transport:4.1.104.Final,3.0
io.netty:netty-transport:4.1.86.Final,io.netty:netty-transport:4.1.81.Final,3.0
io.netty:netty-transport:4.1.86.Final,io.netty:netty-transport:4.1.43.Final,44.0
io.netty:netty-transport:4.1.86.Final,io.netty:netty-transport:4.1.96.Final,2.0
io.netty:netty-transport:4.1.86.Final,io.netty:netty-transport:4.1.109.Final,5.0
org.apache.logging.log4j:log4j-api:2.17.1,org.apache.logging.log4j:log4j-api:2.23.1,30.0
org.apache.logging.log4j:log4j-api:2.17.1,org.apache.logging.log4j:log4j-api:2.12.1,18.0
org.apache.logging.log4j:log4j-api:2.17.1,org.apache.logging.log4j:log4j-api:2.7,78.0
org.apache.logging.log4j:log4j-api:2.17.1,org.apache.logging.log4j:log4j-api:2.11.1,28.0
org.apache.logging.log4j:log4j-api:2.17.1,org.apache.logging.log4j:log4j-api:2.21.1,27.0
org.jetbrains.kotlin:kotlin-stdlib:1.9.25,org.jetbrains.kotlin:kotlin-stdlib:1.5.30,199.0
org.jetbrains.kotlin:kotlin-stdlib:1.9.25,org.jetbrains.kotlin:kotlin-stdlib:1.8.20,70.0
org.jetbrains.kotlin:kotlin-stdlib:1.9.25,org.jetbrains.kotlin:kotlin-stdlib:1.4.21,223.0
org.jetbrains.kotlin:kotlin-stdlib:1.9.25,org.jetbrains.kotlin:kotlin-stdlib:1.3.31,336.0
io.netty:netty-transport-native-unix-common:4.1.75.Final,io.netty:netty-transport-native-unix-common:4.1.104.Final,5.0
org.jetbrains.kotlin:kotlin-stdlib:1.9.23,org.jetbrains.kotlin:kotlin-stdlib:1.8.10,81.0
io.netty:netty-common:4.1.75.Final,io.netty:netty-common:4.1.5.Final,157.0
org.jetbrains.kotlin:kotlin-stdlib:1.9.23,org.jetbrains.kotlin:kotlin-stdlib:1.7.22,125.0
io.netty:netty-common:4.1.75.Final,io.netty:netty-common:4.1.85.Final,12.0
org.jetbrains.kotlin:kotlin-stdlib:1.9.23,org.jetbrains.kotlin:kotlin-stdlib:1.9.25,0.0
io.netty:netty-common:4.1.75.Final,io.netty:netty-common:4.1.109.Final,19.0
org.jetbrains.kotlin:kotlin-stdlib:1.9.25,org.jetbrains.kotlin:kotlin-stdlib:1.6.20,159.0
io.netty:netty-common:4.1.75.Final,io.netty:netty-common:4.1.104.Final,19.0
io.netty:netty-common:4.1.75.Final,io.netty:netty-common:4.1.112.Final,26.0
org.apache.logging.log4j:log4j-api:2.17.1,org.apache.logging.log4j:log4j-api:2.19.0,17.0
org.apache.logging.log4j:log4j-api:2.17.1,org.apache.logging.log4j:log4j-api:2.17.2,9.0
org.apache.logging.log4j:log4j-api:2.17.1,org.apache.logging.log4j:log4j-api:2.14.1,6.0
org.apache.logging.log4j:log4j-api:2.17.1,org.apache.logging.log4j:log4j-api:2.13.3,11.0
org.springframework:spring-beans:6.1.0,org.springframework:spring-beans:6.1.12,11.0
org.springframework:spring-beans:6.1.0,org.springframework:spring-beans:6.1.10,11.0
org.springframework:spring-beans:6.1.0,org.springframework:spring-beans:6.0.4,29.0
org.springframework:spring-beans:6.1.0,org.springframework:spring-beans:6.0.3,30.0
org.jetbrains.kotlin:kotlin-stdlib:1.9.23,org.jetbrains.kotlin:kotlin-stdlib:1.9.24,0.0
org.jetbrains.kotlin:kotlin-stdlib:1.9.23,org.jetbrains.kotlin:kotlin-stdlib:1.4.30,218.0
org.jetbrains.kotlin:kotlin-stdlib:1.9.23,org.jetbrains.kotlin:kotlin-stdlib:1.5.21,201.0
org.jetbrains.kotlin:kotlin-stdlib:1.9.23,org.jetbrains.kotlin:kotlin-stdlib:1.6.10,165.0
org.jetbrains.kotlin:kotlin-stdlib:1.9.23,org.jetbrains.kotlin:kotlin-stdlib:1.2.51,426.0
org.jetbrains.kotlin:kotlin-stdlib:1.9.23,org.jetbrains.kotlin:kotlin-stdlib:1.9.20,0.0
io.netty:netty-transport-native-unix-common:4.1.75.Final,io.netty:netty-transport-native-unix-common:4.1.39.Final,13.0
org.jetbrains.kotlin:kotlin-stdlib:1.9.23,org.jetbrains.kotlin:kotlin-stdlib:1.4.32,218.0
org.jetbrains.kotlin:kotlin-stdlib:1.9.23,org.jetbrains.kotlin:kotlin-stdlib:1.4.10,224.0
org.jetbrains.kotlin:kotlin-stdlib:1.9.23,org.jetbrains.kotlin:kotlin-stdlib:1.4.0,224.0
org.apache.logging.log4j:log4j-api:2.17.1,org.apache.logging.log4j:log4j-api:2.6.2,87.0
org.apache.logging.log4j:log4j-api:2.17.1,org.apache.logging.log4j:log4j-api:2.20.0,25.0
org.apache.logging.log4j:log4j-1.2-api:2.17.1,org.apache.logging.log4j:log4j-1.2-api:2.14.1,5.0
org.apache.logging.log4j:log4j-1.2-api:2.17.1,org.apache.logging.log4j:log4j-1.2-api:2.17.2,36.0
org.springframework:spring-beans:6.1.0,org.springframework:spring-beans:6.1.11,11.0
org.springframework:spring-beans:6.1.0,org.springframework:spring-beans:6.0.0,31.0
org.springframework:spring-beans:6.1.0,org.springframework:spring-beans:5.3.30,88.0
org.springframework:spring-beans:6.1.0,org.springframework:spring-beans:6.0.2,31.0
io.netty:netty-common:4.1.75.Final,io.netty:netty-common:4.1.100.Final,19.0
io.netty:netty-common:4.1.75.Final,io.netty:netty-common:4.1.39.Final,99.0
org.jetbrains.kotlin:kotlin-stdlib:1.9.25,org.jetbrains.kotlin:kotlin-stdlib:1.7.22,125.0
io.netty:netty-common:4.1.75.Final,io.netty:netty-common:4.1.108.Final,19.0
io.netty:netty-common:4.1.75.Final,io.netty:netty-common:4.1.96.Final,19.0
org.jetbrains.kotlin:kotlin-stdlib:1.9.25,org.jetbrains.kotlin:kotlin-stdlib:1.9.24,0.0
io.netty:netty-common:4.1.75.Final,io.netty:netty-common:4.1.51.Final,52.0
org.jetbrains.kotlin:kotlin-stdlib:1.9.25,org.jetbrains.kotlin:kotlin-stdlib:1.4.30,218.0
io.netty:netty-common:4.1.75.Final,io.netty:netty-common:4.1.81.Final,10.0
org.jetbrains.kotlin:kotlin-stdlib:1.9.25,org.jetbrains.kotlin:kotlin-stdlib:1.5.21,201.0
io.netty:netty-common:4.1.75.Final,io.netty:netty-common:4.1.91.Final,16.0
org.jetbrains.kotlin:kotlin-stdlib:1.9.25,org.jetbrains.kotlin:kotlin-stdlib:1.6.10,165.0
io.netty:netty-common:4.1.75.Final,io.netty:netty-common:4.1.86.Final,12.0
io.netty:netty-common:4.1.75.Final,io.netty:netty-common:4.1.94.Final,19.0
org.jetbrains.kotlin:kotlin-stdlib:1.9.25,org.jetbrains.kotlin:kotlin-stdlib:1.2.51,426.0
io.netty:netty-common:4.1.75.Final,io.netty:netty-common:4.1.84.Final,10.0
org.springframework:spring-beans:6.1.0,org.springframework:spring-beans:6.0.5,29.0
org.springframework:spring-beans:6.1.0,org.springframework:spring-beans:3.0.3.RELEASE,195.0
org.springframework:spring-beans:6.1.0,org.springframework:spring-beans:6.0.8,26.0
org.springframework:spring-beans:6.1.0,org.springframework:spring-beans:6.0.7,27.0
org.springframework:spring-beans:6.1.0,org.springframework:spring-beans:6.0.9,25.0
org.springframework:spring-beans:6.1.0,org.springframework:spring-beans:5.3.9,93.0
org.springframework:spring-beans:6.1.0,org.springframework:spring-beans:6.1.7,10.0
org.springframework:spring-beans:6.1.0,org.springframework:spring-beans:5.3.18,89.0
org.jetbrains.kotlin:kotlin-stdlib:1.9.25,org.jetbrains.kotlin:kotlin-stdlib:1.4.10,224.0
org.jetbrains.kotlin:kotlin-stdlib:1.9.25,org.jetbrains.kotlin:kotlin-stdlib:1.4.0,224.0
io.netty:netty-common:4.1.75.Final,io.netty:netty-common:4.1.87.Final,15.0
org.jetbrains.kotlin:kotlin-stdlib:1.9.25,org.jetbrains.kotlin:kotlin-stdlib:1.6.0,165.0
io.netty:netty-common:4.1.75.Final,io.netty:netty-common:4.1.17.Final,128.0
org.jetbrains.kotlin:kotlin-stdlib:1.9.25,org.jetbrains.kotlin:kotlin-stdlib:1.8.21,70.0
io.netty:netty-common:4.1.75.Final,io.netty:netty-common:4.1.97.Final,19.0
io.netty:netty-common:4.1.75.Final,io.netty:netty-common:4.1.93.Final,18.0
org.jetbrains.kotlin:kotlin-stdlib:1.9.25,org.jetbrains.kotlin:kotlin-stdlib:1.8.22,70.0
io.netty:netty-common:4.1.75.Final,io.netty:netty-common:4.1.79.Final,7.0
org.jetbrains.kotlin:kotlin-stdlib:1.9.25,org.jetbrains.kotlin:kotlin-stdlib:1.5.32,199.0
io.netty:netty-common:4.1.75.Final,io.netty:netty-common:4.1.110.Final,19.0
io.netty:netty-common:4.1.75.Final,io.netty:netty-common:4.1.106.Final,19.0
org.jetbrains.kotlin:kotlin-stdlib:1.9.25,org.jetbrains.kotlin:kotlin-stdlib:1.5.31,199.0
io.netty:netty-common:4.1.75.Final,io.netty:netty-common:4.1.89.Final,16.0
org.jetbrains.kotlin:kotlin-stdlib:1.9.25,org.jetbrains.kotlin:kotlin-stdlib:1.9.20,0.0
io.netty:netty-common:4.1.75.Final,io.netty:netty-common:4.1.99.Final,19.0
org.jetbrains.kotlin:kotlin-stdlib:1.9.25,org.jetbrains.kotlin:kotlin-stdlib:1.4.32,218.0
org.springframework:spring-beans:6.1.0,org.springframework:spring-beans:5.3.31,88.0
org.springframework:spring-beans:6.1.0,org.springframework:spring-beans:6.0.21,16.0
org.springframework:spring-beans:6.1.0,org.springframework:spring-beans:6.0.20,16.0
org.springframework:spring-beans:6.1.0,org.springframework:spring-beans:6.1.3,7.0
org.springframework:spring-beans:6.1.0,org.springframework:spring-beans:6.1.2,5.0
org.springframework:spring-beans:6.1.0,org.springframework:spring-beans:5.3.15,92.0
org.springframework:spring-beans:6.1.0,org.springframework:spring-beans:6.1.5,8.0
org.springframework:spring-beans:6.1.0,org.springframework:spring-beans:6.1.4,8.0
org.jetbrains.kotlin:kotlin-stdlib:1.9.24,org.jetbrains.kotlin:kotlin-stdlib:1.5.21,201.0
org.jetbrains.kotlin:kotlin-stdlib:1.9.24,org.jetbrains.kotlin:kotlin-stdlib:1.6.10,165.0
org.jetbrains.kotlin:kotlin-stdlib:1.9.24,org.jetbrains.kotlin:kotlin-stdlib:1.2.51,426.0
org.jetbrains.kotlin:kotlin-stdlib:1.9.24,org.jetbrains.kotlin:kotlin-stdlib:1.9.20,0.0
org.jetbrains.kotlin:kotlin-stdlib:1.9.24,org.jetbrains.kotlin:kotlin-stdlib:1.4.32,218.0
org.jetbrains.kotlin:kotlin-stdlib:1.9.24,org.jetbrains.kotlin:kotlin-stdlib:1.4.10,224.0
org.jetbrains.kotlin:kotlin-stdlib:1.9.24,org.jetbrains.kotlin:kotlin-stdlib:1.4.0,224.0
org.jetbrains.kotlin:kotlin-stdlib:1.9.24,org.jetbrains.kotlin:kotlin-stdlib:1.6.0,165.0
org.jetbrains.kotlin:kotlin-stdlib:1.9.24,org.jetbrains.kotlin:kotlin-stdlib:1.8.21,70.0
io.netty:netty-buffer:4.1.75.Final,io.netty:netty-buffer:4.1.101.Final,8.0
io.netty:netty-buffer:4.1.75.Final,io.netty:netty-buffer:4.1.17.Final,60.0
io.netty:netty-buffer:4.1.75.Final,io.netty:netty-buffer:4.1.5.Final,75.0
io.netty:netty-buffer:4.1.75.Final,io.netty:netty-buffer:4.1.111.Final,16.0
org.jetbrains.kotlin:kotlin-stdlib:1.9.24,org.jetbrains.kotlin:kotlin-stdlib:1.8.22,70.0
org.jetbrains.kotlin:kotlin-stdlib:1.9.24,org.jetbrains.kotlin:kotlin-stdlib:1.5.32,199.0
org.jetbrains.kotlin:kotlin-stdlib:1.9.24,org.jetbrains.kotlin:kotlin-stdlib:1.5.31,199.0
org.jetbrains.kotlin:kotlin-stdlib:1.9.24,org.jetbrains.kotlin:kotlin-stdlib:1.6.20,159.0
org.jetbrains.kotlin:kotlin-stdlib:1.9.24,org.jetbrains.kotlin:kotlin-stdlib:1.5.30,199.0
org.jetbrains.kotlin:kotlin-stdlib:1.9.24,org.jetbrains.kotlin:kotlin-stdlib:1.8.20,70.0
org.jetbrains.kotlin:kotlin-stdlib:1.9.24,org.jetbrains.kotlin:kotlin-stdlib:1.4.21,223.0
org.jetbrains.kotlin:kotlin-stdlib:1.9.24,org.jetbrains.kotlin:kotlin-stdlib:1.3.31,336.0
io.netty:netty-transport-classes-epoll:4.1.75.Final,io.netty:netty-transport-classes-epoll:4.1.85.Final,7.0
io.netty:netty-transport-classes-epoll:4.1.75.Final,io.netty:netty-transport-classes-epoll:4.1.82.Final,7.0
io.netty:netty-transport-classes-epoll:4.1.75.Final,io.netty:netty-transport-classes-epoll:4.1.89.Final,7.0
io.netty:netty-buffer:4.1.75.Final,io.netty:netty-buffer:4.1.39.Final,51.0
io.netty:netty-buffer:4.1.75.Final,io.netty:netty-buffer:4.1.70.Final,8.0
io.netty:netty-buffer:4.1.75.Final,io.netty:netty-buffer:4.1.108.Final,11.0
org.jetbrains.kotlin:kotlin-stdlib:1.9.23,org.jetbrains.kotlin:kotlin-stdlib:1.6.0,165.0
org.jetbrains.kotlin:kotlin-stdlib:1.9.23,org.jetbrains.kotlin:kotlin-stdlib:1.8.21,70.0
org.jetbrains.kotlin:kotlin-stdlib:1.9.23,org.jetbrains.kotlin:kotlin-stdlib:1.8.22,70.0
org.jetbrains.kotlin:kotlin-stdlib:1.9.23,org.jetbrains.kotlin:kotlin-stdlib:1.5.32,199.0
org.jetbrains.kotlin:kotlin-stdlib:1.9.23,org.jetbrains.kotlin:kotlin-stdlib:1.5.31,199.0
org.jetbrains.kotlin:kotlin-stdlib:1.9.23,org.jetbrains.kotlin:kotlin-stdlib:1.6.20,159.0
io.netty:netty-buffer:4.1.75.Final,io.netty:netty-buffer:4.1.110.Final,12.0
org.jetbrains.kotlin:kotlin-stdlib:1.9.23,org.jetbrains.kotlin:kotlin-stdlib:1.5.30,199.0
org.jetbrains.kotlin:kotlin-stdlib:1.9.23,org.jetbrains.kotlin:kotlin-stdlib:1.8.20,70.0
io.netty:netty-buffer:4.1.75.Final,io.netty:netty-buffer:4.1.112.Final,17.0
io.netty:netty-transport-native-unix-common:4.1.75.Final,io.netty:netty-transport-native-unix-common:4.1.101.Final,5.0
io.netty:netty-transport-native-unix-common:4.1.75.Final,io.netty:netty-transport-native-unix-common:4.1.70.Final,0.0
io.netty:netty-transport-native-unix-common:4.1.75.Final,io.netty:netty-transport-native-unix-common:4.1.51.Final,11.0
org.slf4j:slf4j-api:1.7.30,org.slf4j:slf4j-api:2.0.11,14.0
org.slf4j:slf4j-api:1.7.30,org.slf4j:slf4j-api:2.0.12,13.0
org.slf4j:slf4j-api:1.7.30,org.slf4j:slf4j-api:2.0.13,13.0
org.slf4j:slf4j-api:1.7.30,org.slf4j:slf4j-api:1.7.35,0.0
org.jetbrains.kotlin:kotlin-stdlib:1.9.23,org.jetbrains.kotlin:kotlin-stdlib:1.4.21,223.0
org.slf4j:slf4j-api:1.7.30,org.slf4j:slf4j-api:1.7.13,11.0
org.jetbrains.kotlin:kotlin-stdlib:1.9.23,org.jetbrains.kotlin:kotlin-stdlib:1.3.31,336.0
org.slf4j:slf4j-api:1.7.30,org.slf4j:slf4j-api:1.7.36,0.0
org.jetbrains.kotlin:kotlin-stdlib:1.9.24,org.jetbrains.kotlin:kotlin-stdlib:1.8.10,81.0
org.jetbrains.kotlin:kotlin-stdlib:1.9.24,org.jetbrains.kotlin:kotlin-stdlib:1.7.22,125.0
org.jetbrains.kotlin:kotlin-stdlib:1.9.24,org.jetbrains.kotlin:kotlin-stdlib:1.9.25,0.0
io.netty:netty-buffer:4.1.75.Final,io.netty:netty-buffer:4.1.106.Final,11.0
org.jetbrains.kotlin:kotlin-stdlib:1.9.24,org.jetbrains.kotlin:kotlin-stdlib:1.4.30,218.0
io.netty:netty-buffer:4.1.75.Final,io.netty:netty-buffer:4.1.109.Final,11.0
io.netty:netty-buffer:4.1.75.Final,io.netty:netty-buffer:4.1.43.Final,50.0
io.netty:netty-buffer:4.1.75.Final,io.netty:netty-buffer:4.1.51.Final,22.0
org.slf4j:slf4j-api:1.7.30,org.slf4j:slf4j-api:1.7.22,3.0
org.slf4j:slf4j-api:1.7.30,org.slf4j:slf4j-api:2.0.15,13.0
org.slf4j:slf4j-api:1.7.30,org.slf4j:slf4j-api:2.0.16,13.0
org.slf4j:slf4j-api:1.7.30,org.slf4j:slf4j-api:1.7.21,3.0
org.springframework:spring-expression:5.3.29,org.springframework:spring-expression:5.3.24,11.0
org.springframework:spring-expression:5.3.29,org.springframework:spring-expression:6.1.11,21.0
org.springframework:spring-expression:5.3.29,org.springframework:spring-expression:6.1.10,21.0
org.springframework:spring-expression:5.3.29,org.springframework:spring-expression:5.2.0.RELEASE,13.0
org.springframework:spring-expression:5.3.29,org.springframework:spring-expression:5.3.20,11.0
org.springframework:spring-expression:5.3.29,org.springframework:spring-expression:6.1.12,22.0
com.querydsl:querydsl-mongodb:5.0.0,com.querydsl:querydsl-mongodb:4.4.0,9.0
io.projectreactor:reactor-test:3.4.31,io.projectreactor:reactor-test:3.4.16,8.0
io.projectreactor:reactor-test:3.4.31,io.projectreactor:reactor-test:3.4.3,17.0
io.projectreactor:reactor-test:3.4.31,io.projectreactor:reactor-test:3.4.8,14.0
io.projectreactor:reactor-test:3.4.31,io.projectreactor:reactor-test:3.4.34,0.0
io.projectreactor:reactor-test:3.4.31,io.projectreactor:reactor-test:3.4.21,3.0
org.threeten:threetenbp:1.6.8,org.threeten:threetenbp:1.5.2,0.0
org.threeten:threetenbp:1.6.8,org.threeten:threetenbp:1.5.1,0.0
org.threeten:threetenbp:1.6.8,org.threeten:threetenbp:1.5.0,0.0
org.threeten:threetenbp:1.6.8,org.threeten:threetenbp:1.6.5,0.0
org.threeten:threetenbp:1.6.8,org.threeten:threetenbp:1.6.4,0.0
org.threeten:threetenbp:1.6.8,org.threeten:threetenbp:1.6.2,0.0
org.springframework:spring-core:5.3.9,org.springframework:spring-core:6.0.5,144.0
io.netty:netty-transport-classes-epoll:4.1.75.Final,io.netty:netty-transport-classes-epoll:4.1.91.Final,7.0
io.netty:netty-transport-classes-epoll:4.1.75.Final,io.netty:netty-transport-classes-epoll:4.1.94.Final,7.0
io.netty:netty-transport-classes-epoll:4.1.75.Final,io.netty:netty-transport-classes-epoll:4.1.96.Final,11.0
io.netty:netty-transport-classes-epoll:4.1.75.Final,io.netty:netty-transport-classes-epoll:4.1.70.Final,3.0
org.springframework:spring-expression:5.3.29,org.springframework:spring-expression:6.0.3,14.0
io.netty:netty-transport-classes-epoll:4.1.75.Final,io.netty:netty-transport-classes-epoll:4.1.107.Final,11.0
org.springframework:spring-expression:5.3.29,org.springframework:spring-expression:6.0.2,14.0
io.netty:netty-transport-classes-epoll:4.1.75.Final,io.netty:netty-transport-classes-epoll:4.1.101.Final,11.0
org.springframework:spring-expression:5.3.29,org.springframework:spring-expression:6.0.10,7.0
io.netty:netty-transport-classes-epoll:4.1.75.Final,io.netty:netty-transport-classes-epoll:4.1.86.Final,7.0
org.springframework:spring-expression:5.3.29,org.springframework:spring-expression:5.3.30,0.0
io.netty:netty-transport-classes-epoll:4.1.75.Final,io.netty:netty-transport-classes-epoll:4.1.104.Final,11.0
org.springframework:spring-expression:5.3.29,org.springframework:spring-expression:6.0.12,7.0
org.springframework:spring-expression:5.3.29,org.springframework:spring-expression:5.3.31,0.0
org.springframework:spring-expression:5.3.29,org.springframework:spring-expression:6.0.11,7.0
org.springframework:spring-expression:5.3.29,org.springframework:spring-expression:6.0.14,8.0
org.springframework:spring-expression:5.3.29,org.springframework:spring-expression:6.0.13,8.0
org.springframework:spring-expression:5.3.29,org.springframework:spring-expression:6.0.16,8.0
org.springframework:spring-expression:5.3.29,org.springframework:spring-expression:6.0.15,8.0
org.springframework:spring-expression:5.3.29,org.springframework:spring-expression:5.3.4,13.0
org.springframework:spring-expression:5.3.29,org.springframework:spring-expression:5.3.26,10.0
org.springframework:spring-expression:5.3.29,org.springframework:spring-expression:5.3.28,0.0
org.springframework:spring-expression:5.3.29,org.springframework:spring-expression:5.3.9,13.0
org.springframework:spring-expression:5.3.29,org.springframework:spring-expression:5.3.23,11.0
org.springframework:spring-expression:5.3.29,org.springframework:spring-expression:5.3.22,11.0
org.springframework:spring-expression:5.3.29,org.springframework:spring-expression:5.3.25,11.0
org.jetbrains.kotlin:kotlin-stdlib:1.6.21,org.jetbrains.kotlin:kotlin-stdlib:1.4.30,79.0
org.jetbrains.kotlin:kotlin-stdlib:1.6.21,org.jetbrains.kotlin:kotlin-stdlib:1.5.21,52.0
org.jetbrains.kotlin:kotlin-stdlib:1.6.21,org.jetbrains.kotlin:kotlin-stdlib:1.6.10,6.0
org.jetbrains.kotlin:kotlin-stdlib:1.6.21,org.jetbrains.kotlin:kotlin-stdlib:1.2.51,332.0
com.google.code.findbugs:jsr305:3.0.2,com.google.code.findbugs:jsr305:3.0.1,0.0
com.google.code.findbugs:jsr305:3.0.2,com.google.code.findbugs:jsr305:1.3.9,1.0
org.mongodb:mongodb-driver-sync:4.6.1,org.mongodb:mongodb-driver-sync:4.4.0-beta2,19.0
org.mongodb:mongodb-driver-sync:4.6.1,org.mongodb:mongodb-driver-sync:4.2.3,27.0
org.mongodb:mongodb-driver-sync:4.6.1,org.mongodb:mongodb-driver-sync:4.3.0-beta1,27.0
org.mongodb:mongodb-driver-sync:4.6.1,org.mongodb:mongodb-driver-sync:4.11.3,15.0
org.mongodb:mongodb-driver-sync:4.6.1,org.mongodb:mongodb-driver-sync:4.4.2,18.0
org.mongodb:mongodb-driver-sync:4.6.1,org.mongodb:mongodb-driver-sync:4.11.2,15.0
org.mongodb:mongodb-driver-sync:4.6.1,org.mongodb:mongodb-driver-sync:4.11.1,15.0
org.mongodb:mongodb-driver-sync:4.6.1,org.mongodb:mongodb-driver-sync:4.1.1,31.0
org.springframework:spring-expression:5.3.29,org.springframework:spring-expression:6.0.21,8.0
io.netty:netty-buffer:4.1.86.Final,io.netty:netty-buffer:4.1.87.Final,1.0
io.netty:netty-buffer:4.1.86.Final,io.netty:netty-buffer:4.1.97.Final,6.0
io.netty:netty-buffer:4.1.86.Final,io.netty:netty-buffer:4.1.70.Final,10.0
io.netty:netty-buffer:4.1.86.Final,io.netty:netty-buffer:4.1.108.Final,10.0
io.netty:netty-buffer:4.1.86.Final,io.netty:netty-buffer:4.1.92.Final,3.0
io.netty:netty-buffer:4.1.86.Final,io.netty:netty-buffer:4.1.82.Final,1.0
org.springframework:spring-expression:5.3.29,org.springframework:spring-expression:6.1.7,21.0
io.netty:netty-buffer:4.1.86.Final,io.netty:netty-buffer:4.1.85.Final,1.0
org.springframework:spring-expression:5.3.29,org.springframework:spring-expression:6.1.9,21.0
io.netty:netty-buffer:4.1.86.Final,io.netty:netty-buffer:4.1.84.Final,1.0
org.springframework:spring-expression:5.3.29,org.springframework:spring-expression:6.1.0,12.0
io.netty:netty-buffer:4.1.86.Final,io.netty:netty-buffer:4.1.94.Final,10.0
org.springframework:spring-expression:5.3.29,org.springframework:spring-expression:5.3.19,11.0
io.netty:netty-buffer:4.1.86.Final,io.netty:netty-buffer:4.1.101.Final,7.0
org.springframework:spring-expression:5.3.29,org.springframework:spring-expression:6.1.2,14.0
org.springframework:spring-expression:5.3.29,org.springframework:spring-expression:6.1.1,14.0
org.springframework:spring-expression:5.3.29,org.springframework:spring-expression:5.3.15,12.0
org.springframework:spring-expression:5.3.29,org.springframework:spring-expression:5.3.18,11.0
org.springframework:spring-expression:5.3.29,org.springframework:spring-expression:5.3.17,11.0
org.springframework:spring-expression:5.3.29,org.springframework:spring-expression:6.0.20,8.0
org.springframework:spring-expression:5.3.29,org.springframework:spring-expression:6.0.5,14.0
org.springframework:spring-expression:5.3.29,org.springframework:spring-expression:6.0.18,8.0
org.springframework:spring-expression:5.3.29,org.springframework:spring-expression:6.0.4,14.0
org.springframework:spring-expression:5.3.29,org.springframework:spring-expression:6.0.17,8.0
org.springframework:spring-expression:5.3.29,org.springframework:spring-expression:6.0.7,13.0
org.springframework:spring-expression:5.3.29,org.springframework:spring-expression:6.0.6,14.0
org.springframework:spring-expression:5.3.29,org.springframework:spring-expression:6.0.9,7.0
org.springframework:spring-expression:5.3.29,org.springframework:spring-expression:6.0.8,8.0
org.springframework:spring-expression:5.3.29,org.springframework:spring-expression:6.0.0,14.0
org.springframework:spring-expression:5.3.29,org.springframework:spring-expression:6.1.5,18.0
org.springframework:spring-expression:5.3.29,org.springframework:spring-expression:6.1.8,21.0
org.springframework:spring-core:5.3.29,org.springframework:spring-core:6.0.9,127.0
org.springframework:spring-core:5.3.29,org.springframework:spring-core:6.0.8,127.0
org.springframework:spring-core:5.3.29,org.springframework:spring-core:6.0.7,127.0
org.springframework:spring-core:5.3.29,org.springframework:spring-core:6.0.6,127.0
org.springframework:spring-core:5.3.29,org.springframework:spring-core:6.0.5,127.0
org.springframework:spring-expression:5.3.29,org.springframework:spring-expression:6.1.4,18.0
org.springframework:spring-expression:5.3.29,org.springframework:spring-expression:6.1.3,15.0
io.netty:netty-buffer:4.1.89.Final,io.netty:netty-buffer:4.1.111.Final,15.0
io.netty:netty-buffer:4.1.89.Final,io.netty:netty-buffer:4.1.106.Final,10.0
io.netty:netty-buffer:4.1.89.Final,io.netty:netty-buffer:4.1.96.Final,6.0
io.netty:netty-buffer:4.1.89.Final,io.netty:netty-buffer:4.1.109.Final,10.0
org.springframework.boot:spring-boot-autoconfigure:3.1.9,org.springframework.boot:spring-boot-autoconfigure:2.7.13,338.0
org.springframework.boot:spring-boot-autoconfigure:3.1.9,org.springframework.boot:spring-boot-autoconfigure:2.7.12,338.0
org.springframework.boot:spring-boot-autoconfigure:3.1.9,org.springframework.boot:spring-boot-autoconfigure:2.7.11,344.0
org.springframework.boot:spring-boot-autoconfigure:3.1.9,org.springframework.boot:spring-boot-autoconfigure:2.7.10,343.0
org.springframework.boot:spring-boot-autoconfigure:3.1.9,org.springframework.boot:spring-boot-autoconfigure:2.4.3,520.0
org.springframework.boot:spring-boot-autoconfigure:3.1.9,org.springframework.boot:spring-boot-autoconfigure:3.1.8,1.0
io.netty:netty-common:4.1.86.Final,io.netty:netty-common:4.1.5.Final,157.0
io.netty:netty-common:4.1.86.Final,io.netty:netty-common:4.1.85.Final,2.0
io.netty:netty-common:4.1.86.Final,io.netty:netty-common:4.1.109.Final,9.0
org.springframework:spring-beans:5.3.9,org.springframework:spring-beans:6.1.1,58.0
org.springframework:spring-beans:5.3.9,org.springframework:spring-beans:6.1.0,58.0
org.springframework:spring-beans:5.3.9,org.springframework:spring-beans:6.0.15,53.0
org.springframework:spring-beans:5.3.9,org.springframework:spring-beans:5.3.4,1.0
org.springframework:spring-beans:5.3.9,org.springframework:spring-beans:6.0.14,53.0
org.springframework:spring-beans:5.3.9,org.springframework:spring-beans:6.0.17,53.0
org.springframework:spring-beans:5.3.9,org.springframework:spring-beans:6.0.16,53.0
org.springframework:spring-beans:5.3.9,org.springframework:spring-beans:6.0.11,53.0
io.netty:netty-buffer:4.1.89.Final,io.netty:netty-buffer:4.1.93.Final,2.0
org.springframework:spring-beans:5.3.9,org.springframework:spring-beans:6.0.10,53.0
org.springframework:spring-beans:5.3.9,org.springframework:spring-beans:6.0.13,53.0
io.netty:netty-buffer:4.1.89.Final,io.netty:netty-buffer:4.1.110.Final,11.0
io.netty:netty-buffer:4.1.89.Final,io.netty:netty-buffer:4.1.43.Final,51.0
io.netty:netty-buffer:4.1.89.Final,io.netty:netty-buffer:4.1.91.Final,2.0
io.netty:netty-buffer:4.1.89.Final,io.netty:netty-buffer:4.1.86.Final,2.0
io.netty:netty-buffer:4.1.89.Final,io.netty:netty-buffer:4.1.51.Final,23.0
io.netty:netty-common:4.1.86.Final,io.netty:netty-common:4.1.104.Final,9.0
io.netty:netty-buffer:4.1.89.Final,io.netty:netty-buffer:4.1.81.Final,3.0
io.netty:netty-common:4.1.86.Final,io.netty:netty-common:4.1.112.Final,17.0
io.netty:netty-common:4.1.86.Final,io.netty:netty-common:4.1.17.Final,128.0
io.netty:netty-common:4.1.86.Final,io.netty:netty-common:4.1.79.Final,6.0
io.netty:netty-common:4.1.86.Final,io.netty:netty-common:4.1.110.Final,10.0
io.netty:netty-common:4.1.86.Final,io.netty:netty-common:4.1.106.Final,9.0
io.netty:netty-common:4.1.86.Final,io.netty:netty-common:4.1.100.Final,9.0
io.netty:netty-common:4.1.86.Final,io.netty:netty-common:4.1.39.Final,102.0
io.netty:netty-common:4.1.86.Final,io.netty:netty-common:4.1.108.Final,9.0
io.netty:netty-common:4.1.86.Final,io.netty:netty-common:4.1.51.Final,60.0
io.netty:netty-common:4.1.86.Final,io.netty:netty-common:4.1.81.Final,3.0
io.netty:netty-common:4.1.86.Final,io.netty:netty-common:4.1.84.Final,3.0
io.netty:netty-common:4.1.86.Final,io.netty:netty-common:4.1.43.Final,102.0
io.netty:netty-common:4.1.86.Final,io.netty:netty-common:4.1.111.Final,17.0
io.netty:netty-common:4.1.86.Final,io.netty:netty-common:4.1.82.Final,3.0
io.netty:netty-buffer:4.1.86.Final,io.netty:netty-buffer:4.1.39.Final,52.0
org.springframework.boot:spring-boot-autoconfigure:3.1.9,org.springframework.boot:spring-boot-autoconfigure:2.5.12,471.0
org.springframework.boot:spring-boot-autoconfigure:3.1.9,org.springframework.boot:spring-boot-autoconfigure:2.7.9,345.0
org.springframework.boot:spring-boot-autoconfigure:3.1.9,org.springframework.boot:spring-boot-autoconfigure:3.0.0,210.0
org.springframework:spring-beans:5.3.9,org.springframework:spring-beans:6.1.11,59.0
org.springframework:spring-beans:5.3.9,org.springframework:spring-beans:6.1.12,59.0
io.netty:netty-buffer:4.1.96.Final,io.netty:netty-buffer:4.1.81.Final,7.0
org.springframework:spring-beans:5.3.9,org.springframework:spring-beans:6.1.10,59.0
org.springframework:spring-beans:5.3.9,org.springframework:spring-beans:6.0.4,51.0
io.netty:netty-buffer:4.1.96.Final,io.netty:netty-buffer:4.1.93.Final,5.0
org.springframework:spring-beans:5.3.9,org.springframework:spring-beans:6.0.3,50.0
org.springframework:spring-beans:5.3.9,org.springframework:spring-beans:6.0.6,51.0
io.netty:netty-buffer:4.1.96.Final,io.netty:netty-buffer:4.1.110.Final,8.0
org.springframework:spring-beans:5.3.9,org.springframework:spring-beans:6.0.5,51.0
org.springframework:spring-beans:5.3.9,org.springframework:spring-beans:3.0.3.RELEASE,146.0
org.springframework:spring-beans:5.3.9,org.springframework:spring-beans:6.0.8,52.0
io.netty:netty-buffer:4.1.96.Final,io.netty:netty-buffer:4.1.112.Final,13.0
org.springframework:spring-beans:5.3.9,org.springframework:spring-beans:6.0.7,52.0
io.netty:netty-buffer:4.1.96.Final,io.netty:netty-buffer:4.1.86.Final,6.0
io.netty:netty-buffer:4.1.96.Final,io.netty:netty-buffer:4.1.51.Final,23.0
org.springframework.boot:spring-boot-autoconfigure:3.1.9,org.springframework.boot:spring-boot-autoconfigure:3.0.5,199.0
org.springframework.boot:spring-boot-autoconfigure:3.1.9,org.springframework.boot:spring-boot-autoconfigure:3.2.3,97.0
org.springframework.boot:spring-boot-autoconfigure:3.1.9,org.springframework.boot:spring-boot-autoconfigure:3.0.12,180.0
org.springframework.boot:spring-boot-autoconfigure:3.1.9,org.springframework.boot:spring-boot-autoconfigure:2.7.8,349.0
org.springframework.boot:spring-boot-autoconfigure:3.1.9,org.springframework.boot:spring-boot-autoconfigure:2.5.15,469.0
org.springframework.boot:spring-boot-autoconfigure:3.1.9,org.springframework.boot:spring-boot-autoconfigure:3.0.13,179.0
org.springframework.boot:spring-boot-autoconfigure:3.1.9,org.springframework.boot:spring-boot-autoconfigure:2.7.7,350.0
org.springframework.boot:spring-boot-autoconfigure:3.1.9,org.springframework.boot:spring-boot-autoconfigure:3.1.12,0.0
org.springframework.boot:spring-boot-autoconfigure:3.1.9,org.springframework.boot:spring-boot-autoconfigure:3.1.11,0.0
org.bouncycastle:bcpkix-jdk15on:1.69,org.bouncycastle:bcpkix-jdk15on:1.64,65.0
com.fasterxml.woodstox:woodstox-core:6.5.1,com.fasterxml.woodstox:woodstox-core:6.2.6,5.0
com.fasterxml.woodstox:woodstox-core:6.5.1,com.fasterxml.woodstox:woodstox-core:6.2.7,5.0
org.bouncycastle:bcpkix-jdk15on:1.69,org.bouncycastle:bcpkix-jdk15on:1.59,128.0
com.fasterxml.woodstox:woodstox-core:6.5.1,com.fasterxml.woodstox:woodstox-core:6.2.4,7.0
io.netty:netty-transport-native-unix-common:4.1.96.Final,io.netty:netty-transport-native-unix-common:4.1.101.Final,0.0
com.fasterxml.woodstox:woodstox-core:6.5.1,com.fasterxml.woodstox:woodstox-core:6.3.1,2.0
io.netty:netty-transport-native-unix-common:4.1.96.Final,io.netty:netty-transport-native-unix-common:4.1.70.Final,8.0
com.fasterxml.woodstox:woodstox-core:6.5.1,com.fasterxml.woodstox:woodstox-core:6.4.0,0.0
io.netty:netty-transport-native-unix-common:4.1.96.Final,io.netty:netty-transport-native-unix-common:4.1.51.Final,17.0
com.fasterxml.woodstox:woodstox-core:6.5.1,com.fasterxml.woodstox:woodstox-core:5.1.0,642.0
io.netty:netty-transport-native-unix-common:4.1.96.Final,io.netty:netty-transport-native-unix-common:4.1.85.Final,3.0
com.fasterxml.woodstox:woodstox-core:6.5.1,com.fasterxml.woodstox:woodstox-core:6.2.1,12.0
com.fasterxml.woodstox:woodstox-core:6.5.1,com.fasterxml.woodstox:woodstox-core:6.0.3,16.0
org.bouncycastle:bcpkix-jdk15on:1.69,org.bouncycastle:bcpkix-jdk15on:1.65,60.0
com.fasterxml.woodstox:woodstox-core:6.5.1,com.fasterxml.woodstox:woodstox-core:5.0.2,645.0
org.bouncycastle:bcpkix-jdk15on:1.69,org.bouncycastle:bcpkix-jdk15on:1.54,189.0
org.springframework.boot:spring-boot-autoconfigure:3.1.9,org.springframework.boot:spring-boot-autoconfigure:2.7.6,350.0
org.springframework.boot:spring-boot-autoconfigure:3.1.9,org.springframework.boot:spring-boot-autoconfigure:2.7.5,351.0
org.springframework.boot:spring-boot-autoconfigure:3.1.9,org.springframework.boot:spring-boot-autoconfigure:2.5.4,474.0
org.springframework.boot:spring-boot-autoconfigure:3.1.9,org.springframework.boot:spring-boot-autoconfigure:3.2.9,100.0
org.springframework.boot:spring-boot-autoconfigure:3.1.9,org.springframework.boot:spring-boot-autoconfigure:3.2.8,100.0
org.springframework.boot:spring-boot-autoconfigure:3.1.9,org.springframework.boot:spring-boot-autoconfigure:3.2.7,99.0
org.springframework.boot:spring-boot-autoconfigure:3.1.9,org.springframework.boot:spring-boot-autoconfigure:3.0.9,187.0
org.springframework.boot:spring-boot-autoconfigure:3.1.9,org.springframework.boot:spring-boot-autoconfigure:3.1.10,0.0
org.springframework.boot:spring-boot-autoconfigure:3.1.9,org.springframework.boot:spring-boot-autoconfigure:3.1.7,5.0
org.springframework:spring-beans:5.3.9,org.springframework:spring-beans:5.3.15,6.0
org.springframework:spring-beans:5.3.9,org.springframework:spring-beans:6.1.5,59.0
org.springframework:spring-beans:5.3.9,org.springframework:spring-beans:6.1.4,59.0
org.springframework:spring-beans:5.3.9,org.springframework:spring-beans:6.1.7,59.0
org.springframework:spring-beans:5.3.9,org.springframework:spring-beans:5.3.18,9.0
org.springframework:spring-beans:5.3.9,org.springframework:spring-beans:5.3.19,9.0
io.netty:netty-buffer:4.1.96.Final,io.netty:netty-buffer:4.1.108.Final,6.0
org.springframework:spring-beans:5.3.9,org.springframework:spring-beans:6.1.9,59.0
io.netty:netty-buffer:4.1.96.Final,io.netty:netty-buffer:4.1.92.Final,5.0
org.springframework:spring-beans:5.3.9,org.springframework:spring-beans:6.1.8,59.0
io.netty:netty-buffer:4.1.96.Final,io.netty:netty-buffer:4.1.82.Final,6.0
org.springframework:spring-beans:5.3.9,org.springframework:spring-beans:5.3.17,9.0
io.netty:netty-buffer:4.1.96.Final,io.netty:netty-buffer:4.1.85.Final,6.0
org.springframework:spring-beans:5.3.9,org.springframework:spring-beans:6.0.18,53.0
io.netty:netty-buffer:4.1.96.Final,io.netty:netty-buffer:4.1.84.Final,6.0
io.netty:netty-buffer:4.1.96.Final,io.netty:netty-buffer:4.1.94.Final,10.0
io.netty:netty-buffer:4.1.89.Final,io.netty:netty-buffer:4.1.112.Final,16.0
io.netty:netty-buffer:4.1.96.Final,io.netty:netty-buffer:4.1.39.Final,52.0
io.netty:netty-buffer:4.1.96.Final,io.netty:netty-buffer:4.1.87.Final,6.0
io.netty:netty-buffer:4.1.96.Final,io.netty:netty-buffer:4.1.97.Final,1.0
io.netty:netty-buffer:4.1.96.Final,io.netty:netty-buffer:4.1.70.Final,14.0
org.springframework.boot:spring-boot-autoconfigure:3.1.9,org.springframework.boot:spring-boot-autoconfigure:2.6.15,408.0
org.springframework.boot:spring-boot-autoconfigure:3.1.9,org.springframework.boot:spring-boot-autoconfigure:2.6.14,410.0
org.springframework.boot:spring-boot-autoconfigure:3.1.9,org.springframework.boot:spring-boot-autoconfigure:2.6.11,411.0
org.springframework.boot:spring-boot-autoconfigure:3.1.9,org.springframework.boot:spring-boot-autoconfigure:3.1.3,11.0
org.springframework.boot:spring-boot-autoconfigure:3.1.9,org.springframework.boot:spring-boot-autoconfigure:3.3.1,131.0
org.springframework.boot:spring-boot-autoconfigure:3.1.9,org.springframework.boot:spring-boot-autoconfigure:3.1.2,15.0
org.springframework.boot:spring-boot-autoconfigure:3.1.9,org.springframework.boot:spring-boot-autoconfigure:3.3.0,132.0
org.springframework.boot:spring-boot-autoconfigure:3.1.9,org.springframework.boot:spring-boot-autoconfigure:3.1.1,19.0
org.springframework.boot:spring-boot-autoconfigure:3.1.9,org.springframework.boot:spring-boot-autoconfigure:3.1.0,25.0
org.springframework:spring-beans:5.3.9,org.springframework:spring-beans:6.0.9,52.0
org.springframework:spring-beans:5.3.9,org.springframework:spring-beans:6.0.0,49.0
org.springframework:spring-beans:5.3.9,org.springframework:spring-beans:5.3.30,12.0
io.netty:netty-buffer:4.1.96.Final,io.netty:netty-buffer:4.1.79.Final,8.0
org.springframework:spring-beans:5.3.9,org.springframework:spring-beans:6.0.2,49.0
io.netty:netty-buffer:4.1.96.Final,io.netty:netty-buffer:4.1.5.Final,75.0
org.springframework:spring-beans:5.3.9,org.springframework:spring-beans:5.3.31,12.0
io.netty:netty-buffer:4.1.96.Final,io.netty:netty-buffer:4.1.111.Final,12.0
org.springframework:spring-beans:5.3.9,org.springframework:spring-beans:6.0.21,53.0
io.netty:netty-buffer:4.1.96.Final,io.netty:netty-buffer:4.1.106.Final,6.0
org.springframework:spring-beans:5.3.9,org.springframework:spring-beans:6.0.20,53.0
org.springframework:spring-beans:5.3.9,org.springframework:spring-beans:6.1.3,58.0
io.netty:netty-buffer:4.1.96.Final,io.netty:netty-buffer:4.1.109.Final,7.0
org.springframework:spring-beans:5.3.9,org.springframework:spring-beans:6.1.2,58.0
io.netty:netty-buffer:4.1.96.Final,io.netty:netty-buffer:4.1.43.Final,51.0
io.netty:netty-buffer:4.1.96.Final,io.netty:netty-buffer:4.1.101.Final,3.0
io.netty:netty-buffer:4.1.96.Final,io.netty:netty-buffer:4.1.17.Final,60.0
io.netty:netty-buffer:4.1.96.Final,io.netty:netty-buffer:4.1.99.Final,1.0
org.springframework.boot:spring-boot-autoconfigure:3.1.9,org.springframework.boot:spring-boot-autoconfigure:3.1.6,5.0
org.springframework.boot:spring-boot-autoconfigure:3.1.9,org.springframework.boot:spring-boot-autoconfigure:3.1.5,8.0
org.springframework.boot:spring-boot-autoconfigure:3.1.9,org.springframework.boot:spring-boot-autoconfigure:3.3.3,133.0
org.springframework.boot:spring-boot-autoconfigure:3.1.9,org.springframework.boot:spring-boot-autoconfigure:3.1.4,10.0
org.springframework.boot:spring-boot-autoconfigure:3.1.9,org.springframework.boot:spring-boot-autoconfigure:2.7.18,336.0
org.springframework.boot:spring-boot-autoconfigure:3.1.9,org.springframework.boot:spring-boot-autoconfigure:3.3.2,133.0
org.springframework.boot:spring-boot-autoconfigure:3.1.9,org.springframework.boot:spring-boot-autoconfigure:2.7.17,336.0
org.springframework.boot:spring-boot-autoconfigure:3.1.9,org.springframework.boot:spring-boot-autoconfigure:2.7.16,337.0
org.springframework.boot:spring-boot-autoconfigure:3.1.9,org.springframework.boot:spring-boot-autoconfigure:2.7.15,337.0
org.springframework.boot:spring-boot-autoconfigure:3.1.9,org.springframework.boot:spring-boot-autoconfigure:2.7.14,338.0
org.jetbrains.kotlin:kotlin-stdlib:1.9.20,org.jetbrains.kotlin:kotlin-stdlib:1.7.22,125.0
org.jetbrains.kotlin:kotlin-stdlib:1.9.20,org.jetbrains.kotlin:kotlin-stdlib:1.9.25,0.0
org.jetbrains.kotlin:kotlin-stdlib:1.9.20,org.jetbrains.kotlin:kotlin-stdlib:1.9.24,0.0
org.jetbrains.kotlin:kotlin-stdlib:1.9.20,org.jetbrains.kotlin:kotlin-stdlib:1.4.30,218.0
org.jetbrains.kotlin:kotlin-stdlib:1.9.20,org.jetbrains.kotlin:kotlin-stdlib:1.5.21,201.0
org.springframework:spring-tx:5.3.9,org.springframework:spring-tx:5.3.31,3.0
org.jetbrains.kotlin:kotlin-stdlib:1.9.20,org.jetbrains.kotlin:kotlin-stdlib:1.6.10,165.0
org.springframework:spring-tx:5.3.9,org.springframework:spring-tx:5.3.4,1.0
org.jetbrains.kotlin:kotlin-stdlib:1.9.20,org.jetbrains.kotlin:kotlin-stdlib:1.9.21,0.0
org.springframework:spring-tx:5.3.9,org.springframework:spring-tx:6.0.10,67.0
org.jetbrains.kotlin:kotlin-stdlib:1.9.20,org.jetbrains.kotlin:kotlin-stdlib:1.2.51,426.0
org.springframework:spring-tx:5.3.9,org.springframework:spring-tx:5.3.26,0.0
org.jetbrains.kotlin:kotlin-stdlib:1.9.20,org.jetbrains.kotlin:kotlin-stdlib:1.4.32,218.0
org.springframework:spring-tx:5.3.9,org.springframework:spring-tx:6.0.12,70.0
org.springframework:spring-tx:5.3.9,org.springframework:spring-tx:5.3.29,2.0
org.springframework:spring-tx:5.3.9,org.springframework:spring-tx:6.0.11,69.0
org.springframework:spring-tx:5.3.9,org.springframework:spring-tx:5.3.28,0.0
io.netty:netty-buffer:4.1.86.Final,io.netty:netty-buffer:4.1.111.Final,15.0
io.netty:netty-buffer:4.1.86.Final,io.netty:netty-buffer:4.1.106.Final,10.0
io.netty:netty-buffer:4.1.86.Final,io.netty:netty-buffer:4.1.96.Final,6.0
io.netty:netty-buffer:4.1.86.Final,io.netty:netty-buffer:4.1.109.Final,10.0
io.netty:netty-buffer:4.1.86.Final,io.netty:netty-buffer:4.1.43.Final,51.0
org.jetbrains.kotlin:kotlin-stdlib:1.9.20,org.jetbrains.kotlin:kotlin-stdlib:1.4.10,224.0
org.jetbrains.kotlin:kotlin-stdlib:1.9.20,org.jetbrains.kotlin:kotlin-stdlib:1.4.0,224.0
org.jetbrains.kotlin:kotlin-stdlib:1.9.20,org.jetbrains.kotlin:kotlin-stdlib:1.6.0,165.0
org.jetbrains.kotlin:kotlin-stdlib:1.9.20,org.jetbrains.kotlin:kotlin-stdlib:1.8.21,70.0
org.jetbrains.kotlin:kotlin-stdlib:1.9.20,org.jetbrains.kotlin:kotlin-stdlib:1.8.22,70.0
org.jetbrains.kotlin:kotlin-stdlib:1.9.20,org.jetbrains.kotlin:kotlin-stdlib:1.5.32,199.0
org.springframework:spring-tx:5.3.9,org.springframework:spring-tx:6.1.4,81.0
org.springframework:spring-tx:5.3.9,org.springframework:spring-tx:6.0.5,64.0
org.jetbrains.kotlin:kotlin-stdlib:1.9.20,org.jetbrains.kotlin:kotlin-stdlib:1.5.31,199.0
org.springframework:spring-tx:5.3.9,org.springframework:spring-tx:6.1.5,81.0
org.jetbrains.kotlin:kotlin-stdlib:1.9.20,org.jetbrains.kotlin:kotlin-stdlib:1.6.20,159.0
org.springframework:spring-tx:5.3.9,org.springframework:spring-tx:6.0.6,64.0
org.springframework:spring-tx:5.3.9,org.springframework:spring-tx:6.0.7,66.0
org.springframework:spring-tx:5.3.9,org.springframework:spring-tx:6.1.7,81.0
org.springframework:spring-tx:5.3.9,org.springframework:spring-tx:6.0.8,66.0
org.springframework:spring-tx:5.3.9,org.springframework:spring-tx:6.0.9,66.0
org.springframework:spring-tx:5.3.9,org.springframework:spring-tx:6.1.9,81.0
org.springframework:spring-tx:5.3.9,org.springframework:spring-tx:5.3.30,3.0
io.netty:netty-buffer:4.1.86.Final,io.netty:netty-buffer:4.1.17.Final,60.0
io.netty:netty-buffer:4.1.86.Final,io.netty:netty-buffer:4.1.99.Final,6.0
io.netty:netty-buffer:4.1.86.Final,io.netty:netty-buffer:4.1.89.Final,2.0
io.netty:netty-buffer:4.1.86.Final,io.netty:netty-buffer:4.1.79.Final,4.0
io.netty:netty-buffer:4.1.86.Final,io.netty:netty-buffer:4.1.5.Final,75.0
io.netty:netty-buffer:4.1.86.Final,io.netty:netty-buffer:4.1.110.Final,11.0
org.jetbrains.kotlin:kotlin-stdlib:1.9.22,org.jetbrains.kotlin:kotlin-stdlib:1.9.20,0.0
org.springframework:spring-core:5.3.9,org.springframework:spring-core:6.1.2,169.0
org.jetbrains.kotlin:kotlin-stdlib:1.9.22,org.jetbrains.kotlin:kotlin-stdlib:1.4.32,218.0
org.springframework:spring-core:5.3.9,org.springframework:spring-core:6.1.1,169.0
org.jetbrains.kotlin:kotlin-stdlib:1.9.22,org.jetbrains.kotlin:kotlin-stdlib:1.4.10,224.0
org.springframework:spring-core:5.3.9,org.springframework:spring-core:6.1.0,169.0
org.jetbrains.kotlin:kotlin-stdlib:1.9.22,org.jetbrains.kotlin:kotlin-stdlib:1.4.0,224.0
org.springframework:spring-core:5.3.9,org.springframework:spring-core:6.0.21,150.0
org.jetbrains.kotlin:kotlin-stdlib:1.9.22,org.jetbrains.kotlin:kotlin-stdlib:1.6.0,165.0
org.springframework:spring-core:5.3.9,org.springframework:spring-core:6.0.20,150.0
org.jetbrains.kotlin:kotlin-stdlib:1.9.22,org.jetbrains.kotlin:kotlin-stdlib:1.8.21,70.0
org.springframework:spring-core:5.3.9,org.springframework:spring-core:5.3.4,13.0
org.jetbrains.kotlin:kotlin-stdlib:1.9.22,org.jetbrains.kotlin:kotlin-stdlib:1.8.22,70.0
org.springframework:spring-core:5.3.9,org.springframework:spring-core:6.1.9,173.0
org.jetbrains.kotlin:kotlin-stdlib:1.9.22,org.jetbrains.kotlin:kotlin-stdlib:1.5.32,199.0
org.springframework:spring-core:5.3.29,org.springframework:spring-core:5.3.30,7.0
org.springframework:spring-core:5.3.9,org.springframework:spring-core:6.1.8,173.0
org.springframework:spring-core:5.3.29,org.springframework:spring-core:5.3.24,12.0
org.springframework:spring-core:5.3.9,org.springframework:spring-core:6.1.7,173.0
org.jetbrains.kotlin:kotlin-stdlib:1.9.22,org.jetbrains.kotlin:kotlin-stdlib:1.2.51,426.0
org.springframework:spring-core:5.3.29,org.springframework:spring-core:5.3.23,13.0
org.springframework:spring-core:5.3.29,org.springframework:spring-core:5.3.22,13.0
org.springframework:spring-core:5.3.29,org.springframework:spring-core:5.3.28,1.0
org.springframework:spring-core:5.3.29,org.springframework:spring-core:5.3.26,4.0
org.springframework:spring-core:5.3.29,org.springframework:spring-core:5.3.25,11.0
io.netty:netty-buffer:4.1.86.Final,io.netty:netty-buffer:4.1.91.Final,3.0
io.netty:netty-buffer:4.1.86.Final,io.netty:netty-buffer:4.1.51.Final,23.0
io.netty:netty-buffer:4.1.86.Final,io.netty:netty-buffer:4.1.81.Final,2.0
io.netty:netty-buffer:4.1.86.Final,io.netty:netty-buffer:4.1.93.Final,3.0
io.netty:netty-transport-native-unix-common:4.1.86.Final,io.netty:netty-transport-native-unix-common:4.1.39.Final,18.0
org.jetbrains.kotlin:kotlin-stdlib:1.9.22,org.jetbrains.kotlin:kotlin-stdlib:1.5.31,199.0
org.jetbrains.kotlin:kotlin-stdlib:1.9.22,org.jetbrains.kotlin:kotlin-stdlib:1.6.20,159.0
org.jetbrains.kotlin:kotlin-stdlib:1.9.22,org.jetbrains.kotlin:kotlin-stdlib:1.5.30,199.0
org.springframework:spring-core:5.3.9,org.springframework:spring-core:6.0.14,150.0
org.jetbrains.kotlin:kotlin-stdlib:1.9.22,org.jetbrains.kotlin:kotlin-stdlib:1.8.20,70.0
org.springframework:spring-core:5.3.9,org.springframework:spring-core:6.0.15,150.0
org.jetbrains.kotlin:kotlin-stdlib:1.9.22,org.jetbrains.kotlin:kotlin-stdlib:1.4.21,223.0
org.springframework:spring-core:5.3.9,org.springframework:spring-core:6.0.12,149.0
org.jetbrains.kotlin:kotlin-stdlib:1.9.22,org.jetbrains.kotlin:kotlin-stdlib:1.3.31,336.0
org.springframework:spring-core:5.3.9,org.springframework:spring-core:6.0.13,149.0
org.jetbrains.kotlin:kotlin-stdlib:1.9.20,org.jetbrains.kotlin:kotlin-stdlib:1.8.10,81.0
org.springframework:spring-core:5.3.9,org.springframework:spring-core:6.0.10,147.0
org.jetbrains.kotlin:kotlin-stdlib:1.9.20,org.jetbrains.kotlin:kotlin-stdlib:1.9.23,0.0
org.springframework:spring-core:5.3.9,org.springframework:spring-core:6.0.11,147.0
org.springframework:spring-core:5.3.9,org.springframework:spring-core:6.0.18,150.0
org.jetbrains.kotlin:kotlin-stdlib:1.9.20,org.jetbrains.kotlin:kotlin-stdlib:1.9.22,0.0
org.springframework:spring-core:5.3.9,org.springframework:spring-core:6.0.16,150.0
org.springframework:spring-core:5.3.9,org.springframework:spring-core:6.0.17,150.0
org.springframework:spring-core:5.3.9,org.springframework:spring-core:6.1.3,170.0
io.netty:netty-buffer:4.1.86.Final,io.netty:netty-buffer:4.1.112.Final,16.0
io.netty:netty-transport-native-unix-common:4.1.86.Final,io.netty:netty-transport-native-unix-common:4.1.101.Final,3.0
io.netty:netty-transport-native-unix-common:4.1.86.Final,io.netty:netty-transport-native-unix-common:4.1.70.Final,6.0
io.netty:netty-transport-native-unix-common:4.1.86.Final,io.netty:netty-transport-native-unix-common:4.1.51.Final,16.0
io.netty:netty-transport-native-unix-common:4.1.86.Final,io.netty:netty-transport-native-unix-common:4.1.85.Final,0.0
org.springframework:spring-beans:5.3.9,org.springframework:spring-beans:6.0.12,53.0
org.springframework:spring-beans:5.3.9,org.springframework:spring-beans:5.2.0.RELEASE,21.0
org.springframework:spring-beans:5.3.9,org.springframework:spring-beans:5.3.25,11.0
org.springframework:spring-beans:5.3.9,org.springframework:spring-beans:5.3.26,11.0
org.springframework:spring-beans:5.3.9,org.springframework:spring-beans:5.3.23,9.0
org.springframework:spring-beans:5.3.9,org.springframework:spring-beans:5.3.24,11.0
org.springframework:spring-beans:5.3.9,org.springframework:spring-beans:5.3.28,11.0
org.springframework:spring-beans:5.3.9,org.springframework:spring-beans:5.3.22,9.0
org.jetbrains.kotlin:kotlin-stdlib:1.9.20,org.jetbrains.kotlin:kotlin-stdlib:1.5.30,199.0
org.jetbrains.kotlin:kotlin-stdlib:1.9.20,org.jetbrains.kotlin:kotlin-stdlib:1.8.20,70.0
org.jetbrains.kotlin:kotlin-stdlib:1.9.20,org.jetbrains.kotlin:kotlin-stdlib:1.4.21,223.0
org.jetbrains.kotlin:kotlin-stdlib:1.9.20,org.jetbrains.kotlin:kotlin-stdlib:1.3.31,336.0
io.netty:netty-buffer:4.1.89.Final,io.netty:netty-buffer:4.1.39.Final,52.0
io.netty:netty-buffer:4.1.89.Final,io.netty:netty-buffer:4.1.87.Final,2.0
io.netty:netty-buffer:4.1.89.Final,io.netty:netty-buffer:4.1.97.Final,6.0
io.netty:netty-buffer:4.1.89.Final,io.netty:netty-buffer:4.1.70.Final,10.0
io.netty:netty-buffer:4.1.89.Final,io.netty:netty-buffer:4.1.108.Final,10.0
org.springframework:spring-tx:5.3.9,org.springframework:spring-tx:6.0.17,70.0
io.netty:netty-buffer:4.1.89.Final,io.netty:netty-buffer:4.1.92.Final,2.0
org.springframework:spring-tx:5.3.9,org.springframework:spring-tx:5.3.19,0.0
org.springframework:spring-tx:5.3.9,org.springframework:spring-tx:6.0.20,70.0
org.springframework:spring-tx:5.3.9,org.springframework:spring-tx:6.1.12,82.0
org.springframework:spring-tx:5.3.9,org.springframework:spring-tx:5.3.17,0.0
org.springframework:spring-tx:5.3.9,org.springframework:spring-tx:6.0.0,63.0
org.springframework:spring-tx:5.3.9,org.springframework:spring-tx:6.1.0,81.0
org.springframework:spring-tx:5.3.9,org.springframework:spring-tx:6.1.2,81.0
org.springframework:spring-tx:5.3.9,org.springframework:spring-tx:6.1.3,81.0
org.springframework:spring-tx:5.3.9,org.springframework:spring-tx:6.0.4,63.0
io.netty:netty-buffer:4.1.89.Final,io.netty:netty-buffer:4.1.82.Final,2.0
io.netty:netty-buffer:4.1.89.Final,io.netty:netty-buffer:4.1.85.Final,2.0
io.netty:netty-buffer:4.1.89.Final,io.netty:netty-buffer:4.1.84.Final,2.0
io.netty:netty-buffer:4.1.89.Final,io.netty:netty-buffer:4.1.94.Final,10.0
io.netty:netty-buffer:4.1.89.Final,io.netty:netty-buffer:4.1.101.Final,7.0
io.netty:netty-buffer:4.1.89.Final,io.netty:netty-buffer:4.1.17.Final,60.0
io.netty:netty-buffer:4.1.89.Final,io.netty:netty-buffer:4.1.99.Final,6.0
io.netty:netty-buffer:4.1.89.Final,io.netty:netty-buffer:4.1.79.Final,4.0
io.netty:netty-buffer:4.1.89.Final,io.netty:netty-buffer:4.1.5.Final,75.0
org.springframework:spring-beans:5.3.9,org.springframework:spring-beans:5.3.20,9.0
org.springframework:spring-tx:5.3.9,org.springframework:spring-tx:6.0.14,70.0
org.springframework:spring-tx:5.3.9,org.springframework:spring-tx:5.3.23,0.0
org.springframework:spring-tx:5.3.9,org.springframework:spring-tx:6.0.13,70.0
org.springframework:spring-tx:5.3.9,org.springframework:spring-tx:5.3.22,0.0
org.springframework:spring-tx:5.3.9,org.springframework:spring-tx:6.0.16,70.0
org.springframework:spring-tx:5.3.9,org.springframework:spring-tx:5.3.25,0.0
org.springframework:spring-tx:5.3.9,org.springframework:spring-tx:6.0.15,70.0
org.springframework:spring-tx:5.3.9,org.springframework:spring-tx:5.3.24,0.0
org.springframework:spring-tx:5.3.9,org.springframework:spring-tx:6.0.18,70.0
org.slf4j:slf4j-api:1.7.32,org.slf4j:slf4j-api:1.7.26,2.0
org.slf4j:slf4j-api:1.7.32,org.slf4j:slf4j-api:1.6.4,19.0
org.slf4j:slf4j-api:1.7.32,org.slf4j:slf4j-api:1.5.3,23.0
org.slf4j:slf4j-api:1.7.32,org.slf4j:slf4j-api:1.6.1,18.0
org.slf4j:slf4j-api:1.7.32,org.slf4j:slf4j-api:1.7.28,2.0
org.slf4j:slf4j-api:1.7.32,org.slf4j:slf4j-api:1.7.29,0.0
org.slf4j:slf4j-api:1.7.32,org.slf4j:slf4j-api:1.7.22,3.0
org.slf4j:slf4j-api:1.7.32,org.slf4j:slf4j-api:1.7.21,3.0
org.jetbrains.kotlin:kotlin-stdlib:1.4.0,org.jetbrains.kotlin:kotlin-stdlib:1.5.31,41.0
org.jetbrains.kotlin:kotlin-stdlib:1.4.0,org.jetbrains.kotlin:kotlin-stdlib:1.6.20,61.0
org.jetbrains.kotlin:kotlin-stdlib:1.4.0,org.jetbrains.kotlin:kotlin-stdlib:1.5.30,41.0
org.jetbrains.kotlin:kotlin-stdlib:1.4.0,org.jetbrains.kotlin:kotlin-stdlib:1.8.20,93.0
org.jetbrains.kotlin:kotlin-stdlib:1.4.0,org.jetbrains.kotlin:kotlin-stdlib:1.4.21,0.0
org.jetbrains.kotlin:kotlin-stdlib:1.4.0,org.jetbrains.kotlin:kotlin-stdlib:1.3.31,187.0
org.jetbrains.kotlinx:kotlinx-coroutines-core:1.6.4,org.jetbrains.kotlinx:kotlinx-coroutines-core:1.4.0,0.0
org.jetbrains.kotlinx:kotlinx-coroutines-core:1.6.4,org.jetbrains.kotlinx:kotlinx-coroutines-core:1.4.2,0.0
org.jetbrains.kotlinx:kotlinx-coroutines-core:1.6.4,org.jetbrains.kotlinx:kotlinx-coroutines-core:1.5.2,0.0
org.jetbrains.kotlinx:kotlinx-coroutines-core:1.6.4,org.jetbrains.kotlinx:kotlinx-coroutines-core:1.4.3,0.0
org.slf4j:slf4j-api:1.7.32,org.slf4j:slf4j-api:1.7.12,13.0
org.slf4j:slf4j-api:1.7.32,org.slf4j:slf4j-api:1.7.10,13.0
org.springframework:spring-core:5.3.29,org.springframework:spring-core:5.3.15,24.0
org.springframework:spring-core:5.3.29,org.springframework:spring-core:5.3.4,39.0
org.springframework:spring-core:5.3.29,org.springframework:spring-core:5.3.9,28.0
org.springframework:spring-core:5.3.29,org.springframework:spring-core:6.1.9,156.0
org.springframework:spring-core:5.3.29,org.springframework:spring-core:6.1.8,156.0
org.springframework:spring-core:5.3.29,org.springframework:spring-core:6.1.7,156.0
org.springframework:spring-core:5.3.29,org.springframework:spring-core:6.1.5,155.0
org.springframework:spring-core:5.3.29,org.springframework:spring-core:6.1.4,154.0
org.springframework:spring-core:5.3.29,org.springframework:spring-core:5.3.20,17.0
org.springframework:spring-core:5.3.29,org.springframework:spring-core:3.0.3.RELEASE,609.0
org.springframework:spring-core:5.3.29,org.springframework:spring-core:5.3.17,22.0
org.springframework:spring-core:5.3.29,org.springframework:spring-core:6.1.10,156.0
org.springframework:spring-core:5.3.29,org.springframework:spring-core:5.3.31,8.0
org.springframework:spring-core:5.3.29,org.springframework:spring-core:5.3.19,19.0
org.springframework:spring-core:5.3.29,org.springframework:spring-core:5.3.18,21.0
org.springframework:spring-core:5.3.29,org.springframework:spring-core:5.2.0.RELEASE,94.0
org.springframework:spring-core:5.3.29,org.springframework:spring-core:6.0.4,123.0
org.springframework:spring-core:5.3.29,org.springframework:spring-core:6.0.3,123.0
org.springframework:spring-core:5.3.29,org.springframework:spring-core:6.0.2,124.0
org.springframework:spring-core:5.3.29,org.springframework:spring-core:6.0.0,124.0
org.springframework:spring-core:5.3.29,org.springframework:spring-core:6.1.12,156.0
org.springframework:spring-core:5.3.29,org.springframework:spring-core:6.1.11,156.0
org.slf4j:slf4j-api:1.7.32,org.slf4j:slf4j-api:1.7.13,11.0
org.springframework:spring-core:5.3.29,org.springframework:spring-core:6.0.14,132.0
org.springframework:spring-core:5.3.29,org.springframework:spring-core:6.0.15,132.0
org.springframework:spring-core:5.3.29,org.springframework:spring-core:6.0.12,131.0
org.springframework:spring-core:5.3.29,org.springframework:spring-core:6.0.13,131.0
org.springframework:spring-core:5.3.29,org.springframework:spring-core:6.0.10,128.0
org.springframework:spring-core:5.3.29,org.springframework:spring-core:6.0.11,128.0
org.springframework:spring-core:5.3.29,org.springframework:spring-core:6.0.18,132.0
org.springframework:spring-core:5.3.29,org.springframework:spring-core:6.0.16,132.0
org.springframework:spring-core:5.3.29,org.springframework:spring-core:6.0.17,132.0
org.springframework:spring-core:5.3.29,org.springframework:spring-core:6.1.3,153.0
org.springframework:spring-core:5.3.29,org.springframework:spring-core:6.1.2,152.0
org.springframework:spring-core:5.3.29,org.springframework:spring-core:6.1.1,152.0
org.springframework:spring-core:5.3.29,org.springframework:spring-core:6.1.0,152.0
org.springframework:spring-core:5.3.29,org.springframework:spring-core:6.0.21,132.0
org.springframework:spring-core:5.3.29,org.springframework:spring-core:6.0.20,132.0
org.springframework.boot:spring-boot-starter:3.1.1,org.springframework.boot:spring-boot-starter:2.6.15,0.0
org.springframework.boot:spring-boot-starter:3.1.1,org.springframework.boot:spring-boot-starter:2.5.15,0.0
org.springframework.boot:spring-boot-starter:3.1.1,org.springframework.boot:spring-boot-starter:3.0.12,0.0
org.springframework.boot:spring-boot-starter:3.1.1,org.springframework.boot:spring-boot-starter:3.0.13,0.0
org.springframework.boot:spring-boot-starter:3.1.1,org.springframework.boot:spring-boot-starter:3.1.8,0.0
org.springframework.boot:spring-boot-starter:3.1.1,org.springframework.boot:spring-boot-starter:3.1.9,0.0
org.springframework.boot:spring-boot-starter:3.1.1,org.springframework.boot:spring-boot-starter:3.0.10,0.0
org.springframework.boot:spring-boot-starter:3.1.1,org.springframework.boot:spring-boot-starter:3.2.4,0.0
org.springframework.boot:spring-boot-starter:3.1.1,org.springframework.boot:spring-boot-starter:3.0.0,0.0
org.springframework.boot:spring-boot-starter:3.1.1,org.springframework.boot:spring-boot-starter:2.6.14,0.0
org.springframework.boot:spring-boot-starter:3.1.1,org.springframework.boot:spring-boot-starter:3.1.3,0.0
org.springframework.boot:spring-boot-starter:3.1.1,org.springframework.boot:spring-boot-starter:3.1.0,0.0
org.springframework.boot:spring-boot-starter:3.1.1,org.springframework.boot:spring-boot-starter:3.1.6,0.0
org.springframework.boot:spring-boot-starter:3.1.1,org.springframework.boot:spring-boot-starter:3.1.7,0.0
org.springframework.boot:spring-boot-starter:3.1.1,org.springframework.boot:spring-boot-starter:3.3.2,0.0
org.springframework.boot:spring-boot-starter:3.1.1,org.springframework.boot:spring-boot-starter:3.0.11,0.0
org.springframework.boot:spring-boot-starter:3.1.1,org.springframework.boot:spring-boot-starter:3.3.0,0.0
org.springframework.boot:spring-boot-starter:3.1.1,org.springframework.boot:spring-boot-starter:3.1.2,0.0
org.springframework.boot:spring-boot-starter:3.1.1,org.springframework.boot:spring-boot-starter:3.3.1,0.0
org.jetbrains.kotlin:kotlin-stdlib:1.4.0,org.jetbrains.kotlin:kotlin-stdlib:1.6.21,61.0
org.jetbrains.kotlin:kotlin-stdlib:1.4.0,org.jetbrains.kotlin:kotlin-stdlib:1.9.20,122.0
org.jetbrains.kotlin:kotlin-stdlib:1.4.0,org.jetbrains.kotlin:kotlin-stdlib:1.4.32,3.0
org.jetbrains.kotlin:kotlin-stdlib:1.4.0,org.jetbrains.kotlin:kotlin-stdlib:1.4.10,0.0
org.jetbrains.kotlin:kotlin-stdlib:1.4.0,org.jetbrains.kotlin:kotlin-stdlib:1.6.0,62.0
org.jetbrains.kotlin:kotlin-stdlib:1.4.0,org.jetbrains.kotlin:kotlin-stdlib:1.8.21,93.0
org.jetbrains.kotlin:kotlin-stdlib:1.4.0,org.jetbrains.kotlin:kotlin-stdlib:1.7.10,80.0
org.jetbrains.kotlin:kotlin-stdlib:1.4.0,org.jetbrains.kotlin:kotlin-stdlib:1.8.22,93.0
org.jetbrains.kotlin:kotlin-stdlib:1.4.0,org.jetbrains.kotlin:kotlin-stdlib:1.5.32,41.0
org.springframework.boot:spring-boot-starter-tomcat:3.1.1,org.springframework.boot:spring-boot-starter-tomcat:3.0.10,0.0
org.springframework.boot:spring-boot-starter-tomcat:3.1.1,org.springframework.boot:spring-boot-starter-tomcat:2.6.15,0.0
org.springframework.boot:spring-boot-starter-tomcat:3.1.1,org.springframework.boot:spring-boot-starter-tomcat:2.6.14,0.0
org.springframework.boot:spring-boot-starter-tomcat:3.1.1,org.springframework.boot:spring-boot-starter-tomcat:2.7.5,0.0
org.springframework.boot:spring-boot-starter-tomcat:3.1.1,org.springframework.boot:spring-boot-starter-tomcat:2.7.7,0.0
org.springframework.boot:spring-boot-starter-tomcat:3.1.1,org.springframework.boot:spring-boot-starter-tomcat:2.7.6,0.0
org.springframework.boot:spring-boot-starter-tomcat:3.1.1,org.springframework.boot:spring-boot-starter-tomcat:2.7.9,0.0
org.springframework.boot:spring-boot-starter-tomcat:3.1.1,org.springframework.boot:spring-boot-starter-tomcat:3.1.12,0.0
org.springframework.boot:spring-boot-starter-tomcat:3.1.1,org.springframework.boot:spring-boot-starter-tomcat:2.7.8,0.0
org.springframework.boot:spring-boot-starter-tomcat:3.1.1,org.springframework.boot:spring-boot-starter-tomcat:3.1.9,0.0
org.springframework.boot:spring-boot-starter-tomcat:3.1.1,org.springframework.boot:spring-boot-starter-tomcat:3.1.8,0.0
org.springframework.boot:spring-boot-starter-tomcat:3.1.1,org.springframework.boot:spring-boot-starter-tomcat:3.1.7,0.0
org.springframework.boot:spring-boot-starter-tomcat:3.1.1,org.springframework.boot:spring-boot-starter-tomcat:3.1.6,0.0
org.springframework.boot:spring-boot-starter-tomcat:3.1.1,org.springframework.boot:spring-boot-starter-tomcat:3.1.10,0.0
org.springframework.boot:spring-boot-starter-tomcat:3.1.1,org.springframework.boot:spring-boot-starter-tomcat:3.1.5,0.0
org.springframework.boot:spring-boot-starter-tomcat:3.1.1,org.springframework.boot:spring-boot-starter-tomcat:3.3.3,0.0
org.springframework.boot:spring-boot-starter-tomcat:3.1.1,org.springframework.boot:spring-boot-starter-tomcat:3.1.11,0.0
org.springframework:spring-webmvc:6.0.10,org.springframework:spring-webmvc:6.0.21,6.0
org.springframework:spring-webmvc:6.0.10,org.springframework:spring-webmvc:6.0.20,6.0
org.springframework:spring-webmvc:6.0.10,org.springframework:spring-webmvc:6.0.18,6.0
org.springframework.boot:spring-boot-starter-tomcat:3.1.1,org.springframework.boot:spring-boot-starter-tomcat:3.2.2,0.0
org.springframework.boot:spring-boot-starter-tomcat:3.1.1,org.springframework.boot:spring-boot-starter-tomcat:3.0.8,0.0
org.springframework.boot:spring-boot-starter-tomcat:3.1.1,org.springframework.boot:spring-boot-starter-tomcat:3.2.6,0.0
org.springframework.boot:spring-boot-starter-tomcat:3.1.1,org.springframework.boot:spring-boot-starter-tomcat:3.0.7,0.0
org.springframework.boot:spring-boot-starter-tomcat:3.1.1,org.springframework.boot:spring-boot-starter-tomcat:3.2.5,0.0
org.springframework.boot:spring-boot-starter-tomcat:3.1.1,org.springframework.boot:spring-boot-starter-tomcat:3.2.4,0.0
org.springframework.boot:spring-boot-starter-tomcat:3.1.1,org.springframework.boot:spring-boot-starter-tomcat:3.0.6,0.0
org.springframework.boot:spring-boot-starter-tomcat:3.1.1,org.springframework.boot:spring-boot-starter-tomcat:3.2.3,0.0
org.springframework.boot:spring-boot-starter-tomcat:3.1.1,org.springframework.boot:spring-boot-starter-tomcat:3.0.5,0.0
org.springframework.boot:spring-boot-starter-tomcat:3.1.1,org.springframework.boot:spring-boot-starter-tomcat:3.0.4,0.0
org.springframework.boot:spring-boot-starter-tomcat:3.1.1,org.springframework.boot:spring-boot-starter-tomcat:3.0.3,0.0
org.springframework.boot:spring-boot-starter-tomcat:3.1.1,org.springframework.boot:spring-boot-starter-tomcat:3.2.1,0.0
org.springframework.boot:spring-boot-starter-tomcat:3.1.1,org.springframework.boot:spring-boot-starter-tomcat:3.0.2,0.0
org.springframework.boot:spring-boot-starter-tomcat:3.1.1,org.springframework.boot:spring-boot-starter-tomcat:3.2.0,0.0
org.springframework.boot:spring-boot-starter-tomcat:3.1.1,org.springframework.boot:spring-boot-starter-tomcat:3.0.1,0.0
org.springframework.boot:spring-boot-starter-tomcat:3.1.1,org.springframework.boot:spring-boot-starter-tomcat:3.0.0,0.0
org.springframework.boot:spring-boot-starter-tomcat:3.1.1,org.springframework.boot:spring-boot-starter-tomcat:2.5.15,0.0
org.springframework.boot:spring-boot-starter-tomcat:3.1.1,org.springframework.boot:spring-boot-starter-tomcat:3.0.11,0.0
org.springframework.boot:spring-boot-starter-tomcat:3.1.1,org.springframework.boot:spring-boot-starter-tomcat:3.0.12,0.0
org.springframework.boot:spring-boot-starter-tomcat:3.1.1,org.springframework.boot:spring-boot-starter-tomcat:3.0.13,0.0
org.springframework.boot:spring-boot-starter-tomcat:3.1.1,org.springframework.boot:spring-boot-starter-tomcat:2.7.15,0.0
org.springframework.boot:spring-boot-starter-tomcat:3.1.1,org.springframework.boot:spring-boot-starter-tomcat:2.7.16,0.0
org.springframework.boot:spring-boot-starter-tomcat:3.1.1,org.springframework.boot:spring-boot-starter-tomcat:2.7.13,0.0
org.springframework:spring-core:6.1.5,org.springframework:spring-core:5.3.23,301.0
org.springframework:spring-core:6.1.5,org.springframework:spring-core:5.3.22,301.0
org.springframework:spring-core:6.1.5,org.springframework:spring-core:5.3.28,293.0
org.springframework.boot:spring-boot-starter-tomcat:3.1.1,org.springframework.boot:spring-boot-starter-tomcat:3.3.2,0.0
org.springframework:spring-core:6.1.5,org.springframework:spring-core:5.3.26,294.0
org.springframework.boot:spring-boot-starter-tomcat:3.1.1,org.springframework.boot:spring-boot-starter-tomcat:3.1.3,0.0
org.springframework:spring-core:6.1.5,org.springframework:spring-core:5.3.25,300.0
org.springframework.boot:spring-boot-starter-tomcat:3.1.1,org.springframework.boot:spring-boot-starter-tomcat:3.3.1,0.0
org.springframework.boot:spring-boot-starter-tomcat:3.1.1,org.springframework.boot:spring-boot-starter-tomcat:3.1.2,0.0
org.springframework.boot:spring-boot-starter-tomcat:3.1.1,org.springframework.boot:spring-boot-starter-tomcat:3.3.0,0.0
org.springframework.boot:spring-boot-starter-tomcat:3.1.1,org.springframework.boot:spring-boot-starter-tomcat:3.1.0,0.0
org.springframework.boot:spring-boot-starter-tomcat:3.1.1,org.springframework.boot:spring-boot-starter-tomcat:3.0.9,0.0
org.springframework.boot:spring-boot-starter-tomcat:3.1.1,org.springframework.boot:spring-boot-starter-tomcat:3.2.7,0.0
org.springframework:spring-core:6.1.5,org.springframework:spring-core:6.0.5,82.0
org.springframework.boot:spring-boot-starter-tomcat:3.1.1,org.springframework.boot:spring-boot-starter-tomcat:2.7.14,0.0
org.springframework.boot:spring-boot-starter-tomcat:3.1.1,org.springframework.boot:spring-boot-starter-tomcat:2.7.17,0.0
org.springframework:spring-beans:6.1.5,org.springframework:spring-beans:6.0.4,33.0
org.springframework.boot:spring-boot-starter-tomcat:3.1.1,org.springframework.boot:spring-boot-starter-tomcat:2.7.18,0.0
org.springframework:spring-beans:6.1.5,org.springframework:spring-beans:6.0.3,34.0
org.springframework.boot:spring-boot-starter-tomcat:3.1.1,org.springframework.boot:spring-boot-starter-tomcat:2.7.11,0.0
org.springframework.boot:spring-boot-starter-tomcat:3.1.1,org.springframework.boot:spring-boot-starter-tomcat:2.7.12,0.0
org.springframework:spring-beans:6.1.5,org.springframework:spring-beans:6.0.5,33.0
org.springframework.boot:spring-boot-starter-tomcat:3.1.1,org.springframework.boot:spring-boot-starter-tomcat:2.7.10,0.0
org.springframework:spring-beans:6.1.5,org.springframework:spring-beans:3.0.3.RELEASE,194.0
org.springframework.boot:spring-boot-starter-tomcat:3.1.1,org.springframework.boot:spring-boot-starter-tomcat:3.2.9,0.0
org.springframework.boot:spring-boot-starter-tomcat:3.1.1,org.springframework.boot:spring-boot-starter-tomcat:3.2.8,0.0
org.springframework.boot:spring-boot-starter:3.1.1,org.springframework.boot:spring-boot-starter:2.7.9,0.0
org.springframework.boot:spring-boot-starter:3.1.1,org.springframework.boot:spring-boot-starter:2.7.6,0.0
org.springframework.boot:spring-boot-starter:3.1.1,org.springframework.boot:spring-boot-starter:3.1.11,0.0
org.springframework.boot:spring-boot-starter:3.1.1,org.springframework.boot:spring-boot-starter:3.1.12,0.0
org.springframework:spring-beans:6.1.5,org.springframework:spring-beans:6.0.8,30.0
org.springframework:spring-beans:6.1.5,org.springframework:spring-beans:6.0.9,29.0
org.springframework:spring-beans:6.1.5,org.springframework:spring-beans:6.0.0,35.0
org.springframework:spring-beans:6.1.5,org.springframework:spring-beans:5.3.30,88.0
org.springframework:spring-beans:6.1.5,org.springframework:spring-beans:6.0.2,35.0
org.springframework:spring-beans:6.1.5,org.springframework:spring-beans:5.3.31,88.0
org.springframework.boot:spring-boot-starter:3.1.1,org.springframework.boot:spring-boot-starter:3.1.4,0.0
org.springframework:spring-beans:6.1.5,org.springframework:spring-beans:6.0.21,20.0
org.springframework.boot:spring-boot-starter:3.1.1,org.springframework.boot:spring-boot-starter:3.3.3,0.0
org.springframework:spring-beans:6.1.5,org.springframework:spring-beans:6.0.20,20.0
org.springframework.boot:spring-boot-starter:3.1.1,org.springframework.boot:spring-boot-starter:3.1.5,0.0
org.springframework.boot:spring-boot-starter:3.1.1,org.springframework.boot:spring-boot-starter:2.7.7,0.0
org.springframework.boot:spring-boot-starter:3.1.1,org.springframework.boot:spring-boot-starter:2.7.8,0.0
org.springframework.boot:spring-boot-starter:3.1.1,org.springframework.boot:spring-boot-starter:2.7.15,0.0
org.springframework.boot:spring-boot-starter:3.1.1,org.springframework.boot:spring-boot-starter:2.7.16,0.0
org.springframework.boot:spring-boot-starter:3.1.1,org.springframework.boot:spring-boot-starter:2.7.17,0.0
org.springframework.boot:spring-boot-starter-tomcat:3.1.1,org.springframework.boot:spring-boot-starter-tomcat:3.1.4,0.0
org.springframework.boot:spring-boot-starter:3.1.1,org.springframework.boot:spring-boot-starter:3.1.10,0.0
org.springframework.boot:spring-boot-starter:3.1.1,org.springframework.boot:spring-boot-starter:2.7.10,0.0
org.springframework.boot:spring-boot-starter:3.1.1,org.springframework.boot:spring-boot-starter:2.7.11,0.0
org.springframework.boot:spring-boot-starter:3.1.1,org.springframework.boot:spring-boot-starter:2.7.12,0.0
org.springframework.boot:spring-boot-starter:3.1.1,org.springframework.boot:spring-boot-starter:2.7.13,0.0
org.springframework.boot:spring-boot-starter:3.1.1,org.springframework.boot:spring-boot-starter:2.7.14,0.0
org.springframework:spring-beans:6.1.7,org.springframework:spring-beans:5.3.18,90.0
org.springframework:spring-beans:6.1.7,org.springframework:spring-beans:5.3.19,90.0
org.springframework:spring-beans:6.1.7,org.springframework:spring-beans:6.1.9,1.0
io.micrometer:micrometer-jakarta9:1.12.7,io.micrometer:micrometer-jakarta9:1.13.0,0.0
io.micrometer:micrometer-jakarta9:1.12.7,io.micrometer:micrometer-jakarta9:1.12.9,0.0
io.micrometer:micrometer-observation:1.12.7,io.micrometer:micrometer-observation:1.11.9,3.0
io.micrometer:micrometer-observation:1.12.7,io.micrometer:micrometer-observation:1.11.12,3.0
org.jetbrains.kotlin:kotlin-stdlib:1.4.0,org.jetbrains.kotlin:kotlin-stdlib:1.9.25,122.0
org.jetbrains.kotlin:kotlin-stdlib:1.4.0,org.jetbrains.kotlin:kotlin-stdlib:1.9.24,122.0
org.jetbrains.kotlin:kotlin-stdlib:1.4.0,org.jetbrains.kotlin:kotlin-stdlib:1.4.30,3.0
org.jetbrains.kotlin:kotlin-stdlib:1.4.0,org.jetbrains.kotlin:kotlin-stdlib:1.5.21,38.0
org.jetbrains.kotlin:kotlin-stdlib:1.4.0,org.jetbrains.kotlin:kotlin-stdlib:1.6.10,62.0
org.jetbrains.kotlin:kotlin-stdlib:1.4.0,org.jetbrains.kotlin:kotlin-stdlib:1.9.21,122.0
org.jetbrains.kotlin:kotlin-stdlib:1.4.0,org.jetbrains.kotlin:kotlin-stdlib:1.2.51,299.0
org.springframework:spring-beans:6.1.7,org.springframework:spring-beans:6.0.20,22.0
org.springframework:spring-beans:6.1.7,org.springframework:spring-beans:6.1.3,5.0
org.springframework:spring-beans:6.1.7,org.springframework:spring-beans:6.1.2,6.0
org.springframework:spring-beans:6.1.7,org.springframework:spring-beans:5.3.15,93.0
org.springframework:spring-beans:6.1.7,org.springframework:spring-beans:6.1.4,4.0
org.springframework:spring-beans:6.1.7,org.springframework:spring-beans:6.0.17,22.0
org.springframework:spring-beans:6.1.7,org.springframework:spring-beans:6.0.16,22.0
io.micrometer:micrometer-observation:1.12.7,io.micrometer:micrometer-observation:1.10.0,18.0
io.micrometer:micrometer-observation:1.12.7,io.micrometer:micrometer-observation:1.11.2,7.0
io.micrometer:micrometer-observation:1.12.7,io.micrometer:micrometer-observation:1.10.3,18.0
io.micrometer:micrometer-observation:1.12.7,io.micrometer:micrometer-observation:1.11.1,9.0
io.micrometer:micrometer-observation:1.12.7,io.micrometer:micrometer-observation:1.10.2,18.0
io.micrometer:micrometer-observation:1.12.7,io.micrometer:micrometer-observation:1.12.3,0.0
io.micrometer:micrometer-observation:1.12.7,io.micrometer:micrometer-observation:1.11.0,11.0
io.micrometer:micrometer-observation:1.12.7,io.micrometer:micrometer-observation:1.10.1,18.0
org.springframework:spring-beans:6.1.7,org.springframework:spring-beans:6.1.8,1.0
org.springframework:spring-beans:6.1.7,org.springframework:spring-beans:5.3.17,90.0
org.springframework:spring-beans:6.1.7,org.springframework:spring-beans:6.0.18,22.0
org.springframework:spring-beans:6.1.7,org.springframework:spring-beans:6.1.1,10.0
org.springframework:spring-beans:6.1.7,org.springframework:spring-beans:6.0.15,22.0
org.springframework:spring-beans:6.1.7,org.springframework:spring-beans:5.3.4,95.0
org.springframework:spring-core:6.0.10,org.springframework:spring-core:5.3.26,244.0
org.springframework:spring-core:6.0.10,org.springframework:spring-core:5.3.25,251.0
org.springframework:spring-core:6.0.10,org.springframework:spring-core:6.1.11,54.0
org.springframework:spring-core:6.0.10,org.springframework:spring-core:6.1.10,54.0
org.springframework:spring-core:6.0.10,org.springframework:spring-core:5.3.31,245.0
org.springframework:spring-core:6.0.10,org.springframework:spring-core:5.3.30,246.0
org.springframework:spring-core:6.0.10,org.springframework:spring-core:5.3.24,252.0
org.springframework:spring-core:6.0.10,org.springframework:spring-core:5.3.23,253.0
org.springframework:spring-core:6.0.10,org.springframework:spring-core:5.3.22,253.0
org.springframework:spring-core:6.0.10,org.springframework:spring-core:5.3.28,243.0
org.springframework:spring-beans:6.1.7,org.springframework:spring-beans:6.0.10,28.0
org.springframework:spring-beans:6.1.7,org.springframework:spring-beans:6.0.13,22.0
org.springframework:spring-beans:6.1.7,org.springframework:spring-beans:5.2.0.RELEASE,100.0
org.springframework:spring-beans:6.1.7,org.springframework:spring-beans:5.3.25,89.0
org.springframework:spring-beans:6.1.7,org.springframework:spring-beans:5.3.26,89.0
org.springframework:spring-beans:6.1.7,org.springframework:spring-beans:5.3.23,90.0
org.springframework:spring-beans:6.1.7,org.springframework:spring-beans:5.3.24,89.0
org.jetbrains.kotlin:kotlin-stdlib:1.4.0,org.jetbrains.kotlin:kotlin-stdlib:1.7.21,87.0
org.jetbrains.kotlin:kotlin-stdlib:1.4.0,org.jetbrains.kotlin:kotlin-stdlib:1.9.22,122.0
org.jetbrains.kotlin:kotlin-stdlib:1.4.0,org.jetbrains.kotlin:kotlin-stdlib:1.7.22,87.0
org.springframework:spring-core:6.0.10,org.springframework:spring-core:6.0.9,3.0
org.springframework:spring-core:6.0.10,org.springframework:spring-core:6.0.8,6.0
org.springframework:spring-core:6.0.10,org.springframework:spring-core:6.0.7,8.0
org.springframework:spring-core:6.0.10,org.springframework:spring-core:6.0.6,8.0
org.springframework:spring-core:6.0.10,org.springframework:spring-core:6.0.5,8.0
org.jetbrains.kotlin:kotlin-stdlib:1.4.0,org.jetbrains.kotlin:kotlin-stdlib:1.8.10,92.0
org.jetbrains.kotlin:kotlin-stdlib:1.4.0,org.jetbrains.kotlin:kotlin-stdlib:1.9.23,122.0
org.springframework:spring-beans:6.1.7,org.springframework:spring-beans:5.3.28,89.0
org.springframework:spring-beans:6.1.7,org.springframework:spring-beans:5.3.22,90.0
org.springframework:spring-beans:6.1.7,org.springframework:spring-beans:5.3.20,90.0
org.springframework:spring-core:6.1.7,org.springframework:spring-core:6.0.15,63.0
org.springframework:spring-core:6.1.7,org.springframework:spring-core:6.0.12,70.0
org.springframework:spring-core:6.1.7,org.springframework:spring-core:6.0.13,67.0
org.springframework:spring-core:6.1.7,org.springframework:spring-core:6.0.10,77.0
org.springframework:spring-beans:6.1.5,org.springframework:spring-beans:6.0.15,20.0
org.springframework:spring-beans:6.1.5,org.springframework:spring-beans:5.3.4,94.0
org.springframework:spring-beans:6.1.5,org.springframework:spring-beans:6.0.17,20.0
io.micrometer:micrometer-observation:1.12.7,io.micrometer:micrometer-observation:1.10.8,12.0
org.springframework:spring-beans:6.1.5,org.springframework:spring-beans:6.0.16,20.0
io.micrometer:micrometer-observation:1.12.7,io.micrometer:micrometer-observation:1.10.10,7.0
io.micrometer:micrometer-observation:1.12.8,io.micrometer:micrometer-observation:1.11.9,3.0
io.micrometer:micrometer-observation:1.12.8,io.micrometer:micrometer-observation:1.11.12,3.0
io.micrometer:micrometer-observation:1.12.8,io.micrometer:micrometer-observation:1.11.0,11.0
org.springframework:spring-beans:6.1.5,org.springframework:spring-beans:5.3.17,89.0
org.springframework:spring-beans:6.1.5,org.springframework:spring-beans:6.0.18,20.0
org.springframework:spring-beans:6.1.5,org.springframework:spring-beans:6.1.1,7.0
org.springframework:spring-beans:6.1.5,org.springframework:spring-beans:5.3.25,88.0
org.springframework:spring-beans:6.1.5,org.springframework:spring-beans:5.3.26,88.0
org.springframework:spring-beans:6.1.5,org.springframework:spring-beans:5.3.23,89.0
org.springframework:spring-beans:6.1.5,org.springframework:spring-beans:5.3.24,88.0
io.micrometer:micrometer-observation:1.12.8,io.micrometer:micrometer-observation:1.10.1,18.0
io.micrometer:micrometer-observation:1.12.8,io.micrometer:micrometer-observation:1.10.0,18.0
io.micrometer:micrometer-observation:1.12.8,io.micrometer:micrometer-observation:1.11.2,7.0
io.micrometer:micrometer-observation:1.12.8,io.micrometer:micrometer-observation:1.10.3,18.0
io.micrometer:micrometer-observation:1.12.8,io.micrometer:micrometer-observation:1.11.1,9.0
io.micrometer:micrometer-observation:1.12.8,io.micrometer:micrometer-observation:1.10.2,18.0
io.micrometer:micrometer-observation:1.12.8,io.micrometer:micrometer-observation:1.12.3,0.0
org.springframework:spring-beans:6.1.5,org.springframework:spring-beans:6.0.10,26.0
org.springframework:spring-beans:6.1.5,org.springframework:spring-beans:6.0.13,20.0
org.springframework:spring-beans:6.1.5,org.springframework:spring-beans:5.2.0.RELEASE,99.0
org.springframework:spring-beans:6.1.7,org.springframework:spring-beans:6.0.4,34.0
org.springframework:spring-beans:6.1.7,org.springframework:spring-beans:6.0.3,35.0
org.springframework:spring-beans:6.1.7,org.springframework:spring-beans:6.0.5,34.0
io.micrometer:micrometer-observation:1.12.7,io.micrometer:micrometer-observation:1.10.5,15.0
io.micrometer:micrometer-observation:1.12.7,io.micrometer:micrometer-observation:1.11.3,4.0
io.micrometer:micrometer-observation:1.12.7,io.micrometer:micrometer-observation:1.10.4,15.0
io.micrometer:micrometer-observation:1.12.7,io.micrometer:micrometer-observation:1.11.10,3.0
io.micrometer:micrometer-observation:1.12.7,io.micrometer:micrometer-observation:1.11.6,3.0
io.micrometer:micrometer-observation:1.12.7,io.micrometer:micrometer-observation:1.12.5,0.0
io.micrometer:micrometer-observation:1.12.7,io.micrometer:micrometer-observation:1.10.7,14.0
io.micrometer:micrometer-observation:1.12.7,io.micrometer:micrometer-observation:1.11.4,4.0
org.springframework:spring-beans:6.1.5,org.springframework:spring-beans:5.3.28,88.0
org.springframework:spring-beans:6.1.5,org.springframework:spring-beans:5.3.22,89.0
org.springframework:spring-beans:6.1.5,org.springframework:spring-beans:5.3.20,89.0
org.springframework:spring-beans:6.1.7,org.springframework:spring-beans:5.3.30,89.0
org.springframework:spring-beans:6.1.7,org.springframework:spring-beans:6.0.2,36.0
org.springframework:spring-beans:6.1.7,org.springframework:spring-beans:5.3.31,89.0
org.springframework:spring-beans:6.1.7,org.springframework:spring-beans:6.0.21,22.0
io.micrometer:micrometer-observation:1.12.7,io.micrometer:micrometer-observation:1.11.11,3.0
io.micrometer:micrometer-observation:1.12.7,io.micrometer:micrometer-observation:1.11.5,3.0
io.micrometer:micrometer-observation:1.12.7,io.micrometer:micrometer-observation:1.10.6,14.0
io.micrometer:micrometer-observation:1.12.7,io.micrometer:micrometer-observation:1.11.8,3.0
io.micrometer:micrometer-observation:1.12.7,io.micrometer:micrometer-observation:1.11.7,3.0
io.micrometer:micrometer-observation:1.12.7,io.micrometer:micrometer-observation:1.12.6,0.0
org.springframework:spring-beans:6.1.7,org.springframework:spring-beans:3.0.3.RELEASE,195.0
org.springframework:spring-beans:6.1.7,org.springframework:spring-beans:6.0.8,31.0
org.springframework:spring-beans:6.1.7,org.springframework:spring-beans:6.0.9,31.0
org.springframework:spring-beans:6.1.7,org.springframework:spring-beans:6.0.0,36.0
io.micrometer:micrometer-observation:1.12.8,io.micrometer:micrometer-observation:1.12.6,0.0
io.micrometer:micrometer-observation:1.12.8,io.micrometer:micrometer-observation:1.10.8,12.0
io.micrometer:micrometer-observation:1.12.8,io.micrometer:micrometer-observation:1.10.12,6.0
io.micrometer:micrometer-observation:1.12.8,io.micrometer:micrometer-observation:1.10.10,7.0
org.springframework.boot:spring-boot-starter:3.2.8,org.springframework.boot:spring-boot-starter:3.2.9,0.0
org.springframework.boot:spring-boot-starter:3.2.8,org.springframework.boot:spring-boot-starter:3.0.9,0.0
org.springframework:spring-beans:6.0.10,org.springframework:spring-beans:5.3.18,82.0
org.springframework:spring-beans:6.0.10,org.springframework:spring-beans:5.3.19,82.0
org.springframework:spring-beans:6.0.10,org.springframework:spring-beans:6.1.9,26.0
org.springframework:spring-beans:6.0.10,org.springframework:spring-beans:6.1.8,26.0
org.springframework:spring-beans:6.0.10,org.springframework:spring-beans:5.3.17,82.0
org.springframework:spring-beans:6.0.10,org.springframework:spring-beans:6.0.18,5.0
org.springframework:spring-beans:6.0.10,org.springframework:spring-beans:6.1.1,20.0
org.springframework:spring-beans:6.0.10,org.springframework:spring-beans:6.1.0,20.0
org.springframework:spring-beans:6.0.10,org.springframework:spring-beans:6.0.15,5.0
org.springframework:spring-beans:6.0.10,org.springframework:spring-beans:5.3.4,87.0
org.springframework.boot:spring-boot-starter:3.2.8,org.springframework.boot:spring-boot-starter:3.0.3,0.0
org.springframework.boot:spring-boot-starter:3.2.8,org.springframework.boot:spring-boot-starter:3.0.4,0.0
org.springframework.boot:spring-boot-starter:3.2.8,org.springframework.boot:spring-boot-starter:3.0.1,0.0
org.springframework.boot:spring-boot-starter:3.2.8,org.springframework.boot:spring-boot-starter:3.0.2,0.0
org.springframework.boot:spring-boot-starter:3.2.8,org.springframework.boot:spring-boot-starter:3.0.7,0.0
org.springframework.boot:spring-boot-starter:3.2.8,org.springframework.boot:spring-boot-starter:3.2.5,0.0
org.springframework:spring-beans:6.0.10,org.springframework:spring-beans:6.0.14,5.0
org.springframework:spring-beans:6.0.10,org.springframework:spring-beans:6.0.17,5.0
org.springframework:spring-beans:6.0.10,org.springframework:spring-beans:6.0.16,5.0
org.springframework:spring-beans:6.0.10,org.springframework:spring-beans:6.0.11,1.0
org.springframework:spring-beans:6.0.10,org.springframework:spring-beans:6.0.13,5.0
org.springframework:spring-beans:6.0.10,org.springframework:spring-beans:6.0.12,5.0
org.springframework:spring-beans:6.0.10,org.springframework:spring-beans:5.2.0.RELEASE,93.0
org.springframework:spring-beans:6.0.10,org.springframework:spring-beans:5.3.25,81.0
org.springframework:spring-beans:6.0.10,org.springframework:spring-beans:5.3.26,81.0
org.springframework.boot:spring-boot-starter:3.2.8,org.springframework.boot:spring-boot-starter:2.7.18,0.0
io.micrometer:micrometer-observation:1.12.8,io.micrometer:micrometer-observation:1.11.4,4.0
io.micrometer:micrometer-observation:1.12.8,io.micrometer:micrometer-observation:1.10.5,15.0
io.micrometer:micrometer-observation:1.12.8,io.micrometer:micrometer-observation:1.11.3,4.0
io.micrometer:micrometer-observation:1.12.8,io.micrometer:micrometer-observation:1.10.4,15.0
io.micrometer:micrometer-observation:1.12.8,io.micrometer:micrometer-observation:1.11.10,3.0
io.micrometer:micrometer-observation:1.12.8,io.micrometer:micrometer-observation:1.11.6,3.0
io.micrometer:micrometer-observation:1.12.8,io.micrometer:micrometer-observation:1.12.5,0.0
org.springframework:spring-beans:6.1.5,org.springframework:spring-beans:5.3.15,92.0
io.micrometer:micrometer-observation:1.12.8,io.micrometer:micrometer-observation:1.10.7,14.0
org.springframework:spring-beans:6.1.5,org.springframework:spring-beans:6.1.4,1.0
io.micrometer:micrometer-observation:1.12.8,io.micrometer:micrometer-observation:1.11.11,3.0
io.micrometer:micrometer-observation:1.12.8,io.micrometer:micrometer-observation:1.11.5,3.0
org.springframework:spring-beans:6.1.5,org.springframework:spring-beans:5.3.18,89.0
org.springframework:spring-beans:6.1.5,org.springframework:spring-beans:5.3.19,89.0
io.micrometer:micrometer-observation:1.12.8,io.micrometer:micrometer-observation:1.10.6,14.0
io.micrometer:micrometer-observation:1.12.8,io.micrometer:micrometer-observation:1.11.8,3.0
io.micrometer:micrometer-observation:1.12.8,io.micrometer:micrometer-observation:1.11.7,3.0
org.springframework:spring-beans:6.0.10,org.springframework:spring-beans:6.0.2,11.0
org.springframework:spring-beans:6.0.10,org.springframework:spring-beans:5.3.31,81.0
org.springframework:spring-beans:6.0.10,org.springframework:spring-beans:6.0.21,5.0
org.springframework:spring-beans:6.0.10,org.springframework:spring-beans:6.0.20,5.0
org.springframework:spring-beans:6.0.10,org.springframework:spring-beans:6.1.3,24.0
org.springframework:spring-beans:6.0.10,org.springframework:spring-beans:6.1.2,24.0
org.springframework:spring-beans:6.0.10,org.springframework:spring-beans:5.3.15,85.0
org.springframework:spring-beans:6.0.10,org.springframework:spring-beans:6.1.5,25.0
org.springframework:spring-beans:6.0.10,org.springframework:spring-beans:6.1.4,25.0
org.springframework:spring-beans:6.1.5,org.springframework:spring-beans:6.1.3,2.0
org.springframework:spring-beans:6.0.10,org.springframework:spring-beans:6.1.7,26.0
org.springframework:spring-beans:6.1.5,org.springframework:spring-beans:6.1.2,3.0
org.springframework:spring-core:6.0.10,org.springframework:spring-core:6.0.21,16.0
org.springframework:spring-core:6.0.10,org.springframework:spring-core:6.0.20,16.0
org.springframework:spring-core:6.0.10,org.springframework:spring-core:5.3.4,270.0
org.springframework:spring-core:6.0.10,org.springframework:spring-core:6.1.9,54.0
org.springframework:spring-core:6.0.10,org.springframework:spring-core:6.1.8,54.0
org.springframework:spring-core:6.0.10,org.springframework:spring-core:6.1.7,54.0
org.springframework:spring-core:6.0.10,org.springframework:spring-core:6.1.5,53.0
org.springframework:spring-core:6.0.10,org.springframework:spring-core:6.1.4,52.0
org.springframework:spring-core:6.0.10,org.springframework:spring-core:5.3.20,257.0
org.springframework:spring-core:6.0.10,org.springframework:spring-core:6.1.12,54.0
org.springframework:spring-core:6.0.10,org.springframework:spring-core:3.0.3.RELEASE,726.0
org.springframework:spring-core:6.0.10,org.springframework:spring-core:5.3.17,260.0
org.springframework:spring-core:6.0.10,org.springframework:spring-core:5.3.15,260.0
org.springframework:spring-core:6.0.10,org.springframework:spring-core:5.3.19,259.0
org.springframework:spring-core:6.0.10,org.springframework:spring-core:5.3.18,259.0
org.springframework:spring-core:6.0.10,org.springframework:spring-core:5.2.0.RELEASE,309.0
org.springframework:spring-core:6.0.10,org.springframework:spring-core:6.0.4,28.0
org.springframework:spring-core:6.0.10,org.springframework:spring-core:6.0.3,28.0
org.springframework:spring-core:6.0.10,org.springframework:spring-core:6.0.2,30.0
org.springframework:spring-beans:6.0.10,org.springframework:spring-beans:5.3.23,82.0
org.springframework:spring-beans:6.0.10,org.springframework:spring-beans:5.3.24,81.0
org.springframework:spring-beans:6.0.10,org.springframework:spring-beans:5.3.29,81.0
org.springframework:spring-beans:6.0.10,org.springframework:spring-beans:5.3.28,81.0
org.springframework:spring-beans:6.0.10,org.springframework:spring-beans:5.3.22,82.0
org.springframework:spring-beans:6.0.10,org.springframework:spring-beans:5.3.20,82.0
org.springframework:spring-core:6.0.10,org.springframework:spring-core:6.0.14,16.0
org.springframework:spring-core:6.0.10,org.springframework:spring-core:6.0.15,16.0
org.springframework:spring-core:6.0.10,org.springframework:spring-core:6.0.12,9.0
org.springframework:spring-core:6.0.10,org.springframework:spring-core:6.0.13,12.0
org.springframework:spring-core:6.0.10,org.springframework:spring-core:6.0.11,1.0
org.springframework:spring-core:6.0.10,org.springframework:spring-core:6.0.18,16.0
org.springframework:spring-core:6.0.10,org.springframework:spring-core:6.0.16,16.0
org.springframework:spring-core:6.0.10,org.springframework:spring-core:6.0.17,16.0
org.springframework:spring-core:6.0.10,org.springframework:spring-core:6.1.3,51.0
org.springframework:spring-core:6.0.10,org.springframework:spring-core:6.1.2,47.0
org.springframework:spring-core:6.0.10,org.springframework:spring-core:6.1.1,46.0
org.springframework:spring-core:6.0.10,org.springframework:spring-core:6.1.0,46.0
org.springframework:spring-core:6.1.0,org.springframework:spring-core:6.0.20,46.0
org.springframework:spring-core:6.1.0,org.springframework:spring-core:5.3.4,306.0
org.springframework:spring-core:6.1.0,org.springframework:spring-core:6.1.9,15.0
org.springframework:spring-core:6.1.0,org.springframework:spring-core:6.1.8,15.0
org.springframework:spring-core:6.1.0,org.springframework:spring-core:6.1.7,15.0
org.springframework:spring-core:6.1.0,org.springframework:spring-core:6.1.5,13.0
org.springframework:spring-core:6.1.0,org.springframework:spring-core:6.1.4,12.0
org.springframework:spring-core:6.1.0,org.springframework:spring-core:5.3.20,293.0
org.springframework:spring-core:6.1.0,org.springframework:spring-core:3.0.3.RELEASE,745.0
org.springframework.boot:spring-boot-actuator-autoconfigure:3.2.8,org.springframework.boot:spring-boot-actuator-autoconfigure:3.2.7,0.0
io.micrometer:micrometer-jakarta9:1.12.8,io.micrometer:micrometer-jakarta9:1.12.7,0.0
io.micrometer:micrometer-jakarta9:1.12.8,io.micrometer:micrometer-jakarta9:1.12.6,0.0
io.micrometer:micrometer-jakarta9:1.12.8,io.micrometer:micrometer-jakarta9:1.12.5,1.0
org.springframework:spring-beans:6.1.0,org.springframework:spring-beans:5.3.19,89.0
org.springframework:spring-beans:6.1.0,org.springframework:spring-beans:6.1.9,11.0
org.springframework:spring-beans:6.1.0,org.springframework:spring-beans:6.1.8,11.0
org.springframework:spring-beans:6.1.0,org.springframework:spring-beans:5.3.17,89.0
org.springframework:spring-beans:6.1.0,org.springframework:spring-beans:6.0.18,16.0
org.springframework:spring-beans:6.1.0,org.springframework:spring-beans:6.1.1,0.0
org.springframework:spring-beans:6.1.0,org.springframework:spring-beans:6.0.15,16.0
org.springframework:spring-beans:6.1.0,org.springframework:spring-beans:5.3.4,94.0
io.netty:netty-common:4.1.75.Final,io.netty:netty-common:4.1.43.Final,98.0
io.netty:netty-common:4.1.75.Final,io.netty:netty-common:4.1.111.Final,26.0
io.netty:netty-common:4.1.75.Final,io.netty:netty-common:4.1.92.Final,18.0
io.micrometer:micrometer-jakarta9:1.12.8,io.micrometer:micrometer-jakarta9:1.13.1,0.0
io.netty:netty-common:4.1.75.Final,io.netty:netty-common:4.1.82.Final,10.0
io.micrometer:micrometer-jakarta9:1.12.8,io.micrometer:micrometer-jakarta9:1.13.0,0.0
io.netty:netty-transport:4.1.75.Final,io.netty:netty-transport:4.1.94.Final,11.0
io.micrometer:micrometer-jakarta9:1.12.8,io.micrometer:micrometer-jakarta9:1.12.9,0.0
io.netty:netty-transport:4.1.75.Final,io.netty:netty-transport:4.1.84.Final,9.0
org.jetbrains.kotlin:kotlin-stdlib:1.9.25,org.jetbrains.kotlin:kotlin-stdlib:1.8.10,81.0
io.micrometer:micrometer-jakarta9:1.12.8,io.micrometer:micrometer-jakarta9:1.13.3,0.0
io.micrometer:micrometer-jakarta9:1.12.8,io.micrometer:micrometer-jakarta9:1.12.3,1.0
io.micrometer:micrometer-jakarta9:1.12.8,io.micrometer:micrometer-jakarta9:1.13.2,0.0
org.springframework:spring-beans:6.1.0,org.springframework:spring-beans:6.0.17,16.0
org.springframework:spring-beans:6.1.0,org.springframework:spring-beans:6.0.16,16.0
org.springframework:spring-beans:6.1.0,org.springframework:spring-beans:6.0.13,16.0
org.springframework:spring-beans:6.1.0,org.springframework:spring-beans:5.2.0.RELEASE,100.0
org.springframework:spring-beans:6.1.0,org.springframework:spring-beans:5.3.25,88.0
org.springframework:spring-beans:6.1.0,org.springframework:spring-beans:5.3.26,88.0
org.springframework:spring-beans:6.1.0,org.springframework:spring-beans:5.3.23,89.0
org.springframework:spring-beans:6.1.0,org.springframework:spring-beans:5.3.24,88.0
org.springframework:spring-beans:6.1.0,org.springframework:spring-beans:5.3.28,88.0
org.springframework:spring-beans:6.1.0,org.springframework:spring-beans:5.3.22,89.0
org.springframework:spring-beans:6.1.0,org.springframework:spring-beans:5.3.20,89.0
org.springframework:spring-core:6.1.0,org.springframework:spring-core:6.0.15,45.0
org.springframework:spring-core:6.1.0,org.springframework:spring-core:6.0.12,52.0
org.springframework:spring-core:6.1.0,org.springframework:spring-core:6.0.13,49.0
org.springframework:spring-core:6.1.0,org.springframework:spring-core:6.0.18,46.0
org.springframework:spring-core:6.1.0,org.springframework:spring-core:6.0.16,46.0
org.springframework:spring-core:6.1.0,org.springframework:spring-core:6.0.17,46.0
org.springframework:spring-core:6.1.0,org.springframework:spring-core:6.1.3,9.0
org.springframework:spring-core:6.1.0,org.springframework:spring-core:6.1.2,3.0
org.springframework:spring-core:6.1.0,org.springframework:spring-core:6.1.1,1.0
org.springframework:spring-core:6.1.5,org.springframework:spring-core:6.0.18,61.0
org.springframework:spring-core:6.1.5,org.springframework:spring-core:6.0.16,61.0
org.springframework:spring-core:6.1.5,org.springframework:spring-core:6.0.17,61.0
org.springframework.boot:spring-boot-starter:3.2.8,org.springframework.boot:spring-boot-starter:3.1.0,0.0
org.springframework.boot:spring-boot-starter:3.2.8,org.springframework.boot:spring-boot-starter:3.1.1,0.0
org.springframework.boot:spring-boot-starter:3.2.8,org.springframework.boot:spring-boot-starter:3.1.6,0.0
org.springframework.boot:spring-boot-starter:3.2.8,org.springframework.boot:spring-boot-starter:3.1.7,0.0
org.springframework.boot:spring-boot-starter:3.2.8,org.springframework.boot:spring-boot-starter:3.3.2,0.0
org.springframework.boot:spring-boot-starter:3.2.8,org.springframework.boot:spring-boot-starter:3.1.4,0.0
io.micrometer:micrometer-observation:1.10.8,io.micrometer:micrometer-observation:1.12.6,10.0
org.springframework.boot:spring-boot-starter:3.2.8,org.springframework.boot:spring-boot-starter:3.3.3,0.0
org.springframework.boot:spring-boot-starter:3.2.8,org.springframework.boot:spring-boot-starter:3.1.5,0.0
org.springframework.boot:spring-boot-starter:3.2.8,org.springframework.boot:spring-boot-starter:2.7.7,0.0
io.micrometer:micrometer-observation:1.10.8,io.micrometer:micrometer-observation:1.11.5,8.0
org.springframework.boot:spring-boot-starter:3.2.8,org.springframework.boot:spring-boot-starter:3.3.1,0.0
io.micrometer:micrometer-observation:1.10.8,io.micrometer:micrometer-observation:1.12.4,10.0
io.netty:netty-buffer:4.1.107.Final,io.netty:netty-buffer:4.1.101.Final,5.0
org.springframework.boot:spring-boot-starter:3.2.8,org.springframework.boot:spring-boot-starter:3.1.3,0.0
io.micrometer:micrometer-observation:1.10.8,io.micrometer:micrometer-observation:1.13.3,10.0
io.micrometer:micrometer-observation:1.10.8,io.micrometer:micrometer-observation:1.10.6,5.0
io.micrometer:micrometer-observation:1.10.8,io.micrometer:micrometer-observation:1.11.8,8.0
io.micrometer:micrometer-observation:1.10.8,io.micrometer:micrometer-observation:1.12.7,10.0
io.micrometer:micrometer-observation:1.10.8,io.micrometer:micrometer-observation:1.10.9,3.0
io.micrometer:micrometer-observation:1.10.8,io.micrometer:micrometer-observation:1.11.7,8.0
io.netty:netty-jni-util:0.0.6.Final,io.netty:netty-jni-util:0.0.9.Final,0.0
org.springframework:spring-core:6.1.5,org.springframework:spring-core:6.0.15,62.0
org.springframework:spring-core:6.1.5,org.springframework:spring-core:6.0.12,69.0
org.springframework:spring-core:6.1.5,org.springframework:spring-core:6.0.13,66.0
org.springframework.boot:spring-boot-starter:3.2.8,org.springframework.boot:spring-boot-starter:2.7.9,0.0
org.springframework.boot:spring-boot-starter:3.2.8,org.springframework.boot:spring-boot-starter:2.7.6,0.0
io.netty:netty-resolver:4.1.107.Final,io.netty:netty-resolver:4.1.93.Final,0.0
org.springframework.boot:spring-boot-starter:3.2.8,org.springframework.boot:spring-boot-starter:3.1.11,0.0
io.netty:netty-resolver:4.1.107.Final,io.netty:netty-resolver:4.1.108.Final,0.0
org.springframework.boot:spring-boot-starter:3.2.8,org.springframework.boot:spring-boot-starter:3.1.12,0.0
io.netty:netty-resolver:4.1.107.Final,io.netty:netty-resolver:4.1.43.Final,4.0
org.springframework.boot:spring-boot-starter:3.2.8,org.springframework.boot:spring-boot-starter:3.1.10,0.0
org.springframework:spring-beans:6.0.10,org.springframework:spring-beans:6.0.3,10.0
io.netty:netty-resolver:4.1.107.Final,io.netty:netty-resolver:4.1.112.Final,0.0
org.springframework.boot:spring-boot-starter:3.2.8,org.springframework.boot:spring-boot-starter:2.7.10,0.0
org.springframework:spring-beans:6.0.10,org.springframework:spring-beans:6.0.6,9.0
io.netty:netty-resolver:4.1.107.Final,io.netty:netty-resolver:4.1.17.Final,6.0
org.springframework.boot:spring-boot-starter:3.2.8,org.springframework.boot:spring-boot-starter:2.7.11,0.0
org.springframework:spring-beans:6.0.10,org.springframework:spring-beans:6.0.5,9.0
org.springframework.boot:spring-boot-starter:3.2.8,org.springframework.boot:spring-boot-starter:2.7.12,0.0
org.springframework:spring-beans:6.0.10,org.springframework:spring-beans:3.0.3.RELEASE,190.0
io.netty:netty-resolver:4.1.107.Final,io.netty:netty-resolver:4.1.70.Final,1.0
org.springframework.boot:spring-boot-starter:3.2.8,org.springframework.boot:spring-boot-starter:2.7.13,0.0
io.netty:netty-resolver:4.1.107.Final,io.netty:netty-resolver:4.1.75.Final,0.0
org.springframework.boot:spring-boot-starter:3.2.8,org.springframework.boot:spring-boot-starter:2.7.8,0.0
io.netty:netty-resolver:4.1.107.Final,io.netty:netty-resolver:4.1.85.Final,0.0
io.micrometer:micrometer-observation:1.10.8,io.micrometer:micrometer-observation:1.10.10,6.0
org.springframework:spring-beans:6.0.10,org.springframework:spring-beans:6.1.11,26.0
org.springframework:spring-beans:6.0.10,org.springframework:spring-beans:6.1.12,26.0
org.springframework:spring-beans:6.0.10,org.springframework:spring-beans:6.1.10,26.0
org.springframework:spring-beans:6.0.10,org.springframework:spring-beans:6.0.4,9.0
org.springframework:spring-core:6.1.5,org.springframework:spring-core:6.1.3,5.0
org.springframework:spring-core:6.1.5,org.springframework:spring-core:6.1.2,11.0
org.springframework:spring-core:6.1.5,org.springframework:spring-core:6.1.1,22.0
org.springframework:spring-core:6.1.5,org.springframework:spring-core:6.0.20,61.0
org.springframework:spring-core:6.1.5,org.springframework:spring-core:5.3.4,318.0
org.springframework:spring-core:6.1.5,org.springframework:spring-core:5.3.18,307.0
org.springframework:spring-core:6.1.5,org.springframework:spring-core:5.2.0.RELEASE,354.0
org.springframework.boot:spring-boot-starter:3.2.8,org.springframework.boot:spring-boot-starter:3.0.8,0.0
org.springframework.boot:spring-boot-starter:3.2.8,org.springframework.boot:spring-boot-starter:3.2.6,0.0
org.springframework.boot:spring-boot-starter:3.2.8,org.springframework.boot:spring-boot-starter:3.0.5,0.0
org.springframework.boot:spring-boot-starter:3.2.8,org.springframework.boot:spring-boot-starter:3.2.3,0.0
org.springframework.boot:spring-boot-starter:3.2.8,org.springframework.boot:spring-boot-starter:3.0.6,0.0
org.springframework.boot:spring-boot-starter:3.2.8,org.springframework.boot:spring-boot-starter:3.2.4,0.0
io.micrometer:micrometer-observation:1.10.8,io.micrometer:micrometer-observation:1.11.4,8.0
org.springframework.boot:spring-boot-starter:3.2.8,org.springframework.boot:spring-boot-starter:3.0.0,0.0
io.micrometer:micrometer-observation:1.10.8,io.micrometer:micrometer-observation:1.10.1,10.0
io.micrometer:micrometer-observation:1.10.8,io.micrometer:micrometer-observation:1.10.0,11.0
io.micrometer:micrometer-observation:1.10.8,io.micrometer:micrometer-observation:1.11.2,5.0
io.micrometer:micrometer-observation:1.10.8,io.micrometer:micrometer-observation:1.13.0,10.0
io.micrometer:micrometer-observation:1.10.8,io.micrometer:micrometer-observation:1.10.3,10.0
io.micrometer:micrometer-observation:1.10.8,io.micrometer:micrometer-observation:1.12.1,10.0
io.micrometer:micrometer-observation:1.10.8,io.micrometer:micrometer-observation:1.11.1,3.0
io.micrometer:micrometer-observation:1.10.8,io.micrometer:micrometer-observation:1.10.2,10.0
io.micrometer:micrometer-observation:1.10.8,io.micrometer:micrometer-observation:1.12.0,10.0
io.micrometer:micrometer-observation:1.10.8,io.micrometer:micrometer-observation:1.12.3,10.0
org.springframework:spring-core:6.1.5,org.springframework:spring-core:6.1.4,2.0
org.springframework:spring-core:6.1.5,org.springframework:spring-core:5.3.20,305.0
org.springframework:spring-core:6.1.5,org.springframework:spring-core:3.0.3.RELEASE,754.0
org.springframework:spring-core:6.1.5,org.springframework:spring-core:5.3.17,308.0
org.springframework:spring-core:6.1.5,org.springframework:spring-core:5.3.15,308.0
org.springframework:spring-core:6.1.5,org.springframework:spring-core:5.3.19,307.0
org.springframework:spring-core:6.1.5,org.springframework:spring-core:5.3.24,300.0
org.springframework.boot:spring-boot-starter:3.2.8,org.springframework.boot:spring-boot-starter:3.0.12,0.0
org.springframework.boot:spring-boot-starter:3.2.8,org.springframework.boot:spring-boot-starter:3.0.13,0.0
org.springframework.boot:spring-boot-starter:3.2.8,org.springframework.boot:spring-boot-starter:3.1.8,0.0
org.springframework.boot:spring-boot-starter:3.2.8,org.springframework.boot:spring-boot-starter:3.1.9,0.0
org.springframework.boot:spring-boot-starter:3.2.8,org.springframework.boot:spring-boot-starter:3.0.10,0.0
io.netty:netty-buffer:4.1.107.Final,io.netty:netty-buffer:4.1.106.Final,1.0
org.springframework.boot:spring-boot-starter:3.2.8,org.springframework.boot:spring-boot-starter:3.0.11,0.0
io.micrometer:micrometer-observation:1.10.8,io.micrometer:micrometer-observation:1.10.7,5.0
org.springframework.boot:spring-boot-starter:3.2.8,org.springframework.boot:spring-boot-starter:3.3.0,0.0
io.micrometer:micrometer-observation:1.10.8,io.micrometer:micrometer-observation:1.11.11,8.0
org.springframework.boot:spring-boot-starter:3.2.8,org.springframework.boot:spring-boot-starter:3.1.2,0.0
io.micrometer:micrometer-observation:1.10.8,io.micrometer:micrometer-observation:1.13.2,10.0
org.springframework.boot:spring-boot-starter:3.2.8,org.springframework.boot:spring-boot-starter:2.6.14,0.0
io.micrometer:micrometer-observation:1.10.8,io.micrometer:micrometer-observation:1.10.5,7.0
org.springframework.boot:spring-boot-starter:3.2.8,org.springframework.boot:spring-boot-starter:2.6.15,0.0
io.micrometer:micrometer-observation:1.10.8,io.micrometer:micrometer-observation:1.11.3,8.0
org.springframework.boot:spring-boot-starter:3.2.8,org.springframework.boot:spring-boot-starter:2.5.15,0.0
io.micrometer:micrometer-observation:1.10.8,io.micrometer:micrometer-observation:1.13.1,10.0
io.micrometer:micrometer-observation:1.10.8,io.micrometer:micrometer-observation:1.10.4,7.0
io.micrometer:micrometer-observation:1.10.8,io.micrometer:micrometer-observation:1.12.2,10.0
io.micrometer:micrometer-observation:1.10.8,io.micrometer:micrometer-observation:1.11.10,8.0
io.micrometer:micrometer-observation:1.10.8,io.micrometer:micrometer-observation:1.11.6,8.0
io.micrometer:micrometer-observation:1.10.8,io.micrometer:micrometer-observation:1.12.5,10.0
org.springframework:spring-core:6.1.5,org.springframework:spring-core:6.0.3,101.0
org.springframework:spring-core:6.1.5,org.springframework:spring-core:6.0.2,102.0
org.springframework:spring-core:6.1.5,org.springframework:spring-core:5.3.31,291.0
org.springframework:spring-core:6.1.5,org.springframework:spring-core:5.3.30,291.0
org.springframework.boot:spring-boot-actuator-autoconfigure:3.2.8,org.springframework.boot:spring-boot-actuator-autoconfigure:2.7.12,216.0
org.springframework.boot:spring-boot-actuator-autoconfigure:3.2.8,org.springframework.boot:spring-boot-actuator-autoconfigure:2.7.5,221.0
org.springframework.boot:spring-boot-actuator-autoconfigure:3.2.8,org.springframework.boot:spring-boot-actuator-autoconfigure:2.7.6,220.0
org.springframework.boot:spring-boot-actuator-autoconfigure:3.2.8,org.springframework.boot:spring-boot-actuator-autoconfigure:2.7.7,220.0
org.springframework.boot:spring-boot-actuator-autoconfigure:3.2.8,org.springframework.boot:spring-boot-actuator-autoconfigure:2.7.8,220.0
org.springframework.boot:spring-boot-actuator-autoconfigure:3.2.8,org.springframework.boot:spring-boot-actuator-autoconfigure:2.6.14,227.0
org.springframework.boot:spring-boot-actuator-autoconfigure:3.2.8,org.springframework.boot:spring-boot-actuator-autoconfigure:2.7.9,220.0
org.springframework.boot:spring-boot-actuator-autoconfigure:3.2.8,org.springframework.boot:spring-boot-actuator-autoconfigure:2.6.15,223.0
org.springframework.boot:spring-boot-actuator-autoconfigure:3.2.8,org.springframework.boot:spring-boot-actuator-autoconfigure:3.1.6,72.0
io.netty:netty-codec:4.1.107.Final,io.netty:netty-codec:4.1.5.Final,42.0
org.springframework.boot:spring-boot-actuator-autoconfigure:3.2.8,org.springframework.boot:spring-boot-actuator-autoconfigure:3.1.7,71.0
io.netty:netty-codec:4.1.107.Final,io.netty:netty-codec:4.1.94.Final,5.0
io.netty:netty-codec:4.1.107.Final,io.netty:netty-codec:4.1.84.Final,10.0
io.netty:netty-codec:4.1.107.Final,io.netty:netty-codec:4.1.39.Final,29.0
io.netty:netty-codec:4.1.107.Final,io.netty:netty-codec:4.1.91.Final,6.0
io.netty:netty-codec:4.1.107.Final,io.netty:netty-codec:4.1.85.Final,10.0
io.netty:netty-codec:4.1.107.Final,io.netty:netty-codec:4.1.75.Final,13.0
io.netty:netty-resolver:4.1.107.Final,io.netty:netty-resolver:4.1.39.Final,4.0
io.netty:netty-resolver:4.1.107.Final,io.netty:netty-resolver:4.1.87.Final,0.0
org.springframework:spring-core:6.1.0,org.springframework:spring-core:5.3.18,295.0
org.springframework:spring-core:6.1.0,org.springframework:spring-core:5.2.0.RELEASE,343.0
org.springframework.boot:spring-boot-actuator-autoconfigure:3.2.8,org.springframework.boot:spring-boot-actuator-autoconfigure:3.3.2,29.0
org.springframework:spring-core:6.1.0,org.springframework:spring-core:6.0.3,85.0
org.springframework.boot:spring-boot-actuator-autoconfigure:3.2.8,org.springframework.boot:spring-boot-actuator-autoconfigure:3.1.4,74.0
org.springframework:spring-core:6.1.0,org.springframework:spring-core:6.0.2,86.0
org.springframework.boot:spring-boot-actuator-autoconfigure:3.2.8,org.springframework.boot:spring-boot-actuator-autoconfigure:3.3.3,29.0
org.springframework.boot:spring-boot-actuator-autoconfigure:3.2.8,org.springframework.boot:spring-boot-actuator-autoconfigure:3.1.5,73.0
org.springframework:spring-core:6.1.0,org.springframework:spring-core:6.1.12,15.0
org.springframework.boot:spring-boot-actuator-autoconfigure:3.2.8,org.springframework.boot:spring-boot-actuator-autoconfigure:3.1.8,71.0
org.springframework.boot:spring-boot-actuator-autoconfigure:3.2.8,org.springframework.boot:spring-boot-actuator-autoconfigure:3.1.9,70.0
org.springframework.boot:spring-boot-actuator-autoconfigure:3.2.8,org.springframework.boot:spring-boot-actuator-autoconfigure:3.1.12,69.0
org.springframework.boot:spring-boot-actuator-autoconfigure:3.2.8,org.springframework.boot:spring-boot-actuator-autoconfigure:3.1.11,70.0
org.springframework.boot:spring-boot-actuator-autoconfigure:3.2.8,org.springframework.boot:spring-boot-actuator-autoconfigure:3.1.10,70.0
org.springframework.boot:spring-boot-actuator-autoconfigure:3.2.8,org.springframework.boot:spring-boot-actuator-autoconfigure:3.3.0,29.0
io.netty:netty-codec:4.1.107.Final,io.netty:netty-codec:4.1.104.Final,2.0
io.netty:netty-codec:4.1.107.Final,io.netty:netty-codec:4.1.82.Final,13.0
io.netty:netty-codec:4.1.107.Final,io.netty:netty-codec:4.1.43.Final,29.0
io.netty:netty-codec:4.1.107.Final,io.netty:netty-codec:4.1.17.Final,32.0
io.netty:netty-codec:4.1.107.Final,io.netty:netty-codec:4.1.87.Final,10.0
io.netty:netty-codec:4.1.107.Final,io.netty:netty-codec:4.1.51.Final,25.0
io.netty:netty-codec:4.1.107.Final,io.netty:netty-codec:4.1.70.Final,11.0
io.netty:netty-codec:4.1.107.Final,io.netty:netty-codec:4.1.101.Final,2.0
io.netty:netty-codec:4.1.107.Final,io.netty:netty-codec:4.1.96.Final,4.0
io.netty:netty-codec:4.1.107.Final,io.netty:netty-codec:4.1.86.Final,10.0
org.springframework:spring-core:6.1.0,org.springframework:spring-core:5.3.17,296.0
org.springframework:spring-core:6.1.0,org.springframework:spring-core:5.3.15,296.0
org.springframework:spring-core:6.1.0,org.springframework:spring-core:5.3.19,295.0
org.springframework:spring-core:6.1.0,org.springframework:spring-core:5.3.24,288.0
org.springframework:spring-core:6.1.0,org.springframework:spring-core:5.3.23,289.0
org.springframework:spring-core:6.1.0,org.springframework:spring-core:5.3.22,289.0
org.springframework:spring-core:6.1.0,org.springframework:spring-core:5.3.28,281.0
org.springframework:spring-core:6.1.0,org.springframework:spring-core:5.3.26,282.0
org.springframework.boot:spring-boot-starter:3.2.8,org.springframework.boot:spring-boot-starter:2.7.14,0.0
org.springframework.boot:spring-boot-starter:3.2.8,org.springframework.boot:spring-boot-starter:2.7.15,0.0
org.springframework.boot:spring-boot-starter:3.2.8,org.springframework.boot:spring-boot-starter:2.7.16,0.0
org.springframework.boot:spring-boot-starter:3.2.8,org.springframework.boot:spring-boot-starter:2.7.17,0.0
org.springframework.boot:spring-boot-actuator-autoconfigure:3.2.8,org.springframework.boot:spring-boot-actuator-autoconfigure:3.0.0,111.0
io.netty:netty-resolver:4.1.107.Final,io.netty:netty-resolver:4.1.89.Final,0.0
org.springframework.boot:spring-boot-actuator-autoconfigure:3.2.8,org.springframework.boot:spring-boot-actuator-autoconfigure:2.7.18,212.0
io.netty:netty-resolver:4.1.107.Final,io.netty:netty-resolver:4.1.79.Final,0.0
org.springframework.boot:spring-boot-actuator-autoconfigure:3.2.8,org.springframework.boot:spring-boot-actuator-autoconfigure:3.0.3,106.0
io.netty:netty-resolver:4.1.107.Final,io.netty:netty-resolver:4.1.106.Final,0.0
org.springframework.boot:spring-boot-actuator-autoconfigure:3.2.8,org.springframework.boot:spring-boot-actuator-autoconfigure:2.7.15,213.0
io.netty:netty-resolver:4.1.107.Final,io.netty:netty-resolver:4.1.111.Final,0.0
io.netty:netty-resolver:4.1.107.Final,io.netty:netty-resolver:4.1.51.Final,3.0
org.springframework.boot:spring-boot-actuator-autoconfigure:3.2.8,org.springframework.boot:spring-boot-actuator-autoconfigure:3.0.4,106.0
io.netty:netty-resolver:4.1.107.Final,io.netty:netty-resolver:4.1.91.Final,0.0
org.springframework:spring-beans:6.0.10,org.springframework:spring-beans:6.0.8,5.0
io.netty:netty-resolver:4.1.107.Final,io.netty:netty-resolver:4.1.81.Final,0.0
org.springframework:spring-beans:6.0.10,org.springframework:spring-beans:6.0.7,6.0
io.netty:netty-resolver:4.1.107.Final,io.netty:netty-resolver:4.1.86.Final,0.0
org.springframework:spring-beans:6.0.10,org.springframework:spring-beans:6.0.9,3.0
io.netty:netty-resolver:4.1.107.Final,io.netty:netty-resolver:4.1.96.Final,0.0
io.netty:netty-resolver:4.1.107.Final,io.netty:netty-resolver:4.1.104.Final,0.0
org.springframework:spring-beans:6.0.10,org.springframework:spring-beans:6.0.0,11.0
org.springframework:spring-beans:6.0.10,org.springframework:spring-beans:5.3.30,81.0
org.springframework:spring-core:6.1.0,org.springframework:spring-core:6.1.11,15.0
org.springframework:spring-core:6.1.0,org.springframework:spring-core:6.1.10,15.0
org.springframework:spring-core:6.1.0,org.springframework:spring-core:5.3.31,278.0
org.springframework:spring-core:6.1.0,org.springframework:spring-core:5.3.30,278.0
org.springframework:spring-core:6.1.0,org.springframework:spring-core:6.0.5,66.0
io.netty:netty-jni-util:0.0.6.Final,io.netty:netty-jni-util:0.0.3.Final,0.0
io.netty:netty-jni-util:0.0.6.Final,io.netty:netty-jni-util:0.0.7.Final,0.0
org.springframework.boot:spring-boot-actuator-autoconfigure:3.2.8,org.springframework.boot:spring-boot-actuator-autoconfigure:2.7.14,216.0
org.springframework.boot:spring-boot-actuator-autoconfigure:3.2.8,org.springframework.boot:spring-boot-actuator-autoconfigure:3.0.1,110.0
org.springframework.boot:spring-boot-actuator-autoconfigure:3.2.8,org.springframework.boot:spring-boot-actuator-autoconfigure:2.7.17,212.0
org.springframework.boot:spring-boot-actuator-autoconfigure:3.2.8,org.springframework.boot:spring-boot-actuator-autoconfigure:3.0.2,108.0
org.springframework.boot:spring-boot-actuator-autoconfigure:3.2.8,org.springframework.boot:spring-boot-actuator-autoconfigure:2.7.16,213.0
io.netty:netty-resolver:4.1.107.Final,io.netty:netty-resolver:4.1.5.Final,10.0
org.springframework.boot:spring-boot-actuator-autoconfigure:3.2.8,org.springframework.boot:spring-boot-actuator-autoconfigure:2.7.11,218.0
io.netty:netty-resolver:4.1.107.Final,io.netty:netty-resolver:4.1.82.Final,0.0
org.springframework.boot:spring-boot-actuator-autoconfigure:3.2.8,org.springframework.boot:spring-boot-actuator-autoconfigure:2.7.10,220.0
io.netty:netty-resolver:4.1.107.Final,io.netty:netty-resolver:4.1.110.Final,0.0
org.springframework.boot:spring-boot-actuator-autoconfigure:3.2.8,org.springframework.boot:spring-boot-actuator-autoconfigure:2.7.13,216.0
io.netty:netty-resolver:4.1.107.Final,io.netty:netty-resolver:4.1.92.Final,0.0
io.netty:netty-resolver:4.1.107.Final,io.netty:netty-resolver:4.1.97.Final,0.0
io.netty:netty-resolver:4.1.107.Final,io.netty:netty-resolver:4.1.99.Final,0.0
io.netty:netty-resolver:4.1.107.Final,io.netty:netty-resolver:4.1.109.Final,0.0
io.netty:netty-resolver:4.1.107.Final,io.netty:netty-resolver:4.1.84.Final,0.0
io.netty:netty-resolver:4.1.107.Final,io.netty:netty-resolver:4.1.94.Final,0.0
io.netty:netty-resolver:4.1.107.Final,io.netty:netty-resolver:4.1.101.Final,0.0
org.springframework:spring-core:6.1.0,org.springframework:spring-core:5.3.25,288.0
io.netty:netty-transport:4.1.75.Final,io.netty:netty-transport:4.1.51.Final,25.0
io.netty:netty-transport:4.1.75.Final,io.netty:netty-transport:4.1.111.Final,15.0
io.netty:netty-transport:4.1.75.Final,io.netty:netty-transport:4.1.106.Final,13.0
io.netty:netty-transport:4.1.75.Final,io.netty:netty-transport:4.1.99.Final,12.0
io.netty:netty-transport:4.1.75.Final,io.netty:netty-transport:4.1.89.Final,10.0
io.netty:netty-transport:4.1.75.Final,io.netty:netty-transport:4.1.79.Final,5.0
io.netty:netty-transport:4.1.75.Final,io.netty:netty-transport:4.1.97.Final,12.0
io.netty:netty-transport:4.1.75.Final,io.netty:netty-transport:4.1.87.Final,10.0
io.netty:netty-transport:4.1.75.Final,io.netty:netty-transport:4.1.5.Final,77.0
io.netty:netty-transport:4.1.75.Final,io.netty:netty-transport:4.1.92.Final,11.0
org.springframework:spring-core:6.0.12,org.springframework:spring-core:6.0.18,9.0
org.springframework:spring-core:6.0.12,org.springframework:spring-core:6.0.16,9.0
org.springframework:spring-core:6.0.12,org.springframework:spring-core:6.0.17,9.0
org.springframework:spring-core:6.0.12,org.springframework:spring-core:6.1.3,45.0
org.springframework:spring-core:6.0.12,org.springframework:spring-core:6.1.2,40.0
org.springframework:spring-core:6.0.12,org.springframework:spring-core:6.1.1,39.0
org.springframework:spring-core:6.0.12,org.springframework:spring-core:6.1.0,39.0
org.springframework:spring-core:6.0.12,org.springframework:spring-core:6.0.21,9.0
org.springframework:spring-core:6.0.12,org.springframework:spring-core:6.0.20,9.0
org.springframework:spring-core:6.0.12,org.springframework:spring-core:5.3.4,273.0
org.springframework.boot:spring-boot-actuator-autoconfigure:3.2.8,org.springframework.boot:spring-boot-actuator-autoconfigure:3.1.2,84.0
org.springframework.boot:spring-boot-actuator-autoconfigure:3.2.8,org.springframework.boot:spring-boot-actuator-autoconfigure:3.3.1,29.0
org.springframework.boot:spring-boot-actuator-autoconfigure:3.2.8,org.springframework.boot:spring-boot-actuator-autoconfigure:3.1.3,76.0
org.springframework.boot:spring-boot-actuator-autoconfigure:3.2.8,org.springframework.boot:spring-boot-actuator-autoconfigure:3.1.0,85.0
org.springframework.boot:spring-boot-actuator-autoconfigure:3.2.8,org.springframework.boot:spring-boot-actuator-autoconfigure:3.1.1,84.0
org.springframework.boot:spring-boot-actuator-autoconfigure:3.2.8,org.springframework.boot:spring-boot-actuator-autoconfigure:2.5.15,257.0
org.springframework.boot:spring-boot-actuator-autoconfigure:3.2.8,org.springframework.boot:spring-boot-actuator-autoconfigure:3.0.12,87.0
org.springframework.boot:spring-boot-actuator-autoconfigure:3.2.8,org.springframework.boot:spring-boot-actuator-autoconfigure:3.0.13,87.0
org.springframework.boot:spring-boot-actuator-autoconfigure:3.2.8,org.springframework.boot:spring-boot-actuator-autoconfigure:3.0.10,90.0
org.springframework.boot:spring-boot-actuator-autoconfigure:3.2.8,org.springframework.boot:spring-boot-actuator-autoconfigure:3.0.11,88.0
io.netty:netty-transport:4.1.75.Final,io.netty:netty-transport:4.1.39.Final,37.0
io.netty:netty-transport:4.1.75.Final,io.netty:netty-transport:4.1.104.Final,13.0
io.netty:netty-transport:4.1.75.Final,io.netty:netty-transport:4.1.81.Final,7.0
io.netty:netty-transport:4.1.75.Final,io.netty:netty-transport:4.1.43.Final,33.0
io.netty:netty-transport:4.1.75.Final,io.netty:netty-transport:4.1.96.Final,12.0
io.netty:netty-transport:4.1.75.Final,io.netty:netty-transport:4.1.109.Final,14.0
io.netty:netty-transport:4.1.75.Final,io.netty:netty-transport:4.1.91.Final,11.0
io.netty:netty-transport:4.1.75.Final,io.netty:netty-transport:4.1.86.Final,10.0
io.netty:netty-codec:4.1.107.Final,io.netty:netty-codec:4.1.89.Final,7.0
io.netty:netty-codec:4.1.107.Final,io.netty:netty-codec:4.1.79.Final,13.0
org.springframework.boot:spring-boot-actuator-autoconfigure:3.2.8,org.springframework.boot:spring-boot-actuator-autoconfigure:3.0.7,99.0
org.springframework.boot:spring-boot-actuator-autoconfigure:3.2.8,org.springframework.boot:spring-boot-actuator-autoconfigure:3.2.5,1.0
org.springframework.boot:spring-boot-actuator-autoconfigure:3.2.8,org.springframework.boot:spring-boot-actuator-autoconfigure:3.0.8,98.0
org.springframework.boot:spring-boot-actuator-autoconfigure:3.2.8,org.springframework.boot:spring-boot-actuator-autoconfigure:3.2.6,0.0
org.springframework.boot:spring-boot-actuator-autoconfigure:3.2.8,org.springframework.boot:spring-boot-actuator-autoconfigure:3.0.5,106.0
org.springframework.boot:spring-boot-actuator-autoconfigure:3.2.8,org.springframework.boot:spring-boot-actuator-autoconfigure:3.2.3,1.0
org.springframework.boot:spring-boot-actuator-autoconfigure:3.2.8,org.springframework.boot:spring-boot-actuator-autoconfigure:3.0.6,101.0
org.springframework.boot:spring-boot-actuator-autoconfigure:3.2.8,org.springframework.boot:spring-boot-actuator-autoconfigure:3.2.9,0.0
org.springframework.boot:spring-boot-actuator-autoconfigure:3.2.8,org.springframework.boot:spring-boot-actuator-autoconfigure:3.0.9,98.0
io.netty:netty-transport:4.1.75.Final,io.netty:netty-transport:4.1.82.Final,7.0
io.netty:netty-transport:4.1.75.Final,io.netty:netty-transport:4.1.108.Final,14.0
io.netty:netty-transport:4.1.75.Final,io.netty:netty-transport:4.1.17.Final,59.0
io.netty:netty-transport:4.1.75.Final,io.netty:netty-transport:4.1.93.Final,11.0
io.netty:netty-transport:4.1.75.Final,io.netty:netty-transport:4.1.110.Final,14.0
io.netty:netty-transport:4.1.75.Final,io.netty:netty-transport:4.1.70.Final,2.0
io.netty:netty-transport:4.1.75.Final,io.netty:netty-transport:4.1.112.Final,15.0
io.netty:netty-transport:4.1.75.Final,io.netty:netty-transport:4.1.85.Final,10.0
org.springframework:spring-core:6.0.12,org.springframework:spring-core:5.3.31,243.0
org.springframework:spring-core:6.0.12,org.springframework:spring-core:5.3.30,244.0
org.springframework:spring-core:6.0.12,org.springframework:spring-core:5.3.24,255.0
org.springframework:spring-core:6.0.12,org.springframework:spring-core:5.3.23,256.0
org.springframework:spring-core:6.0.12,org.springframework:spring-core:5.3.22,256.0
org.springframework:spring-core:6.0.12,org.springframework:spring-core:5.3.28,247.0
org.springframework:spring-core:6.0.12,org.springframework:spring-core:5.3.26,248.0
org.springframework:spring-core:6.0.12,org.springframework:spring-core:5.3.25,255.0
org.springframework:spring-core:6.0.12,org.springframework:spring-core:6.0.9,12.0
org.springframework:spring-core:6.0.12,org.springframework:spring-core:6.0.8,15.0
org.springframework:spring-core:6.0.12,org.springframework:spring-core:6.0.7,17.0
org.springframework:spring-core:6.0.12,org.springframework:spring-core:6.0.6,17.0
org.springframework:spring-core:6.0.12,org.springframework:spring-core:6.0.5,17.0
io.micrometer:micrometer-observation:1.10.8,io.micrometer:micrometer-observation:1.12.9,10.0
io.micrometer:micrometer-observation:1.10.8,io.micrometer:micrometer-observation:1.12.8,10.0
io.micrometer:micrometer-observation:1.10.8,io.micrometer:micrometer-observation:1.11.9,8.0
io.micrometer:micrometer-observation:1.10.8,io.micrometer:micrometer-observation:1.11.12,8.0
io.micrometer:micrometer-observation:1.10.8,io.micrometer:micrometer-observation:1.11.0,7.0
org.springframework:spring-core:6.0.12,org.springframework:spring-core:6.1.9,48.0
org.springframework:spring-core:6.0.12,org.springframework:spring-core:6.1.8,48.0
org.springframework:spring-core:6.0.12,org.springframework:spring-core:6.1.7,48.0
org.springframework:spring-core:6.0.12,org.springframework:spring-core:6.1.5,47.0
org.springframework:spring-core:6.0.12,org.springframework:spring-core:6.1.4,46.0
org.springframework:spring-core:6.0.12,org.springframework:spring-core:5.3.20,260.0
org.springframework:spring-core:6.0.12,org.springframework:spring-core:3.0.3.RELEASE,727.0
org.springframework:spring-core:6.0.12,org.springframework:spring-core:5.3.17,263.0
org.springframework:spring-core:6.0.12,org.springframework:spring-core:5.3.15,263.0
org.springframework:spring-core:6.0.12,org.springframework:spring-core:5.3.19,262.0
org.springframework:spring-core:6.0.12,org.springframework:spring-core:5.3.18,262.0
org.springframework:spring-core:6.0.12,org.springframework:spring-core:5.2.0.RELEASE,311.0
org.springframework:spring-core:6.0.12,org.springframework:spring-core:6.0.4,37.0
org.springframework:spring-core:6.0.12,org.springframework:spring-core:6.0.3,37.0
org.springframework:spring-core:6.0.12,org.springframework:spring-core:6.0.2,38.0
org.springframework:spring-core:6.0.12,org.springframework:spring-core:6.1.12,48.0
org.springframework:spring-core:6.0.12,org.springframework:spring-core:6.1.11,48.0
org.springframework:spring-core:6.0.12,org.springframework:spring-core:6.1.10,48.0
org.jetbrains.kotlinx:kotlinx-coroutines-reactor:1.6.4,org.jetbrains.kotlinx:kotlinx-coroutines-reactor:1.5.2,0.0
org.jetbrains.kotlinx:kotlinx-coroutines-reactor:1.6.4,org.jetbrains.kotlinx:kotlinx-coroutines-reactor:1.4.3,4.0
jakarta.validation:jakarta.validation-api:3.0.2,jakarta.validation:jakarta.validation-api:2.0.2,138.0
org.springframework.plugin:spring-plugin-core:3.0.0,org.springframework.plugin:spring-plugin-core:2.0.0.RELEASE,1.0
org.springframework:spring-aop:6.0.9,org.springframework:spring-aop:5.3.31,16.0
org.springframework:spring-aop:6.0.9,org.springframework:spring-aop:5.3.30,16.0
org.threeten:threetenbp:1.6.8,org.threeten:threetenbp:1.6.4,0.0
org.threeten:threetenbp:1.6.8,org.threeten:threetenbp:1.6.2,0.0
org.mongodb:mongodb-driver-reactivestreams:4.6.1,org.mongodb:mongodb-driver-reactivestreams:4.4.2,18.0
org.mongodb:mongodb-driver-reactivestreams:4.6.1,org.mongodb:mongodb-driver-reactivestreams:4.2.3,26.0
org.mongodb:mongodb-driver-reactivestreams:4.6.1,org.mongodb:mongodb-driver-reactivestreams:4.1.1,47.0
org.springframework.data:spring-data-commons:2.7.18,org.springframework.data:spring-data-commons:2.7.17,0.0
org.springframework.data:spring-data-commons:2.7.18,org.springframework.data:spring-data-commons:2.7.16,2.0
org.springframework:spring-aop:6.0.9,org.springframework:spring-aop:6.0.12,9.0
org.springframework:spring-aop:6.0.9,org.springframework:spring-aop:6.0.11,9.0
org.springframework:spring-aop:6.0.9,org.springframework:spring-aop:6.0.10,9.0
org.springframework:spring-aop:6.0.9,org.springframework:spring-aop:6.0.16,9.0
org.springframework:spring-aop:6.0.9,org.springframework:spring-aop:6.0.15,9.0
org.springframework:spring-aop:6.0.9,org.springframework:spring-aop:6.0.13,9.0
org.springframework:spring-aop:6.0.9,org.springframework:spring-aop:5.2.0.RELEASE,20.0
org.springframework:spring-aop:6.0.9,org.springframework:spring-aop:6.1.9,20.0
org.springframework:spring-aop:6.0.9,org.springframework:spring-aop:5.3.20,16.0
org.springframework.data:spring-data-commons:2.7.18,org.springframework.data:spring-data-commons:2.7.15,2.0
org.springframework.data:spring-data-commons:2.7.18,org.springframework.data:spring-data-commons:2.7.14,3.0
org.springframework.data:spring-data-commons:2.7.18,org.springframework.data:spring-data-commons:2.7.13,4.0
org.springframework.data:spring-data-commons:2.7.18,org.springframework.data:spring-data-commons:2.7.12,5.0
org.springframework.data:spring-data-commons:2.7.18,org.springframework.data:spring-data-commons:2.7.11,5.0
org.springframework.data:spring-data-commons:2.7.18,org.springframework.data:spring-data-commons:3.2.9,169.0
org.springframework.data:spring-data-commons:2.7.18,org.springframework.data:spring-data-commons:3.2.8,167.0
org.springframework.data:spring-data-commons:2.7.18,org.springframework.data:spring-data-commons:3.0.9,141.0
org.springframework.data:spring-data-commons:2.7.18,org.springframework.data:spring-data-commons:3.2.7,166.0
org.springframework.data:spring-data-commons:2.7.18,org.springframework.data:spring-data-commons:3.0.8,141.0
org.jetbrains.kotlin:kotlin-reflect:1.8.21,org.jetbrains.kotlin:kotlin-reflect:1.4.30,400.0
org.jetbrains.kotlin:kotlin-reflect:1.8.21,org.jetbrains.kotlin:kotlin-reflect:1.7.10,105.0
org.jetbrains.kotlin:kotlin-reflect:1.8.21,org.jetbrains.kotlin:kotlin-reflect:1.5.31,333.0
org.jetbrains.kotlin:kotlin-reflect:1.8.21,org.jetbrains.kotlin:kotlin-reflect:1.7.21,88.0
org.jetbrains.kotlin:kotlin-reflect:1.8.21,org.jetbrains.kotlin:kotlin-reflect:1.5.21,360.0
org.jetbrains.kotlin:kotlin-reflect:1.8.21,org.jetbrains.kotlin:kotlin-reflect:1.5.32,333.0
org.jetbrains.kotlin:kotlin-reflect:1.8.21,org.jetbrains.kotlin:kotlin-reflect:1.9.23,61.0
org.jetbrains.kotlin:kotlin-reflect:1.8.21,org.jetbrains.kotlin:kotlin-reflect:1.8.22,0.0
org.jetbrains.kotlin:kotlin-reflect:1.8.21,org.jetbrains.kotlin:kotlin-reflect:1.4.21,452.0
org.springframework:spring-beans:5.3.31,org.springframework:spring-beans:6.0.10,49.0
org.springframework:spring-beans:5.3.31,org.springframework:spring-beans:6.0.13,49.0
org.springframework:spring-beans:5.3.31,org.springframework:spring-beans:6.0.12,49.0
org.springframework:spring-beans:5.3.31,org.springframework:spring-beans:5.2.0.RELEASE,29.0
org.springframework:spring-beans:5.3.31,org.springframework:spring-beans:5.3.25,1.0
org.springframework:spring-beans:5.3.31,org.springframework:spring-beans:5.3.26,1.0
org.springframework:spring-beans:5.3.31,org.springframework:spring-beans:5.3.23,4.0
org.springframework:spring-beans:5.3.31,org.springframework:spring-beans:5.3.24,1.0
org.threeten:threetenbp:1.6.8,org.threeten:threetenbp:1.6.5,0.0
org.jetbrains.kotlin:kotlin-reflect:1.8.21,org.jetbrains.kotlin:kotlin-reflect:1.4.32,400.0
org.jetbrains.kotlin:kotlin-reflect:1.8.21,org.jetbrains.kotlin:kotlin-reflect:1.9.24,61.0
org.jetbrains.kotlin:kotlin-reflect:1.8.21,org.jetbrains.kotlin:kotlin-reflect:1.9.21,61.0
org.jetbrains.kotlin:kotlin-reflect:1.8.21,org.jetbrains.kotlin:kotlin-reflect:1.9.22,61.0
org.jetbrains.kotlin:kotlin-reflect:1.8.21,org.jetbrains.kotlin:kotlin-reflect:1.9.20,61.0
org.jetbrains.kotlinx:kotlinx-coroutines-reactor:1.6.4,org.jetbrains.kotlinx:kotlinx-coroutines-reactor:1.6.0,0.0
org.jetbrains.kotlinx:kotlinx-coroutines-reactor:1.6.4,org.jetbrains.kotlinx:kotlinx-coroutines-reactor:1.4.2,4.0
org.jetbrains.kotlinx:kotlinx-coroutines-reactor:1.6.4,org.jetbrains.kotlinx:kotlinx-coroutines-reactor:1.4.0,4.0
org.springframework:spring-beans:5.3.31,org.springframework:spring-beans:5.3.28,1.0
org.springframework:spring-beans:5.3.31,org.springframework:spring-beans:5.3.22,4.0
org.springframework:spring-beans:5.3.31,org.springframework:spring-beans:5.3.20,4.0
com.google.code.findbugs:jsr305:3.0.2,com.google.code.findbugs:jsr305:3.0.1,0.0
com.google.code.findbugs:jsr305:3.0.2,com.google.code.findbugs:jsr305:1.3.9,1.0
org.threeten:threetenbp:1.6.8,org.threeten:threetenbp:1.5.2,0.0
org.threeten:threetenbp:1.6.8,org.threeten:threetenbp:1.5.1,0.0
org.threeten:threetenbp:1.6.8,org.threeten:threetenbp:1.5.0,0.0
org.apache.tomcat.embed:tomcat-embed-el:9.0.71,org.apache.tomcat.embed:tomcat-embed-el:9.0.80,3.0
org.springframework:spring-aop:6.0.9,org.springframework:spring-aop:6.1.10,20.0
org.apache.tomcat.embed:tomcat-embed-el:9.0.71,org.apache.tomcat.embed:tomcat-embed-el:10.1.17,100.0
org.springframework:spring-aop:6.0.9,org.springframework:spring-aop:5.3.19,16.0
org.apache.tomcat.embed:tomcat-embed-el:9.0.71,org.apache.tomcat.embed:tomcat-embed-el:10.1.16,100.0
org.springframework:spring-aop:6.0.9,org.springframework:spring-aop:5.3.18,16.0
org.apache.tomcat.embed:tomcat-embed-el:9.0.71,org.apache.tomcat.embed:tomcat-embed-el:9.0.82,3.0
org.springframework:spring-aop:6.0.9,org.springframework:spring-aop:5.3.17,16.0
org.apache.tomcat.embed:tomcat-embed-el:9.0.71,org.apache.tomcat.embed:tomcat-embed-el:10.1.15,100.0
org.springframework:spring-aop:6.0.9,org.springframework:spring-aop:5.3.15,16.0
org.apache.tomcat.embed:tomcat-embed-el:9.0.71,org.apache.tomcat.embed:tomcat-embed-el:10.1.20,100.0
org.springframework:spring-aop:6.0.9,org.springframework:spring-aop:6.0.8,0.0
org.eclipse.jetty:jetty-http:9.4.53.v20231009,org.eclipse.jetty:jetty-http:9.4.52.v20230823,9.0
org.eclipse.jetty:jetty-http:9.4.53.v20231009,org.eclipse.jetty:jetty-http:9.4.51.v20230217,9.0
org.springframework:spring-aop:6.0.9,org.springframework:spring-aop:6.0.6,1.0
org.springframework:spring-aop:6.0.9,org.springframework:spring-aop:6.0.7,0.0
org.eclipse.jetty:jetty-http:9.4.53.v20231009,org.eclipse.jetty:jetty-http:9.4.49.v20220914,11.0
org.springframework:spring-aop:6.0.9,org.springframework:spring-aop:6.0.4,1.0
org.springframework:spring-aop:6.0.9,org.springframework:spring-aop:6.0.5,1.0
org.springframework:spring-aop:6.0.9,org.springframework:spring-aop:6.0.2,1.0
org.springframework:spring-aop:6.0.9,org.springframework:spring-aop:6.0.3,1.0
org.springframework:spring-aop:6.0.9,org.springframework:spring-aop:6.0.18,9.0
org.springframework:spring-aop:6.0.9,org.springframework:spring-aop:6.0.0,1.0
org.apache.tomcat.embed:tomcat-embed-el:9.0.71,org.apache.tomcat.embed:tomcat-embed-el:9.0.83,4.0
org.springframework:spring-aop:6.0.9,org.springframework:spring-aop:6.0.17,9.0
org.apache.tomcat.embed:tomcat-embed-el:9.0.71,org.apache.tomcat.embed:tomcat-embed-el:10.1.19,100.0
org.springframework:spring-aop:6.0.9,org.springframework:spring-aop:6.0.21,9.0
org.springframework:spring-aop:6.0.9,org.springframework:spring-aop:6.0.20,9.0
org.apache.tomcat.embed:tomcat-embed-el:9.0.71,org.apache.tomcat.embed:tomcat-embed-el:10.1.13,100.0
org.apache.tomcat.embed:tomcat-embed-el:9.0.71,org.apache.tomcat.embed:tomcat-embed-el:10.1.12,100.0
org.springframework:spring-core:6.0.9,org.springframework:spring-core:6.0.15,17.0
org.apache.tomcat.embed:tomcat-embed-el:9.0.71,org.apache.tomcat.embed:tomcat-embed-el:10.1.11,100.0
org.apache.tomcat.embed:tomcat-embed-el:9.0.71,org.apache.tomcat.embed:tomcat-embed-el:10.1.18,100.0
org.springframework:spring-aop:6.0.9,org.springframework:spring-aop:6.1.7,20.0
org.springframework:spring-aop:6.0.9,org.springframework:spring-aop:6.1.8,20.0
org.springframework:spring-aop:6.0.9,org.springframework:spring-aop:6.1.5,21.0
org.springframework:spring-aop:6.0.9,org.springframework:spring-aop:6.1.3,21.0
org.springframework:spring-aop:6.0.9,org.springframework:spring-aop:6.1.4,21.0
org.springframework:spring-aop:6.0.9,org.springframework:spring-aop:5.3.29,16.0
org.springframework:spring-aop:6.0.9,org.springframework:spring-aop:6.1.1,14.0
org.springframework:spring-aop:6.0.9,org.springframework:spring-aop:5.3.28,16.0
org.springframework:spring-aop:6.0.9,org.springframework:spring-aop:6.1.2,21.0
org.springframework:spring-aop:6.0.9,org.springframework:spring-aop:5.3.4,16.0
org.springframework.data:spring-data-commons:2.7.18,org.springframework.data:spring-data-commons:3.2.6,166.0
org.springframework.data:spring-data-commons:2.7.18,org.springframework.data:spring-data-commons:2.7.10,5.0
org.springframework.data:spring-data-commons:2.7.18,org.springframework.data:spring-data-commons:2.6.10,74.0
org.springframework.data:spring-data-commons:2.7.18,org.springframework.data:spring-data-commons:3.0.3,141.0
org.springframework.data:spring-data-commons:2.7.18,org.springframework.data:spring-data-commons:3.2.1,165.0
org.springframework.data:spring-data-commons:2.7.18,org.springframework.data:spring-data-commons:3.0.2,141.0
org.springframework.data:spring-data-commons:2.7.18,org.springframework.data:spring-data-commons:3.2.0,164.0
org.springframework.data:spring-data-commons:2.7.18,org.springframework.data:spring-data-commons:3.0.1,137.0
org.springframework.data:spring-data-commons:2.7.18,org.springframework.data:spring-data-commons:3.0.0,137.0
org.springframework.data:spring-data-commons:2.7.18,org.springframework.data:spring-data-commons:3.0.7,142.0
org.eclipse.jetty:jetty-http:9.4.53.v20231009,org.eclipse.jetty:jetty-http:8.2.0.v20160908,85.0
org.eclipse.jetty:jetty-http:9.4.53.v20231009,org.eclipse.jetty:jetty-http:9.4.33.v20201020,28.0
org.eclipse.jetty:jetty-http:9.4.53.v20231009,org.eclipse.jetty:jetty-http:9.4.46.v20220331,19.0
org.springframework:spring-aop:6.0.9,org.springframework:spring-aop:5.3.27,16.0
org.eclipse.jetty:jetty-http:9.4.53.v20231009,org.eclipse.jetty:jetty-http:9.4.40.v20210413,24.0
org.springframework:spring-aop:6.0.9,org.springframework:spring-aop:5.3.26,16.0
org.eclipse.jetty:jetty-http:9.4.53.v20231009,org.eclipse.jetty:jetty-http:9.4.48.v20220622,11.0
org.springframework:spring-aop:6.0.9,org.springframework:spring-aop:6.1.0,14.0
org.eclipse.jetty:jetty-http:9.4.53.v20231009,org.eclipse.jetty:jetty-http:9.2.28.v20190418,76.0
org.springframework:spring-aop:6.0.9,org.springframework:spring-aop:5.3.25,16.0
org.eclipse.jetty:jetty-http:9.4.53.v20231009,org.eclipse.jetty:jetty-http:9.4.55.v20240627,0.0
org.springframework:spring-aop:6.0.9,org.springframework:spring-aop:5.3.24,16.0
org.eclipse.jetty:jetty-http:9.4.53.v20231009,org.eclipse.jetty:jetty-http:9.4.44.v20210927,19.0
org.springframework:spring-aop:6.0.9,org.springframework:spring-aop:5.3.23,16.0
org.eclipse.jetty:jetty-http:9.4.53.v20231009,org.eclipse.jetty:jetty-http:9.4.54.v20240208,0.0
org.springframework:spring-aop:6.0.9,org.springframework:spring-aop:5.3.9,16.0
org.eclipse.jetty:jetty-io:9.4.53.v20231009,org.eclipse.jetty:jetty-io:9.4.33.v20201020,19.0
org.springframework:spring-aop:6.0.9,org.springframework:spring-aop:5.3.22,16.0
org.springframework:spring-aop:6.0.9,org.springframework:spring-aop:6.1.12,20.0
org.springframework:spring-aop:6.0.9,org.springframework:spring-aop:6.1.11,20.0
org.aspectj:aspectjweaver:1.9.22,org.aspectj:aspectjweaver:1.9.9.1,91.0
org.springframework.boot:spring-boot-starter:2.7.9,org.springframework.boot:spring-boot-starter:2.7.6,0.0
org.springframework.boot:spring-boot-starter:2.7.9,org.springframework.boot:spring-boot-starter:3.1.11,0.0
org.springframework.boot:spring-boot-starter:2.7.9,org.springframework.boot:spring-boot-starter:3.1.12,0.0
org.springframework.boot:spring-boot-starter:2.7.9,org.springframework.boot:spring-boot-starter:3.1.10,0.0
org.springframework.boot:spring-boot-starter:2.7.9,org.springframework.boot:spring-boot-starter:2.7.10,0.0
org.springframework.boot:spring-boot-starter:2.7.9,org.springframework.boot:spring-boot-starter:2.7.11,0.0
org.springframework.boot:spring-boot-starter:2.7.9,org.springframework.boot:spring-boot-starter:2.7.12,0.0
org.springframework.boot:spring-boot-starter:2.7.9,org.springframework.boot:spring-boot-starter:2.7.13,0.0
org.springframework:spring-tx:6.0.11,org.springframework:spring-tx:6.0.20,2.0
org.springframework:spring-tx:6.0.11,org.springframework:spring-tx:6.1.12,15.0
org.springframework:spring-tx:6.0.11,org.springframework:spring-tx:5.3.17,35.0
org.springframework:spring-web:6.0.12,org.springframework:spring-web:5.3.19,375.0
org.springframework:spring-tx:6.0.11,org.springframework:spring-tx:6.0.0,6.0
org.springframework:spring-web:6.0.12,org.springframework:spring-web:5.3.17,375.0
org.springframework:spring-tx:6.0.11,org.springframework:spring-tx:6.1.0,14.0
org.springframework:spring-web:6.0.12,org.springframework:spring-web:5.3.18,375.0
org.springframework:spring-tx:6.0.11,org.springframework:spring-tx:6.1.2,14.0
org.springframework:spring-web:6.0.12,org.springframework:spring-web:6.1.12,109.0
org.springframework:spring-tx:6.0.11,org.springframework:spring-tx:6.1.3,14.0
org.springframework:spring-web:6.0.12,org.springframework:spring-web:6.1.10,109.0
org.springframework:spring-tx:6.0.11,org.springframework:spring-tx:6.0.4,6.0
org.springframework:spring-web:6.0.12,org.springframework:spring-web:6.1.11,109.0
org.springframework:spring-tx:6.0.11,org.springframework:spring-tx:6.1.4,14.0
org.aspectj:aspectjweaver:1.9.22,org.aspectj:aspectjweaver:1.9.19,79.0
org.springframework:spring-tx:6.0.11,org.springframework:spring-tx:6.0.5,5.0
org.aspectj:aspectjweaver:1.9.22,org.aspectj:aspectjweaver:1.9.20.1,36.0
org.aspectj:aspectjweaver:1.9.22,org.aspectj:aspectjweaver:1.9.21.1,4.0
org.springframework:spring-expression:5.3.31,org.springframework:spring-expression:5.3.25,11.0
org.springframework:spring-expression:5.3.31,org.springframework:spring-expression:5.3.24,11.0
org.springframework:spring-expression:5.3.31,org.springframework:spring-expression:6.1.11,21.0
org.springframework:spring-expression:5.3.31,org.springframework:spring-expression:6.1.10,21.0
org.springframework:spring-expression:5.3.31,org.springframework:spring-expression:5.2.0.RELEASE,13.0
org.springframework:spring-expression:5.3.31,org.springframework:spring-expression:5.3.20,11.0
org.springframework:spring-expression:5.3.31,org.springframework:spring-expression:6.1.12,22.0
org.springframework.boot:spring-boot-starter:2.7.9,org.springframework.boot:spring-boot-starter:3.1.0,0.0
org.springframework.boot:spring-boot-starter:2.7.9,org.springframework.boot:spring-boot-starter:3.1.1,0.0
org.springframework.boot:spring-boot-starter:2.7.9,org.springframework.boot:spring-boot-starter:3.1.6,0.0
org.springframework.boot:spring-boot-starter:2.7.9,org.springframework.boot:spring-boot-starter:3.1.7,0.0
org.springframework.boot:spring-boot-starter:2.7.9,org.springframework.boot:spring-boot-starter:3.3.2,0.0
org.springframework.boot:spring-boot-starter:2.7.9,org.springframework.boot:spring-boot-starter:3.1.4,0.0
org.springframework.boot:spring-boot-starter:2.7.9,org.springframework.boot:spring-boot-starter:3.3.3,0.0
org.springframework.boot:spring-boot-starter:2.7.9,org.springframework.boot:spring-boot-starter:3.1.5,0.0
org.springframework.boot:spring-boot-starter:2.7.9,org.springframework.boot:spring-boot-starter:2.7.7,0.0
org.springframework.boot:spring-boot-starter:2.7.9,org.springframework.boot:spring-boot-starter:2.7.8,0.0
org.springframework:spring-tx:6.0.11,org.springframework:spring-tx:5.3.23,35.0
org.aspectj:aspectjweaver:1.9.22,org.aspectj:aspectjweaver:1.9.22.1,10.0
org.springframework:spring-tx:6.0.11,org.springframework:spring-tx:6.0.13,2.0
org.aspectj:aspectjweaver:1.9.22,org.aspectj:aspectjweaver:1.6.8,397.0
org.springframework:spring-tx:6.0.11,org.springframework:spring-tx:5.3.22,35.0
org.aspectj:aspectjweaver:1.9.22,org.aspectj:aspectjweaver:1.9.21,32.0
org.springframework:spring-tx:6.0.11,org.springframework:spring-tx:6.0.16,2.0
org.springframework:spring-tx:6.0.11,org.springframework:spring-tx:5.3.25,35.0
org.aspectj:aspectjweaver:1.9.22,org.aspectj:aspectjweaver:1.9.7,96.0
org.springframework:spring-tx:6.0.11,org.springframework:spring-tx:6.0.15,2.0
org.aspectj:aspectjweaver:1.9.22,org.aspectj:aspectjweaver:1.9.20,36.0
org.springframework:spring-tx:6.0.11,org.springframework:spring-tx:5.3.24,35.0
org.springframework:spring-expression:5.3.31,org.springframework:spring-expression:5.3.9,13.0
org.springframework:spring-tx:6.0.11,org.springframework:spring-tx:6.0.18,2.0
ch.qos.logback:logback-classic:1.2.13,ch.qos.logback:logback-classic:1.3.5,47.0
org.springframework:spring-expression:5.3.31,org.springframework:spring-expression:5.3.23,11.0
org.springframework:spring-tx:6.0.11,org.springframework:spring-tx:6.0.17,2.0
ch.qos.logback:logback-classic:1.2.13,ch.qos.logback:logback-classic:1.4.5,53.0
org.springframework:spring-expression:5.3.31,org.springframework:spring-expression:5.3.22,11.0
org.springframework:spring-tx:6.0.11,org.springframework:spring-tx:5.3.19,35.0
ch.qos.logback:logback-classic:1.2.13,ch.qos.logback:logback-classic:1.3.7,50.0
org.springframework:spring-web:6.0.12,org.springframework:spring-web:6.0.9,5.0
org.springframework:spring-web:6.0.12,org.springframework:spring-web:6.0.16,6.0
org.springframework:spring-web:6.0.12,org.springframework:spring-web:6.0.2,53.0
org.apache.tomcat.embed:tomcat-embed-el:9.0.71,org.apache.tomcat.embed:tomcat-embed-el:9.0.79,3.0
org.apache.tomcat.embed:tomcat-embed-el:9.0.71,org.apache.tomcat.embed:tomcat-embed-el:10.1.25,100.0
org.apache.tomcat.embed:tomcat-embed-el:9.0.71,org.apache.tomcat.embed:tomcat-embed-el:10.1.24,100.0
org.apache.tomcat.embed:tomcat-embed-el:9.0.71,org.apache.tomcat.embed:tomcat-embed-el:10.1.28,100.0
org.apache.tomcat.embed:tomcat-embed-el:9.0.71,org.apache.tomcat.embed:tomcat-embed-el:9.0.70,0.0
org.apache.tomcat.embed:tomcat-embed-el:9.0.71,org.apache.tomcat.embed:tomcat-embed-el:10.1.26,101.0
org.apache.tomcat.embed:tomcat-embed-el:9.0.71,org.apache.tomcat.embed:tomcat-embed-el:10.1.10,100.0
org.apache.tomcat.embed:tomcat-embed-el:9.0.71,org.apache.tomcat.embed:tomcat-embed-el:9.0.69,0.0
org.springframework:spring-web:6.0.12,org.springframework:spring-web:6.0.21,12.0
org.springframework:spring-web:6.0.12,org.springframework:spring-web:6.0.6,13.0
org.springframework:spring-web:6.0.12,org.springframework:spring-web:6.0.17,10.0
org.springframework:spring-web:6.0.12,org.springframework:spring-web:6.0.7,13.0
org.springframework:spring-web:6.0.12,org.springframework:spring-web:6.0.18,12.0
org.springframework:spring-web:6.0.12,org.springframework:spring-web:6.0.8,7.0
org.springframework:spring-web:6.0.12,org.springframework:spring-web:6.0.15,1.0
org.springframework:spring-web:6.0.12,org.springframework:spring-web:6.0.0,53.0
org.springframework:spring-web:6.0.12,org.springframework:spring-web:5.3.15,375.0
org.springframework.boot:spring-boot-starter:2.7.9,org.springframework.boot:spring-boot-starter:2.7.14,0.0
org.springframework.boot:spring-boot-starter:2.7.9,org.springframework.boot:spring-boot-starter:2.7.15,0.0
org.springframework.boot:spring-boot-starter:2.7.9,org.springframework.boot:spring-boot-starter:2.7.16,0.0
org.springframework.boot:spring-boot-starter:2.7.9,org.springframework.boot:spring-boot-starter:2.7.17,0.0
org.apache.tomcat.embed:tomcat-embed-el:9.0.71,org.apache.tomcat.embed:tomcat-embed-el:9.0.73,3.0
org.apache.tomcat.embed:tomcat-embed-el:9.0.71,org.apache.tomcat.embed:tomcat-embed-el:9.0.74,3.0
org.apache.tomcat.embed:tomcat-embed-el:9.0.71,org.apache.tomcat.embed:tomcat-embed-el:9.0.75,3.0
org.apache.tomcat.embed:tomcat-embed-el:9.0.71,org.apache.tomcat.embed:tomcat-embed-el:9.0.76,3.0
org.apache.tomcat.embed:tomcat-embed-el:9.0.71,org.apache.tomcat.embed:tomcat-embed-el:9.0.78,3.0
org.springframework:spring-tx:6.0.11,org.springframework:spring-tx:6.1.5,14.0
org.springframework:spring-tx:6.0.11,org.springframework:spring-tx:6.0.6,5.0
org.springframework:spring-tx:6.0.11,org.springframework:spring-tx:6.0.7,3.0
org.springframework:spring-tx:6.0.11,org.springframework:spring-tx:6.1.7,14.0
org.springframework:spring-tx:6.0.11,org.springframework:spring-tx:6.0.8,3.0
org.springframework:spring-web:6.0.12,org.springframework:spring-web:6.0.13,0.0
org.springframework:spring-tx:6.0.11,org.springframework:spring-tx:6.0.9,3.0
org.springframework:spring-web:6.0.12,org.springframework:spring-web:6.0.3,37.0
org.springframework:spring-tx:6.0.11,org.springframework:spring-tx:6.1.9,14.0
org.springframework:spring-web:6.0.12,org.springframework:spring-web:6.0.14,1.0
org.springframework:spring-tx:6.0.11,org.springframework:spring-tx:5.3.30,34.0
org.springframework:spring-web:6.0.12,org.springframework:spring-web:6.0.11,0.0
org.springframework:spring-tx:6.0.11,org.springframework:spring-tx:5.3.31,34.0
org.springframework:spring-web:6.0.12,org.springframework:spring-web:6.0.4,34.0
org.springframework:spring-tx:6.0.11,org.springframework:spring-tx:5.3.4,36.0
org.springframework:spring-web:6.0.12,org.springframework:spring-web:6.0.5,16.0
org.springframework:spring-web:6.0.12,org.springframework:spring-web:6.0.10,2.0
org.springframework:spring-beans:5.3.31,org.springframework:spring-beans:5.3.18,4.0
io.projectreactor:reactor-core:3.5.9,io.projectreactor:reactor-core:3.4.32,100.0
org.springframework:spring-web:6.0.12,org.springframework:spring-web:6.1.9,109.0
org.springframework:spring-beans:5.3.31,org.springframework:spring-beans:5.3.19,4.0
io.projectreactor:reactor-core:3.5.9,io.projectreactor:reactor-core:3.4.31,101.0
org.springframework:spring-web:6.0.12,org.springframework:spring-web:5.3.23,374.0
org.springframework:spring-beans:5.3.31,org.springframework:spring-beans:6.1.9,55.0
io.projectreactor:reactor-core:3.5.9,io.projectreactor:reactor-core:3.4.30,103.0
org.springframework:spring-web:6.0.12,org.springframework:spring-web:5.3.20,375.0
org.springframework:spring-beans:5.3.31,org.springframework:spring-beans:6.1.8,55.0
org.springframework:spring-web:6.0.12,org.springframework:spring-web:6.1.5,108.0
org.springframework:spring-web:6.0.12,org.springframework:spring-web:6.1.7,108.0
org.springframework.boot:spring-boot-starter:2.7.9,org.springframework.boot:spring-boot-starter:2.7.18,0.0
org.springframework.boot:spring-boot-starter:2.7.9,org.springframework.boot:spring-boot-starter:3.0.3,0.0
org.springframework.boot:spring-boot-starter:2.7.9,org.springframework.boot:spring-boot-starter:3.2.1,0.0
org.springframework.boot:spring-boot-starter:2.7.9,org.springframework.boot:spring-boot-starter:3.0.4,0.0
org.springframework.boot:spring-boot-starter:2.7.9,org.springframework.boot:spring-boot-starter:3.2.2,0.0
org.springframework.boot:spring-boot-starter:2.7.9,org.springframework.boot:spring-boot-starter:3.0.1,0.0
org.springframework.boot:spring-boot-starter:2.7.9,org.springframework.boot:spring-boot-starter:3.0.2,0.0
org.springframework.boot:spring-boot-starter:2.7.9,org.springframework.boot:spring-boot-starter:3.2.0,0.0
org.springframework.boot:spring-boot-starter:2.7.9,org.springframework.boot:spring-boot-starter:3.0.7,0.0
org.springframework.boot:spring-boot-starter:2.7.9,org.springframework.boot:spring-boot-starter:3.2.5,0.0
io.projectreactor:reactor-core:3.5.9,io.projectreactor:reactor-core:3.6.6,25.0
org.springframework:spring-beans:5.3.31,org.springframework:spring-beans:6.1.3,54.0
io.projectreactor:reactor-core:3.5.9,io.projectreactor:reactor-core:3.4.8,214.0
org.springframework:spring-beans:5.3.31,org.springframework:spring-beans:6.1.2,54.0
io.projectreactor:reactor-core:3.5.9,io.projectreactor:reactor-core:3.6.5,23.0
org.springframework:spring-web:6.0.12,org.springframework:spring-web:5.3.24,374.0
org.springframework:spring-beans:5.3.31,org.springframework:spring-beans:5.3.15,8.0
io.projectreactor:reactor-core:3.5.9,io.projectreactor:reactor-core:3.6.4,23.0
org.springframework:spring-web:6.0.12,org.springframework:spring-web:5.3.25,371.0
org.springframework:spring-beans:5.3.31,org.springframework:spring-beans:6.1.5,55.0
io.projectreactor:reactor-core:3.5.9,io.projectreactor:reactor-core:3.6.3,23.0
org.springframework:spring-web:6.0.12,org.springframework:spring-web:5.3.28,371.0
org.springframework:spring-beans:5.3.31,org.springframework:spring-beans:6.1.4,55.0
io.projectreactor:reactor-core:3.5.9,io.projectreactor:reactor-core:3.4.34,100.0
org.springframework:spring-web:6.0.12,org.springframework:spring-web:5.3.29,370.0
org.springframework:spring-beans:5.3.31,org.springframework:spring-beans:6.1.7,55.0
io.projectreactor:reactor-core:3.5.9,io.projectreactor:reactor-core:3.4.33,100.0
org.springframework:spring-web:6.0.12,org.springframework:spring-web:5.3.22,374.0
org.springframework:spring-beans:5.3.31,org.springframework:spring-beans:6.0.17,49.0
io.projectreactor:reactor-core:3.5.9,io.projectreactor:reactor-core:3.5.16,2.0
org.springframework:spring-web:6.0.12,org.springframework:spring-web:5.3.9,382.0
org.springframework:spring-beans:5.3.31,org.springframework:spring-beans:6.0.16,49.0
io.projectreactor:reactor-core:3.5.9,io.projectreactor:reactor-core:3.6.9,27.0
org.springframework:spring-web:6.0.12,org.springframework:spring-web:5.3.30,370.0
org.springframework:spring-beans:5.3.31,org.springframework:spring-beans:6.0.11,49.0
io.projectreactor:reactor-core:3.5.9,io.projectreactor:reactor-core:3.6.8,27.0
org.springframework:spring-web:6.0.12,org.springframework:spring-web:5.3.31,370.0
io.projectreactor:reactor-core:3.5.9,io.projectreactor:reactor-core:3.6.7,27.0
org.springframework:spring-web:6.0.12,org.springframework:spring-web:6.0.20,12.0
org.springframework:spring-context:6.0.9,org.springframework:spring-context:6.1.3,48.0
org.springframework:spring-context:6.0.9,org.springframework:spring-context:6.0.10,2.0
org.springframework:spring-context:6.0.9,org.springframework:spring-context:6.1.2,45.0
org.springframework:spring-context:6.0.9,org.springframework:spring-context:6.0.11,3.0
org.springframework:spring-context:6.0.9,org.springframework:spring-context:6.1.1,39.0
org.springframework:spring-context:6.0.9,org.springframework:spring-context:6.1.0,34.0
org.springframework:spring-context:6.0.9,org.springframework:spring-context:5.3.9,97.0
org.jetbrains.kotlin:kotlin-reflect:1.8.21,org.jetbrains.kotlin:kotlin-reflect:1.7.22,88.0
org.jetbrains.kotlin:kotlin-reflect:1.8.21,org.jetbrains.kotlin:kotlin-reflect:1.6.10,262.0
org.jetbrains.kotlin:kotlin-reflect:1.8.21,org.jetbrains.kotlin:kotlin-reflect:1.9.25,61.0
org.springframework:spring-beans:5.3.31,org.springframework:spring-beans:5.3.17,4.0
org.springframework:spring-beans:5.3.31,org.springframework:spring-beans:6.0.18,49.0
io.projectreactor:reactor-core:3.5.9,io.projectreactor:reactor-core:3.5.11,1.0
org.springframework:spring-web:6.0.12,org.springframework:spring-web:6.1.8,108.0
org.springframework:spring-beans:5.3.31,org.springframework:spring-beans:6.1.1,54.0
io.projectreactor:reactor-core:3.5.9,io.projectreactor:reactor-core:3.4.1,261.0
org.springframework:spring-web:6.0.12,org.springframework:spring-web:6.1.1,91.0
org.springframework:spring-beans:5.3.31,org.springframework:spring-beans:6.1.0,54.0
io.projectreactor:reactor-core:3.5.9,io.projectreactor:reactor-core:3.5.12,1.0
org.springframework:spring-web:6.0.12,org.springframework:spring-web:6.1.2,92.0
org.springframework:spring-beans:5.3.31,org.springframework:spring-beans:6.0.15,49.0
io.projectreactor:reactor-core:3.5.9,io.projectreactor:reactor-core:3.5.13,2.0
org.springframework:spring-web:6.0.12,org.springframework:spring-web:6.1.3,98.0
org.springframework:spring-beans:5.3.31,org.springframework:spring-beans:5.3.4,14.0
io.projectreactor:reactor-core:3.5.9,io.projectreactor:reactor-core:3.5.14,2.0
org.springframework:spring-web:6.0.12,org.springframework:spring-web:6.1.4,106.0
org.springframework:spring-beans:5.3.31,org.springframework:spring-beans:6.0.14,49.0
io.projectreactor:reactor-core:3.5.9,io.projectreactor:reactor-core:3.5.15,2.0
org.springframework:spring-web:6.0.12,org.springframework:spring-web:6.1.0,91.0
org.springframework:spring-beans:5.3.31,org.springframework:spring-beans:6.1.10,55.0
org.springframework:spring-tx:6.0.11,org.springframework:spring-tx:6.0.14,2.0
org.springframework:spring-beans:5.3.31,org.springframework:spring-beans:6.0.4,47.0
org.springframework:spring-beans:5.3.31,org.springframework:spring-beans:6.0.3,46.0
org.springframework:spring-beans:5.3.31,org.springframework:spring-beans:6.0.6,47.0
org.springframework:spring-beans:5.3.31,org.springframework:spring-beans:6.0.5,47.0
org.springframework:spring-beans:5.3.31,org.springframework:spring-beans:3.0.3.RELEASE,151.0
org.springframework.boot:spring-boot-starter:2.7.9,org.springframework.boot:spring-boot-starter:3.0.12,0.0
org.springframework.boot:spring-boot-starter:2.7.9,org.springframework.boot:spring-boot-starter:3.0.13,0.0
org.springframework.boot:spring-boot-starter:2.7.9,org.springframework.boot:spring-boot-starter:3.1.8,0.0
org.springframework.boot:spring-boot-starter:2.7.9,org.springframework.boot:spring-boot-starter:3.1.9,0.0
org.springframework.boot:spring-boot-starter:2.7.9,org.springframework.boot:spring-boot-starter:3.0.10,0.0
org.springframework.boot:spring-boot-starter:2.7.9,org.springframework.boot:spring-boot-starter:3.0.11,0.0
org.springframework.boot:spring-boot-starter:2.7.9,org.springframework.boot:spring-boot-starter:3.3.0,0.0
org.springframework.boot:spring-boot-starter:2.7.9,org.springframework.boot:spring-boot-starter:3.1.2,0.0
org.springframework.boot:spring-boot-starter:2.7.9,org.springframework.boot:spring-boot-starter:3.3.1,0.0
org.springframework.boot:spring-boot-starter:2.7.9,org.springframework.boot:spring-boot-starter:3.1.3,0.0
com.fasterxml.jackson.datatype:jackson-datatype-jsr310:2.14.3,com.fasterxml.jackson.datatype:jackson-datatype-jsr310:2.17.1,10.0
com.fasterxml.jackson.datatype:jackson-datatype-jsr310:2.14.3,com.fasterxml.jackson.datatype:jackson-datatype-jsr310:2.13.4,5.0
com.fasterxml.jackson.datatype:jackson-datatype-jsr310:2.14.3,com.fasterxml.jackson.datatype:jackson-datatype-jsr310:2.15.2,0.0
com.fasterxml.jackson.datatype:jackson-datatype-jsr310:2.14.3,com.fasterxml.jackson.datatype:jackson-datatype-jsr310:2.14.2,0.0
com.fasterxml.jackson.datatype:jackson-datatype-jsr310:2.14.3,com.fasterxml.jackson.datatype:jackson-datatype-jsr310:2.14.1,0.0
com.querydsl:querydsl-mongodb:5.0.0,com.querydsl:querydsl-mongodb:4.4.0,9.0
com.fasterxml.jackson.datatype:jackson-datatype-jsr310:2.14.3,com.fasterxml.jackson.datatype:jackson-datatype-jsr310:2.15.0,0.0
org.springframework:spring-beans:5.3.31,org.springframework:spring-beans:6.1.11,55.0
com.fasterxml.jackson.datatype:jackson-datatype-jsr310:2.14.3,com.fasterxml.jackson.datatype:jackson-datatype-jsr310:2.14.0,0.0
org.springframework:spring-beans:5.3.31,org.springframework:spring-beans:6.1.12,55.0
com.fasterxml.jackson.datatype:jackson-datatype-jsr310:2.14.3,com.fasterxml.jackson.datatype:jackson-datatype-jsr310:2.11.2,25.0
org.springframework:spring-beans:5.3.31,org.springframework:spring-beans:5.3.30,0.0
com.fasterxml.jackson.datatype:jackson-datatype-jsr310:2.14.3,com.fasterxml.jackson.datatype:jackson-datatype-jsr310:2.12.6,14.0
org.springframework:spring-beans:5.3.31,org.springframework:spring-beans:6.0.2,45.0
com.fasterxml.jackson.datatype:jackson-datatype-jsr310:2.14.3,com.fasterxml.jackson.datatype:jackson-datatype-jsr310:2.15.3,0.0
org.springframework:spring-beans:5.3.31,org.springframework:spring-beans:6.0.21,49.0
org.springframework:spring-beans:5.3.31,org.springframework:spring-beans:6.0.20,49.0
org.springframework.boot:spring-boot-starter:2.7.9,org.springframework.boot:spring-boot-starter:3.0.8,0.0
org.springframework.boot:spring-boot-starter:2.7.9,org.springframework.boot:spring-boot-starter:3.2.6,0.0
org.springframework.boot:spring-boot-starter:2.7.9,org.springframework.boot:spring-boot-starter:3.0.5,0.0
org.springframework.boot:spring-boot-starter:2.7.9,org.springframework.boot:spring-boot-starter:3.2.3,0.0
org.springframework.boot:spring-boot-starter:2.7.9,org.springframework.boot:spring-boot-starter:3.0.6,0.0
org.springframework.boot:spring-boot-starter:2.7.9,org.springframework.boot:spring-boot-starter:3.2.4,0.0
org.springframework.boot:spring-boot-starter:2.7.9,org.springframework.boot:spring-boot-starter:3.0.0,0.0
org.springframework.boot:spring-boot-starter:2.7.9,org.springframework.boot:spring-boot-starter:2.6.14,0.0
org.springframework.boot:spring-boot-starter:2.7.9,org.springframework.boot:spring-boot-starter:2.6.15,0.0
org.springframework.boot:spring-boot-starter:2.7.9,org.springframework.boot:spring-boot-starter:2.5.15,0.0
io.projectreactor:reactor-core:3.5.9,io.projectreactor:reactor-core:3.4.28,103.0
io.projectreactor:reactor-core:3.5.9,io.projectreactor:reactor-core:3.4.27,103.0
org.springframework:spring-beans:5.3.31,org.springframework:spring-beans:6.0.8,48.0
io.projectreactor:reactor-core:3.5.9,io.projectreactor:reactor-core:3.3.0.RELEASE,513.0
org.springframework:spring-beans:5.3.31,org.springframework:spring-beans:6.0.7,48.0
com.fasterxml.jackson.datatype:jackson-datatype-jsr310:2.14.3,com.fasterxml.jackson.datatype:jackson-datatype-jsr310:2.15.4,0.0
org.springframework:spring-beans:5.3.31,org.springframework:spring-beans:6.0.9,48.0
com.fasterxml.jackson.datatype:jackson-datatype-jsr310:2.14.3,com.fasterxml.jackson.datatype:jackson-datatype-jsr310:2.12.7,14.0
org.springframework:spring-beans:5.3.31,org.springframework:spring-beans:5.3.9,13.0
com.fasterxml.jackson.datatype:jackson-datatype-jsr310:2.14.3,com.fasterxml.jackson.datatype:jackson-datatype-jsr310:2.17.2,10.0
org.springframework:spring-beans:5.3.31,org.springframework:spring-beans:6.0.0,45.0
com.fasterxml.jackson.datatype:jackson-datatype-jsr310:2.14.3,com.fasterxml.jackson.datatype:jackson-datatype-jsr310:2.13.5,5.0
org.eclipse.jetty:jetty-io:9.4.53.v20231009,org.eclipse.jetty:jetty-io:9.4.48.v20220622,0.0
org.eclipse.jetty:jetty-io:9.4.53.v20231009,org.eclipse.jetty:jetty-io:9.2.28.v20190418,61.0
org.eclipse.jetty:jetty-io:9.4.53.v20231009,org.eclipse.jetty:jetty-io:8.2.0.v20160908,66.0
org.eclipse.jetty:jetty-io:9.4.53.v20231009,org.eclipse.jetty:jetty-io:9.4.46.v20220331,0.0
org.eclipse.jetty:jetty-io:9.4.53.v20231009,org.eclipse.jetty:jetty-io:9.4.51.v20230217,0.0
org.eclipse.jetty:jetty-io:9.4.53.v20231009,org.eclipse.jetty:jetty-io:9.4.49.v20220914,0.0
org.eclipse.jetty:jetty-io:9.4.53.v20231009,org.eclipse.jetty:jetty-io:9.4.54.v20240208,0.0
org.eclipse.jetty:jetty-io:9.4.53.v20231009,org.eclipse.jetty:jetty-io:9.4.52.v20230823,0.0
org.eclipse.jetty:jetty-io:9.4.53.v20231009,org.eclipse.jetty:jetty-io:9.4.55.v20240627,0.0
org.eclipse.jetty:jetty-io:9.4.53.v20231009,org.eclipse.jetty:jetty-io:9.4.44.v20210927,6.0
org.springframework:spring-web:6.0.10,org.springframework:spring-web:5.3.29,371.0
org.springframework:spring-web:6.0.10,org.springframework:spring-web:5.3.22,373.0
org.springframework:spring-web:6.0.10,org.springframework:spring-web:6.1.9,110.0
org.springframework:spring-web:6.0.10,org.springframework:spring-web:5.3.23,373.0
org.springframework:spring-web:6.0.10,org.springframework:spring-web:5.3.20,374.0
org.springframework:spring-web:6.0.10,org.springframework:spring-web:6.1.5,109.0
org.springframework:spring-web:6.0.10,org.springframework:spring-web:6.1.7,109.0
org.springframework:spring-web:6.0.10,org.springframework:spring-web:6.1.8,109.0
org.springframework:spring-web:6.0.10,org.springframework:spring-web:6.1.1,92.0
org.springframework:spring-web:6.0.10,org.springframework:spring-web:6.1.2,93.0
org.springframework:spring-web:6.0.10,org.springframework:spring-web:6.1.3,99.0
org.springframework:spring-web:6.0.10,org.springframework:spring-web:6.1.4,107.0
org.springframework:spring-web:6.0.10,org.springframework:spring-web:6.1.0,92.0
org.springframework:spring-web:6.0.10,org.springframework:spring-web:5.3.9,381.0
org.springframework:spring-web:6.0.10,org.springframework:spring-web:5.3.30,371.0
org.springframework:spring-web:6.0.10,org.springframework:spring-web:5.3.31,371.0
org.springframework:spring-web:6.0.10,org.springframework:spring-web:6.0.20,14.0
org.springframework:spring-web:6.0.10,org.springframework:spring-web:6.0.21,14.0
org.springframework:spring-web:6.0.10,org.springframework:spring-web:6.0.6,11.0
org.springframework:spring-web:6.0.10,org.springframework:spring-web:6.0.17,12.0
ch.qos.logback:logback-classic:1.2.13,ch.qos.logback:logback-classic:1.4.6,56.0
ch.qos.logback:logback-classic:1.2.13,ch.qos.logback:logback-classic:1.5.6,59.0
ch.qos.logback:logback-classic:1.2.13,ch.qos.logback:logback-classic:1.4.7,56.0
ch.qos.logback:logback-classic:1.2.13,ch.qos.logback:logback-classic:1.5.7,59.0
ch.qos.logback:logback-classic:1.2.13,ch.qos.logback:logback-classic:1.4.8,59.0
ch.qos.logback:logback-classic:1.2.13,ch.qos.logback:logback-classic:1.4.11,59.0
ch.qos.logback:logback-classic:1.2.13,ch.qos.logback:logback-classic:1.2.11,0.0
ch.qos.logback:logback-classic:1.2.13,ch.qos.logback:logback-classic:1.4.14,59.0
ch.qos.logback:logback-classic:1.2.13,ch.qos.logback:logback-classic:1.2.3,6.0
com.google.code.findbugs:jsr305:3.0.2,com.google.code.findbugs:jsr305:3.0.1,0.0
com.google.code.findbugs:jsr305:3.0.2,com.google.code.findbugs:jsr305:1.3.9,1.0
org.springframework:spring-web:6.0.10,org.springframework:spring-web:5.3.26,370.0
org.springframework:spring-web:6.0.10,org.springframework:spring-web:5.3.4,393.0
org.springframework:spring-web:6.0.10,org.springframework:spring-web:5.3.24,373.0
org.springframework:spring-web:6.0.10,org.springframework:spring-web:5.3.25,370.0
org.springframework:spring-web:6.0.10,org.springframework:spring-web:5.3.28,370.0
org.springframework:spring-context:6.0.9,org.springframework:spring-context:5.3.28,87.0
org.springframework:spring-context:6.0.9,org.springframework:spring-context:6.1.9,52.0
org.springframework:spring-context:6.0.9,org.springframework:spring-context:6.1.8,52.0
org.springframework:spring-context:6.0.9,org.springframework:spring-context:6.1.7,52.0
org.springframework:spring-context:6.0.9,org.springframework:spring-context:5.3.4,114.0
org.springframework:spring-context:6.0.9,org.springframework:spring-context:6.1.5,52.0
org.springframework:spring-context:6.0.9,org.springframework:spring-context:6.0.12,4.0
org.springframework:spring-context:6.0.9,org.springframework:spring-context:6.1.4,51.0
org.springframework:spring-context:6.0.9,org.springframework:spring-context:6.0.13,4.0
org.springframework:spring-context:6.0.9,org.springframework:spring-context:6.0.2,3.0
org.springframework:spring-context:6.0.9,org.springframework:spring-context:6.0.0,3.0
org.springframework:spring-context:6.0.9,org.springframework:spring-context:5.3.30,87.0
org.springframework:spring-context:6.0.9,org.springframework:spring-context:5.3.31,87.0
org.springframework:spring-context:6.0.9,org.springframework:spring-context:6.1.11,52.0
org.springframework:spring-context:6.0.9,org.springframework:spring-context:6.1.12,52.0
org.springframework:spring-context:6.0.9,org.springframework:spring-context:6.1.10,52.0
org.springframework:spring-context:6.0.9,org.springframework:spring-context:6.0.18,8.0
org.springframework:spring-context:6.0.9,org.springframework:spring-context:6.0.16,6.0
org.springframework:spring-context:6.0.9,org.springframework:spring-context:6.0.17,7.0
org.springframework:spring-context:6.0.9,org.springframework:spring-context:6.0.14,4.0
org.springframework:spring-context:6.0.9,org.springframework:spring-context:6.0.15,6.0
org.springframework:spring-context:6.0.9,org.springframework:spring-context:5.3.22,88.0
org.springframework:spring-context:6.0.9,org.springframework:spring-context:5.3.20,88.0
org.springframework:spring-context:6.0.9,org.springframework:spring-context:5.2.0.RELEASE,129.0
org.springframework:spring-context:6.0.9,org.springframework:spring-context:5.3.25,87.0
org.springframework:spring-context:6.0.9,org.springframework:spring-context:5.3.26,87.0
org.springframework:spring-context:6.0.9,org.springframework:spring-context:5.3.23,88.0
org.springframework:spring-context:6.0.9,org.springframework:spring-context:5.3.24,87.0
org.springframework:spring-context:6.0.9,org.springframework:spring-context:5.3.29,87.0
org.mongodb:mongodb-driver-reactivestreams:4.6.1,org.mongodb:mongodb-driver-reactivestreams:4.1.1,47.0
com.fasterxml.jackson.core:jackson-core:2.14.1,com.fasterxml.jackson.core:jackson-core:2.11.4,76.0
com.fasterxml.jackson.core:jackson-core:2.14.1,com.fasterxml.jackson.core:jackson-core:2.15.0,40.0
com.fasterxml.jackson.core:jackson-core:2.14.1,com.fasterxml.jackson.core:jackson-core:2.13.2,46.0
com.fasterxml.jackson.core:jackson-core:2.14.1,com.fasterxml.jackson.core:jackson-core:2.14.0,0.0
com.fasterxml.jackson.core:jackson-core:2.14.1,com.fasterxml.jackson.core:jackson-core:2.11.3,76.0
com.fasterxml.jackson.core:jackson-core:2.14.1,com.fasterxml.jackson.core:jackson-core:2.13.1,46.0
com.fasterxml.jackson.core:jackson-core:2.14.1,com.fasterxml.jackson.core:jackson-core:2.11.2,76.0
com.fasterxml.jackson.core:jackson-core:2.14.1,com.fasterxml.jackson.core:jackson-core:2.10.2,76.0
com.fasterxml.jackson.core:jackson-core:2.14.1,com.fasterxml.jackson.core:jackson-core:2.10.1,76.0
org.springframework:spring-tx:5.3.29,org.springframework:spring-tx:5.3.26,2.0
org.springframework:spring-tx:5.3.29,org.springframework:spring-tx:6.0.12,68.0
org.springframework:spring-tx:5.3.29,org.springframework:spring-tx:6.0.11,67.0
org.springframework:spring-tx:5.3.29,org.springframework:spring-tx:5.3.28,2.0
org.springframework:spring-tx:5.3.29,org.springframework:spring-tx:5.3.9,2.0
org.mongodb:mongodb-driver-reactivestreams:4.6.1,org.mongodb:mongodb-driver-reactivestreams:4.4.2,18.0
org.mongodb:mongodb-driver-reactivestreams:4.6.1,org.mongodb:mongodb-driver-reactivestreams:4.2.3,26.0
org.springframework.boot:spring-boot-starter:2.7.8,org.springframework.boot:spring-boot-starter:2.7.15,0.0
org.springframework.boot:spring-boot-starter:2.7.8,org.springframework.boot:spring-boot-starter:2.7.16,0.0
org.springframework.boot:spring-boot-starter:2.7.8,org.springframework.boot:spring-boot-starter:2.7.17,0.0
org.springframework.boot:spring-boot-starter:2.7.9,org.springframework.boot:spring-boot-starter:3.2.9,0.0
com.fasterxml.jackson.core:jackson-core:2.14.1,com.fasterxml.jackson.core:jackson-core:2.1.3,127.0
org.springframework.boot:spring-boot-starter:2.7.9,org.springframework.boot:spring-boot-starter:3.2.7,0.0
com.fasterxml.jackson.core:jackson-core:2.14.1,com.fasterxml.jackson.core:jackson-core:2.6.7,105.0
org.springframework.boot:spring-boot-starter:2.7.9,org.springframework.boot:spring-boot-starter:3.0.9,0.0
com.fasterxml.jackson.core:jackson-core:2.14.1,com.fasterxml.jackson.core:jackson-core:2.9.6,84.0
org.springframework.boot:spring-boot-starter:2.7.9,org.springframework.boot:spring-boot-starter:3.2.8,0.0
com.fasterxml.jackson.core:jackson-core:2.14.1,com.fasterxml.jackson.core:jackson-core:2.6.3,106.0
com.fasterxml.jackson.core:jackson-core:2.14.1,com.fasterxml.jackson.core:jackson-core:2.8.3,96.0
com.fasterxml.jackson.core:jackson-core:2.14.1,com.fasterxml.jackson.core:jackson-core:2.9.9,84.0
com.fasterxml.jackson.core:jackson-annotations:2.14.1,com.fasterxml.jackson.core:jackson-annotations:2.14.2,0.0
com.fasterxml.jackson.core:jackson-annotations:2.14.1,com.fasterxml.jackson.core:jackson-annotations:2.13.3,1.0
com.fasterxml.jackson.core:jackson-annotations:2.14.1,com.fasterxml.jackson.core:jackson-annotations:2.11.4,7.0
org.springframework:spring-expression:5.3.31,org.springframework:spring-expression:6.1.4,18.0
org.springframework:spring-expression:5.3.31,org.springframework:spring-expression:6.1.3,15.0
org.springframework:spring-expression:5.3.31,org.springframework:spring-expression:6.1.5,18.0
org.springframework:spring-expression:5.3.31,org.springframework:spring-expression:6.1.8,21.0
org.springframework:spring-expression:5.3.31,org.springframework:spring-expression:6.1.7,21.0
org.springframework:spring-expression:5.3.31,org.springframework:spring-expression:6.1.9,21.0
org.springframework:spring-expression:5.3.31,org.springframework:spring-expression:6.1.0,12.0
org.springframework:spring-expression:5.3.31,org.springframework:spring-expression:5.3.19,11.0
org.springframework:spring-expression:5.3.31,org.springframework:spring-expression:6.1.2,14.0
org.springframework:spring-expression:5.3.31,org.springframework:spring-expression:6.1.1,14.0
org.springframework:spring-tx:5.3.29,org.springframework:spring-tx:6.0.5,66.0
org.springframework:spring-tx:5.3.29,org.springframework:spring-tx:6.1.5,80.0
org.springframework:spring-tx:5.3.29,org.springframework:spring-tx:6.0.6,66.0
org.springframework:spring-tx:5.3.29,org.springframework:spring-tx:5.3.17,2.0
org.springframework:spring-tx:5.3.29,org.springframework:spring-tx:6.0.0,65.0
org.springframework:spring-tx:5.3.29,org.springframework:spring-tx:6.1.0,80.0
org.springframework:spring-tx:5.3.29,org.springframework:spring-tx:6.1.2,80.0
org.springframework:spring-tx:5.3.29,org.springframework:spring-tx:6.1.3,80.0
org.springframework:spring-tx:5.3.29,org.springframework:spring-tx:6.0.4,65.0
org.springframework:spring-tx:5.3.29,org.springframework:spring-tx:6.1.4,80.0
org.springframework:spring-tx:5.3.29,org.springframework:spring-tx:6.0.10,69.0
com.fasterxml.jackson.core:jackson-core:2.14.1,com.fasterxml.jackson.core:jackson-core:2.14.3,0.0
com.fasterxml.jackson.core:jackson-core:2.14.1,com.fasterxml.jackson.core:jackson-core:2.15.2,40.0
com.fasterxml.jackson.core:jackson-core:2.14.1,com.fasterxml.jackson.core:jackson-core:2.13.4,46.0
com.fasterxml.jackson.core:jackson-core:2.14.1,com.fasterxml.jackson.core:jackson-core:2.16.1,52.0
com.fasterxml.jackson.core:jackson-core:2.14.1,com.fasterxml.jackson.core:jackson-core:2.14.2,2.0
com.fasterxml.jackson.core:jackson-core:2.14.1,com.fasterxml.jackson.core:jackson-core:2.13.3,46.0
com.fasterxml.jackson.core:jackson-core:2.14.1,com.fasterxml.jackson.core:jackson-core:2.10.5,76.0
com.fasterxml.jackson.core:jackson-core:2.14.1,com.fasterxml.jackson.core:jackson-core:2.12.3,63.0
org.springframework:spring-tx:5.3.29,org.springframework:spring-tx:6.0.7,68.0
org.springframework:spring-tx:5.3.29,org.springframework:spring-tx:6.1.7,80.0
org.springframework:spring-tx:5.3.29,org.springframework:spring-tx:6.0.8,68.0
org.springframework:spring-tx:5.3.29,org.springframework:spring-tx:6.0.9,68.0
org.springframework:spring-tx:5.3.29,org.springframework:spring-tx:6.1.9,80.0
org.springframework:spring-tx:5.3.29,org.springframework:spring-tx:5.3.30,1.0
org.springframework:spring-tx:5.3.29,org.springframework:spring-tx:5.3.31,1.0
org.springframework:spring-tx:5.3.29,org.springframework:spring-tx:5.3.4,3.0
org.springframework.boot:spring-boot-starter:2.7.8,org.springframework.boot:spring-boot-starter:3.0.13,0.0
com.fasterxml.jackson.core:jackson-annotations:2.14.1,com.fasterxml.jackson.core:jackson-annotations:2.17.2,3.0
org.springframework.boot:spring-boot-starter:2.7.8,org.springframework.boot:spring-boot-starter:3.1.8,0.0
com.fasterxml.jackson.core:jackson-annotations:2.14.1,com.fasterxml.jackson.core:jackson-annotations:2.12.7,1.0
org.springframework.boot:spring-boot-starter:2.7.8,org.springframework.boot:spring-boot-starter:3.1.9,0.0
com.fasterxml.jackson.core:jackson-annotations:2.14.1,com.fasterxml.jackson.core:jackson-annotations:2.15.4,1.0
org.springframework.boot:spring-boot-starter:2.7.8,org.springframework.boot:spring-boot-starter:3.0.10,0.0
com.fasterxml.jackson.core:jackson-annotations:2.14.1,com.fasterxml.jackson.core:jackson-annotations:2.6.0,31.0
org.springframework.boot:spring-boot-starter:2.7.8,org.springframework.boot:spring-boot-starter:3.0.11,0.0
com.fasterxml.jackson.core:jackson-annotations:2.14.1,com.fasterxml.jackson.core:jackson-annotations:2.9.0,11.0
org.springframework.boot:spring-boot-starter:2.7.8,org.springframework.boot:spring-boot-starter:3.3.0,0.0
com.fasterxml.jackson.core:jackson-annotations:2.14.1,com.fasterxml.jackson.core:jackson-annotations:2.8.0,27.0
org.springframework.boot:spring-boot-starter:2.7.8,org.springframework.boot:spring-boot-starter:3.1.2,0.0
com.fasterxml.jackson.core:jackson-annotations:2.14.1,com.fasterxml.jackson.core:jackson-annotations:2.9.5,10.0
org.springframework.boot:spring-boot-starter:2.7.8,org.springframework.boot:spring-boot-starter:3.3.1,0.0
org.springframework:spring-context:6.0.9,org.springframework:spring-context:5.3.15,89.0
org.springframework.boot:spring-boot-starter:2.7.8,org.springframework.boot:spring-boot-starter:3.1.3,0.0
org.springframework:spring-context:6.0.9,org.springframework:spring-context:5.3.18,88.0
org.springframework.boot:spring-boot-starter:2.7.8,org.springframework.boot:spring-boot-starter:3.1.0,0.0
org.springframework:spring-context:6.0.9,org.springframework:spring-context:5.3.19,88.0
org.springframework:spring-expression:5.3.31,org.springframework:spring-expression:6.0.11,7.0
org.springframework:spring-expression:5.3.31,org.springframework:spring-expression:6.0.14,8.0
org.springframework:spring-expression:5.3.31,org.springframework:spring-expression:6.0.13,8.0
org.springframework:spring-expression:5.3.31,org.springframework:spring-expression:6.0.16,8.0
org.springframework:spring-expression:5.3.31,org.springframework:spring-expression:6.0.15,8.0
org.springframework:spring-expression:5.3.31,org.springframework:spring-expression:5.3.4,13.0
org.springframework:spring-expression:5.3.31,org.springframework:spring-expression:5.3.26,10.0
org.springframework:spring-expression:5.3.31,org.springframework:spring-expression:5.3.28,0.0
org.springframework:spring-context:6.0.9,org.springframework:spring-context:5.3.17,89.0
org.springframework:spring-context:6.0.9,org.springframework:spring-context:6.0.21,8.0
org.springframework.boot:spring-boot-starter:2.7.8,org.springframework.boot:spring-boot-starter:3.2.6,0.0
org.springframework:spring-context:6.0.9,org.springframework:spring-context:6.0.20,8.0
org.springframework.boot:spring-boot-starter:2.7.8,org.springframework.boot:spring-boot-starter:3.0.5,0.0
org.springframework.boot:spring-boot-starter:2.7.8,org.springframework.boot:spring-boot-starter:3.2.3,0.0
org.springframework:spring-context:6.0.9,org.springframework:spring-context:6.0.8,0.0
org.springframework.boot:spring-boot-starter:2.7.8,org.springframework.boot:spring-boot-starter:3.0.6,0.0
org.springframework:spring-context:6.0.9,org.springframework:spring-context:6.0.7,0.0
org.springframework.boot:spring-boot-starter:2.7.8,org.springframework.boot:spring-boot-starter:3.2.4,0.0
org.springframework:spring-context:6.0.9,org.springframework:spring-context:6.0.6,1.0
org.springframework.boot:spring-boot-starter:2.7.8,org.springframework.boot:spring-boot-starter:3.0.0,0.0
org.springframework:spring-context:6.0.9,org.springframework:spring-context:6.0.5,1.0
org.springframework.boot:spring-boot-starter:2.7.8,org.springframework.boot:spring-boot-starter:2.6.14,0.0
org.springframework:spring-context:6.0.9,org.springframework:spring-context:6.0.4,2.0
org.springframework.boot:spring-boot-starter:2.7.8,org.springframework.boot:spring-boot-starter:2.6.15,0.0
org.springframework:spring-context:6.0.9,org.springframework:spring-context:6.0.3,3.0
org.springframework.boot:spring-boot-starter:2.7.8,org.springframework.boot:spring-boot-starter:2.5.15,0.0
org.springframework.boot:spring-boot-starter:2.7.8,org.springframework.boot:spring-boot-starter:3.0.12,0.0
org.springframework.data:spring-data-keyvalue:3.0.9,org.springframework.data:spring-data-keyvalue:2.7.12,3.0
org.springframework.data:spring-data-keyvalue:3.0.9,org.springframework.data:spring-data-keyvalue:3.0.5,0.0
org.springframework.data:spring-data-keyvalue:3.0.9,org.springframework.data:spring-data-keyvalue:3.2.3,4.0
org.springframework.data:spring-data-keyvalue:3.0.9,org.springframework.data:spring-data-keyvalue:3.0.4,0.0
org.springframework.data:spring-data-keyvalue:3.0.9,org.springframework.data:spring-data-keyvalue:3.2.2,4.0
org.springframework.data:spring-data-keyvalue:3.0.9,org.springframework.data:spring-data-keyvalue:3.0.3,0.0
org.springframework.data:spring-data-keyvalue:3.0.9,org.springframework.data:spring-data-keyvalue:3.2.1,4.0
org.springframework.data:spring-data-keyvalue:3.0.9,org.springframework.data:spring-data-keyvalue:3.0.2,0.0
org.springframework.data:spring-data-keyvalue:3.0.9,org.springframework.data:spring-data-keyvalue:3.2.0,4.0
org.springframework.data:spring-data-keyvalue:3.0.9,org.springframework.data:spring-data-keyvalue:3.0.1,0.0
org.springframework.boot:spring-boot-starter:2.7.8,org.springframework.boot:spring-boot-starter:2.7.6,0.0
org.springframework.boot:spring-boot-starter:2.7.8,org.springframework.boot:spring-boot-starter:3.1.11,0.0
org.springframework.boot:spring-boot-starter:2.7.8,org.springframework.boot:spring-boot-starter:3.1.12,0.0
org.springframework.boot:spring-boot-starter:2.7.8,org.springframework.boot:spring-boot-starter:3.1.10,0.0
com.fasterxml.jackson.core:jackson-annotations:2.14.1,com.fasterxml.jackson.core:jackson-annotations:2.12.3,1.0
org.springframework.boot:spring-boot-starter:2.7.8,org.springframework.boot:spring-boot-starter:2.7.10,0.0
org.springframework.boot:spring-boot-starter:2.7.8,org.springframework.boot:spring-boot-starter:2.7.11,0.0
com.fasterxml.jackson.core:jackson-annotations:2.14.1,com.fasterxml.jackson.core:jackson-annotations:2.15.0,1.0
org.springframework.boot:spring-boot-starter:2.7.8,org.springframework.boot:spring-boot-starter:2.7.12,0.0
com.fasterxml.jackson.core:jackson-annotations:2.14.1,com.fasterxml.jackson.core:jackson-annotations:2.13.2,1.0
org.springframework.boot:spring-boot-starter:2.7.8,org.springframework.boot:spring-boot-starter:2.7.13,0.0
com.fasterxml.jackson.core:jackson-annotations:2.14.1,com.fasterxml.jackson.core:jackson-annotations:2.10.5,7.0
org.springframework.boot:spring-boot-starter:2.7.8,org.springframework.boot:spring-boot-starter:2.7.14,0.0
com.fasterxml.jackson.core:jackson-annotations:2.14.1,com.fasterxml.jackson.core:jackson-annotations:2.15.3,1.0
com.fasterxml.jackson.core:jackson-annotations:2.14.1,com.fasterxml.jackson.core:jackson-annotations:2.12.6,1.0
com.fasterxml.jackson.core:jackson-annotations:2.14.1,com.fasterxml.jackson.core:jackson-annotations:2.17.1,3.0
com.fasterxml.jackson.core:jackson-annotations:2.14.1,com.fasterxml.jackson.core:jackson-annotations:2.13.5,1.0
com.fasterxml.jackson.core:jackson-annotations:2.14.1,com.fasterxml.jackson.core:jackson-annotations:2.16.1,3.0
org.springframework:spring-expression:5.3.31,org.springframework:spring-expression:5.3.15,12.0
org.springframework:spring-expression:5.3.31,org.springframework:spring-expression:5.3.18,11.0
org.springframework:spring-expression:5.3.31,org.springframework:spring-expression:5.3.17,11.0
org.springframework:spring-expression:5.3.31,org.springframework:spring-expression:6.0.21,8.0
org.springframework:spring-expression:5.3.31,org.springframework:spring-expression:6.0.20,8.0
org.springframework:spring-expression:5.3.31,org.springframework:spring-expression:6.0.5,14.0
org.springframework:spring-expression:5.3.31,org.springframework:spring-expression:6.0.18,8.0
org.springframework:spring-expression:5.3.31,org.springframework:spring-expression:6.0.4,14.0
org.springframework:spring-expression:5.3.31,org.springframework:spring-expression:6.0.17,8.0
org.springframework:spring-expression:5.3.31,org.springframework:spring-expression:6.0.7,13.0
org.springframework.boot:spring-boot-starter:2.7.8,org.springframework.boot:spring-boot-starter:3.1.1,0.0
org.springframework.boot:spring-boot-starter:2.7.8,org.springframework.boot:spring-boot-starter:3.1.6,0.0
org.springframework.boot:spring-boot-starter:2.7.8,org.springframework.boot:spring-boot-starter:3.1.7,0.0
com.fasterxml.jackson.core:jackson-annotations:2.14.1,com.fasterxml.jackson.core:jackson-annotations:2.14.3,0.0
org.springframework.boot:spring-boot-starter:2.7.8,org.springframework.boot:spring-boot-starter:3.3.2,0.0
com.fasterxml.jackson.core:jackson-annotations:2.14.1,com.fasterxml.jackson.core:jackson-annotations:2.15.2,1.0
org.springframework.boot:spring-boot-starter:2.7.8,org.springframework.boot:spring-boot-starter:3.1.4,0.0
com.fasterxml.jackson.core:jackson-annotations:2.14.1,com.fasterxml.jackson.core:jackson-annotations:2.13.4,1.0
org.springframework.boot:spring-boot-starter:2.7.8,org.springframework.boot:spring-boot-starter:3.3.3,0.0
com.fasterxml.jackson.core:jackson-annotations:2.14.1,com.fasterxml.jackson.core:jackson-annotations:2.10.2,7.0
org.springframework.boot:spring-boot-starter:2.7.8,org.springframework.boot:spring-boot-starter:3.1.5,0.0
com.fasterxml.jackson.core:jackson-annotations:2.14.1,com.fasterxml.jackson.core:jackson-annotations:2.10.1,7.0
org.springframework.boot:spring-boot-starter:2.7.8,org.springframework.boot:spring-boot-starter:2.7.7,0.0
com.fasterxml.jackson.core:jackson-annotations:2.14.1,com.fasterxml.jackson.core:jackson-annotations:2.11.3,7.0
org.springframework.boot:spring-boot-starter:2.7.8,org.springframework.boot:spring-boot-starter:2.7.9,0.0
com.fasterxml.jackson.core:jackson-annotations:2.14.1,com.fasterxml.jackson.core:jackson-annotations:2.14.0,0.0
com.fasterxml.jackson.core:jackson-annotations:2.14.1,com.fasterxml.jackson.core:jackson-annotations:2.13.1,1.0
com.fasterxml.jackson.core:jackson-annotations:2.14.1,com.fasterxml.jackson.core:jackson-annotations:2.11.2,7.0
org.springframework:spring-expression:5.3.31,org.springframework:spring-expression:6.0.6,14.0
org.springframework:spring-expression:5.3.31,org.springframework:spring-expression:6.0.9,7.0
org.springframework:spring-expression:5.3.31,org.springframework:spring-expression:6.0.8,8.0
org.springframework:spring-expression:5.3.31,org.springframework:spring-expression:6.0.0,14.0
org.springframework:spring-expression:5.3.31,org.springframework:spring-expression:6.0.3,14.0
org.springframework:spring-expression:5.3.31,org.springframework:spring-expression:6.0.2,14.0
org.springframework:spring-expression:5.3.31,org.springframework:spring-expression:6.0.10,7.0
org.springframework:spring-expression:5.3.31,org.springframework:spring-expression:5.3.30,0.0
org.springframework:spring-expression:5.3.31,org.springframework:spring-expression:6.0.12,7.0
org.apache.tomcat.embed:tomcat-embed-el:9.0.71,org.apache.tomcat.embed:tomcat-embed-el:10.1.19,100.0
org.apache.tomcat.embed:tomcat-embed-el:9.0.71,org.apache.tomcat.embed:tomcat-embed-el:10.1.13,100.0
org.apache.tomcat.embed:tomcat-embed-el:9.0.71,org.apache.tomcat.embed:tomcat-embed-el:10.1.12,100.0
org.apache.tomcat.embed:tomcat-embed-el:9.0.71,org.apache.tomcat.embed:tomcat-embed-el:10.1.11,100.0
org.apache.tomcat.embed:tomcat-embed-el:9.0.71,org.apache.tomcat.embed:tomcat-embed-el:10.1.18,100.0
org.apache.tomcat.embed:tomcat-embed-el:9.0.71,org.apache.tomcat.embed:tomcat-embed-el:10.1.17,100.0
org.apache.tomcat.embed:tomcat-embed-el:9.0.71,org.apache.tomcat.embed:tomcat-embed-el:10.1.16,100.0
org.springframework.data:spring-data-keyvalue:3.0.9,org.springframework.data:spring-data-keyvalue:3.0.10,0.0
org.springframework.boot:spring-boot-starter-json:3.1.1,org.springframework.boot:spring-boot-starter-json:3.0.11,0.0
org.springframework.data:spring-data-keyvalue:3.0.9,org.springframework.data:spring-data-keyvalue:3.3.2,10.0
org.springframework.boot:spring-boot-starter-json:3.1.1,org.springframework.boot:spring-boot-starter-json:3.0.12,0.0
org.springframework.data:spring-data-keyvalue:3.0.9,org.springframework.data:spring-data-keyvalue:3.1.4,4.0
org.springframework.boot:spring-boot-starter-json:3.1.1,org.springframework.boot:spring-boot-starter-json:3.0.13,0.0
org.springframework.data:spring-data-keyvalue:3.0.9,org.springframework.data:spring-data-keyvalue:3.3.1,10.0
org.springframework.boot:spring-boot-starter-json:3.1.1,org.springframework.boot:spring-boot-starter-json:3.2.8,0.0
org.springframework.data:spring-data-keyvalue:3.0.9,org.springframework.data:spring-data-keyvalue:3.1.3,4.0
org.springframework.boot:spring-boot-starter-json:3.1.1,org.springframework.boot:spring-boot-starter-json:3.2.9,0.0
org.springframework.data:spring-data-keyvalue:3.0.9,org.springframework.data:spring-data-keyvalue:3.3.0,10.0
org.springframework.boot:spring-boot-starter-json:3.1.1,org.springframework.boot:spring-boot-starter-json:3.0.4,0.0
org.springframework.data:spring-data-keyvalue:3.0.9,org.springframework.data:spring-data-keyvalue:3.1.2,4.0
org.springframework.boot:spring-boot-starter-json:3.1.1,org.springframework.boot:spring-boot-starter-json:3.2.2,0.0
org.springframework.data:spring-data-keyvalue:3.0.9,org.springframework.data:spring-data-keyvalue:3.1.1,4.0
org.springframework.boot:spring-boot-starter-json:3.1.1,org.springframework.boot:spring-boot-starter-json:3.2.3,0.0
org.springframework.data:spring-data-keyvalue:3.0.9,org.springframework.data:spring-data-keyvalue:3.1.0,4.0
org.springframework.boot:spring-boot-starter-json:3.1.1,org.springframework.boot:spring-boot-starter-json:3.0.5,0.0
org.springframework.data:spring-data-keyvalue:3.0.9,org.springframework.data:spring-data-keyvalue:2.6.10,6.0
org.springframework.boot:spring-boot-starter-json:3.1.1,org.springframework.boot:spring-boot-starter-json:3.0.2,0.0
org.springframework.data:spring-data-keyvalue:3.0.9,org.springframework.data:spring-data-keyvalue:3.0.11,0.0
org.apache.tomcat.embed:tomcat-embed-el:9.0.71,org.apache.tomcat.embed:tomcat-embed-el:9.0.70,0.0
org.apache.tomcat.embed:tomcat-embed-el:9.0.71,org.apache.tomcat.embed:tomcat-embed-el:10.1.26,101.0
org.apache.tomcat.embed:tomcat-embed-el:9.0.71,org.apache.tomcat.embed:tomcat-embed-el:10.1.10,100.0
org.apache.tomcat.embed:tomcat-embed-el:9.0.71,org.apache.tomcat.embed:tomcat-embed-el:9.0.69,0.0
org.springframework.boot:spring-boot-starter-json:3.1.1,org.springframework.boot:spring-boot-starter-json:3.2.0,0.0
org.springframework.boot:spring-boot-starter-json:3.1.1,org.springframework.boot:spring-boot-starter-json:3.0.3,0.0
org.springframework.data:spring-data-keyvalue:3.0.9,org.springframework.data:spring-data-keyvalue:3.2.7,10.0
org.springframework.boot:spring-boot-starter-json:3.1.1,org.springframework.boot:spring-boot-starter-json:3.2.1,0.0
org.springframework.boot:spring-boot-starter-json:3.1.1,org.springframework.boot:spring-boot-starter-json:3.2.6,0.0
org.springframework.data:spring-data-keyvalue:3.0.9,org.springframework.data:spring-data-keyvalue:3.0.8,0.0
org.springframework.boot:spring-boot-starter-json:3.1.1,org.springframework.boot:spring-boot-starter-json:3.0.8,0.0
org.springframework.data:spring-data-keyvalue:3.0.9,org.springframework.data:spring-data-keyvalue:3.2.6,10.0
org.springframework.boot:spring-boot-starter-json:3.1.1,org.springframework.boot:spring-boot-starter-json:3.2.7,0.0
org.springframework.data:spring-data-keyvalue:3.0.9,org.springframework.data:spring-data-keyvalue:3.2.5,10.0
org.springframework.boot:spring-boot-starter-json:3.1.1,org.springframework.boot:spring-boot-starter-json:3.0.9,0.0
org.springframework.data:spring-data-keyvalue:3.0.9,org.springframework.data:spring-data-keyvalue:3.0.7,0.0
org.springframework.boot:spring-boot-starter-json:3.1.1,org.springframework.boot:spring-boot-starter-json:3.2.4,0.0
org.springframework.data:spring-data-keyvalue:3.0.9,org.springframework.data:spring-data-keyvalue:3.2.4,10.0
org.springframework.boot:spring-boot-starter-json:3.1.1,org.springframework.boot:spring-boot-starter-json:3.0.6,0.0
org.springframework.data:spring-data-keyvalue:3.0.9,org.springframework.data:spring-data-keyvalue:3.0.6,0.0
org.springframework.boot:spring-boot-starter-json:3.1.1,org.springframework.boot:spring-boot-starter-json:3.2.5,0.0
org.springframework.data:spring-data-keyvalue:3.0.9,org.springframework.data:spring-data-keyvalue:3.0.12,0.0
org.springframework.boot:spring-boot-starter-json:3.1.1,org.springframework.boot:spring-boot-starter-json:3.1.12,0.0
org.springframework.boot:spring-boot-starter-json:3.1.1,org.springframework.boot:spring-boot-starter-json:2.6.14,0.0
org.springframework.boot:spring-boot-starter:2.7.8,org.springframework.boot:spring-boot-starter:3.0.3,0.0
org.springframework.boot:spring-boot-starter:2.7.8,org.springframework.boot:spring-boot-starter:3.2.1,0.0
org.springframework.boot:spring-boot-starter:2.7.8,org.springframework.boot:spring-boot-starter:3.0.4,0.0
org.springframework.boot:spring-boot-starter:2.7.8,org.springframework.boot:spring-boot-starter:3.2.2,0.0
org.springframework.boot:spring-boot-starter:2.7.8,org.springframework.boot:spring-boot-starter:3.0.1,0.0
org.springframework.boot:spring-boot-starter:2.7.8,org.springframework.boot:spring-boot-starter:3.0.2,0.0
org.springframework.boot:spring-boot-starter:2.7.8,org.springframework.boot:spring-boot-starter:3.2.0,0.0
org.springframework.boot:spring-boot-starter:2.7.8,org.springframework.boot:spring-boot-starter:3.0.7,0.0
org.springframework.boot:spring-boot-starter:2.7.8,org.springframework.boot:spring-boot-starter:3.2.5,0.0
org.springframework.boot:spring-boot-starter:2.7.8,org.springframework.boot:spring-boot-starter:3.0.8,0.0
org.springframework.data:spring-data-keyvalue:3.0.9,org.springframework.data:spring-data-keyvalue:2.7.13,3.0
org.springframework.data:spring-data-keyvalue:3.0.9,org.springframework.data:spring-data-keyvalue:3.1.7,4.0
org.springframework.data:spring-data-keyvalue:3.0.9,org.springframework.data:spring-data-keyvalue:2.7.14,3.0
org.springframework.data:spring-data-keyvalue:3.0.9,org.springframework.data:spring-data-keyvalue:3.1.6,4.0
org.springframework.data:spring-data-keyvalue:3.0.9,org.springframework.data:spring-data-keyvalue:2.7.15,3.0
org.springframework.data:spring-data-keyvalue:3.0.9,org.springframework.data:spring-data-keyvalue:3.1.5,4.0
org.springframework.boot:spring-boot-starter-json:3.1.1,org.springframework.boot:spring-boot-starter-json:3.1.2,0.0
org.springframework.data:spring-data-keyvalue:3.0.9,org.springframework.data:spring-data-keyvalue:3.3.3,10.0
org.springframework.boot:spring-boot-starter-json:3.1.1,org.springframework.boot:spring-boot-starter-json:3.3.0,0.0
org.springframework.data:spring-data-keyvalue:3.0.9,org.springframework.data:spring-data-keyvalue:2.7.16,3.0
org.springframework.boot:spring-boot-starter-json:3.1.1,org.springframework.boot:spring-boot-starter-json:3.1.7,0.0
org.springframework.data:spring-data-keyvalue:3.0.9,org.springframework.data:spring-data-keyvalue:2.7.10,3.0
org.springframework.boot:spring-boot-starter-json:3.1.1,org.springframework.boot:spring-boot-starter-json:3.1.8,0.0
org.springframework.data:spring-data-keyvalue:3.0.9,org.springframework.data:spring-data-keyvalue:2.7.11,3.0
org.springframework.boot:spring-boot-starter-json:3.1.1,org.springframework.boot:spring-boot-starter-json:3.1.5,0.0
org.springframework.boot:spring-boot-starter-json:3.1.1,org.springframework.boot:spring-boot-starter-json:3.3.3,0.0
org.springframework.boot:spring-boot-starter-json:3.1.1,org.springframework.boot:spring-boot-starter-json:3.1.6,0.0
org.springframework.boot:spring-boot-starter-json:3.1.1,org.springframework.boot:spring-boot-starter-json:2.7.7,0.0
org.apache.tomcat.embed:tomcat-embed-el:9.0.71,org.apache.tomcat.embed:tomcat-embed-el:10.1.15,100.0
org.apache.tomcat.embed:tomcat-embed-el:9.0.71,org.apache.tomcat.embed:tomcat-embed-el:10.1.20,100.0
org.springframework.boot:spring-boot-starter:2.7.8,org.springframework.boot:spring-boot-starter:3.2.9,0.0
org.springframework.boot:spring-boot-starter:2.7.8,org.springframework.boot:spring-boot-starter:3.2.7,0.0
org.springframework.boot:spring-boot-starter:2.7.8,org.springframework.boot:spring-boot-starter:3.0.9,0.0
org.springframework.boot:spring-boot-starter:2.7.8,org.springframework.boot:spring-boot-starter:3.2.8,0.0
org.springframework.boot:spring-boot-starter:2.7.8,org.springframework.boot:spring-boot-starter:2.7.18,0.0
org.springframework.data:spring-data-keyvalue:3.0.9,org.springframework.data:spring-data-keyvalue:3.1.12,10.0
org.springframework.data:spring-data-keyvalue:3.0.9,org.springframework.data:spring-data-keyvalue:3.1.10,10.0
org.springframework.data:spring-data-keyvalue:3.0.9,org.springframework.data:spring-data-keyvalue:2.7.5,3.0
org.springframework.boot:spring-boot-starter-json:3.1.1,org.springframework.boot:spring-boot-starter-json:2.6.15,0.0
org.springframework.data:spring-data-keyvalue:3.0.9,org.springframework.data:spring-data-keyvalue:2.7.7,3.0
org.springframework.boot:spring-boot-starter-json:3.1.1,org.springframework.boot:spring-boot-starter-json:2.5.15,0.0
org.springframework.data:spring-data-keyvalue:3.0.9,org.springframework.data:spring-data-keyvalue:2.7.6,3.0
org.springframework.boot:spring-boot-starter-json:3.1.1,org.springframework.boot:spring-boot-starter-json:3.0.10,0.0
org.springframework.data:spring-data-keyvalue:3.0.9,org.springframework.data:spring-data-keyvalue:2.7.17,3.0
org.springframework.boot:spring-boot-starter-json:3.1.1,org.springframework.boot:spring-boot-starter-json:2.7.8,0.0
org.springframework.data:spring-data-keyvalue:3.0.9,org.springframework.data:spring-data-keyvalue:2.7.18,3.0
org.springframework.boot:spring-boot-starter-json:3.1.1,org.springframework.boot:spring-boot-starter-json:2.7.9,0.0
org.springframework.data:spring-data-keyvalue:3.0.9,org.springframework.data:spring-data-keyvalue:2.7.8,3.0
org.springframework.boot:spring-boot-starter-json:3.1.1,org.springframework.boot:spring-boot-starter-json:3.0.0,0.0
org.springframework.data:spring-data-keyvalue:3.0.9,org.springframework.data:spring-data-keyvalue:3.1.9,4.0
org.springframework.boot:spring-boot-starter-json:3.1.1,org.springframework.boot:spring-boot-starter-json:2.7.5,0.0
org.springframework.data:spring-data-keyvalue:3.0.9,org.springframework.data:spring-data-keyvalue:3.1.8,4.0
org.springframework.boot:spring-boot-starter-json:3.1.1,org.springframework.boot:spring-boot-starter-json:3.0.1,0.0
org.springframework.boot:spring-boot-starter-json:3.1.1,org.springframework.boot:spring-boot-starter-json:2.7.6,0.0
io.micrometer:micrometer-tracing:1.0.9,io.micrometer:micrometer-tracing:1.3.1,17.0
org.springframework.boot:spring-boot-starter-json:3.1.1,org.springframework.boot:spring-boot-starter-json:2.7.15,0.0
io.reactivex:rxjava:1.3.8,io.reactivex:rxjava:1.2.0,123.0
io.micrometer:micrometer-tracing:1.0.9,io.micrometer:micrometer-tracing:1.2.2,18.0
org.springframework.boot:spring-boot-starter-json:3.1.1,org.springframework.boot:spring-boot-starter-json:2.7.16,0.0
org.springframework:spring-tx:5.3.29,org.springframework:spring-tx:6.0.14,68.0
io.micrometer:micrometer-tracing:1.0.9,io.micrometer:micrometer-tracing:1.2.3,17.0
org.springframework.boot:spring-boot-starter-json:3.1.1,org.springframework.boot:spring-boot-starter-json:2.7.13,0.0
org.springframework:spring-tx:5.3.29,org.springframework:spring-tx:5.3.23,2.0
io.micrometer:micrometer-tracing:1.0.9,io.micrometer:micrometer-tracing:1.3.2,17.0
org.springframework.boot:spring-boot-starter-json:3.1.1,org.springframework.boot:spring-boot-starter-json:2.7.14,0.0
org.springframework:spring-tx:5.3.29,org.springframework:spring-tx:6.0.13,68.0
org.springframework:spring-aop:6.0.11,org.springframework:spring-aop:6.0.21,0.0
org.springframework:spring-web:6.0.10,org.springframework:spring-web:6.1.12,110.0
org.mongodb:mongodb-driver-core:4.6.1,org.mongodb:mongodb-driver-core:4.8.2,111.0
org.springframework:spring-aop:6.0.11,org.springframework:spring-aop:6.0.20,0.0
org.springframework:spring-web:6.0.10,org.springframework:spring-web:6.1.10,110.0
org.mongodb:mongodb-driver-core:4.6.1,org.mongodb:mongodb-driver-core:4.9.1,133.0
io.micrometer:micrometer-tracing:1.0.9,io.micrometer:micrometer-tracing:1.0.3,6.0
org.springframework:spring-web:6.0.10,org.springframework:spring-web:6.1.11,110.0
org.mongodb:mongodb-driver-core:4.6.1,org.mongodb:mongodb-driver-core:4.8.0-beta0,78.0
io.micrometer:micrometer-tracing:1.0.9,io.micrometer:micrometer-tracing:1.3.0,17.0
org.springframework.boot:spring-boot-starter-json:3.1.1,org.springframework.boot:spring-boot-starter-json:2.7.17,0.0
org.mongodb:mongodb-driver-core:4.6.1,org.mongodb:mongodb-driver-core:4.6.0-alpha0,25.0
io.micrometer:micrometer-tracing:1.0.9,io.micrometer:micrometer-tracing:1.2.1,18.0
org.springframework.boot:spring-boot-starter-json:3.1.1,org.springframework.boot:spring-boot-starter-json:2.7.18,0.0
org.mongodb:mongodb-driver-core:4.6.1,org.mongodb:mongodb-driver-core:4.11.1,204.0
io.micrometer:micrometer-tracing:1.0.9,io.micrometer:micrometer-tracing:1.0.4,3.0
org.springframework.boot:spring-boot-starter-json:3.1.1,org.springframework.boot:spring-boot-starter-json:3.1.0,0.0
org.springframework:spring-tx:5.3.29,org.springframework:spring-tx:6.0.17,68.0
org.springframework:spring-aop:6.0.11,org.springframework:spring-aop:6.0.2,11.0
org.springframework.boot:spring-boot-starter-json:3.1.1,org.springframework.boot:spring-boot-starter-json:3.3.1,0.0
org.springframework:spring-tx:5.3.29,org.springframework:spring-tx:5.3.19,2.0
org.springframework:spring-aop:6.0.11,org.springframework:spring-aop:6.0.3,11.0
org.springframework.boot:spring-boot-starter-json:3.1.1,org.springframework.boot:spring-boot-starter-json:3.1.4,0.0
org.springframework:spring-tx:5.3.29,org.springframework:spring-tx:6.0.20,68.0
org.springframework:spring-aop:6.0.11,org.springframework:spring-aop:6.0.18,0.0
org.springframework.boot:spring-boot-starter-json:3.1.1,org.springframework.boot:spring-boot-starter-json:3.3.2,0.0
org.springframework:spring-tx:5.3.29,org.springframework:spring-tx:6.1.12,81.0
org.springframework:spring-aop:6.0.11,org.springframework:spring-aop:6.0.0,11.0
org.springframework:spring-aop:6.0.11,org.springframework:spring-aop:6.0.17,0.0
org.springframework.boot:spring-boot-starter-json:3.1.1,org.springframework.boot:spring-boot-starter-json:2.7.11,0.0
org.springframework:spring-tx:5.3.29,org.springframework:spring-tx:5.3.22,2.0
org.springframework.boot:spring-boot-starter-json:3.1.1,org.springframework.boot:spring-boot-starter-json:2.7.12,0.0
org.springframework:spring-tx:5.3.29,org.springframework:spring-tx:6.0.16,68.0
org.springframework:spring-aop:6.0.11,org.springframework:spring-aop:6.0.9,10.0
org.springframework.boot:spring-boot-starter-json:3.1.1,org.springframework.boot:spring-boot-starter-json:2.7.10,0.0
org.springframework:spring-tx:5.3.29,org.springframework:spring-tx:5.3.25,2.0
org.springframework:spring-aop:6.0.11,org.springframework:spring-aop:6.0.6,11.0
org.springframework.boot:spring-boot-starter-json:3.1.1,org.springframework.boot:spring-boot-starter-json:3.1.9,0.0
org.springframework:spring-tx:5.3.29,org.springframework:spring-tx:6.0.15,68.0
org.springframework:spring-aop:6.0.11,org.springframework:spring-aop:6.0.7,10.0
org.springframework.boot:spring-boot-starter-json:3.1.1,org.springframework.boot:spring-boot-starter-json:3.1.10,0.0
org.springframework:spring-tx:5.3.29,org.springframework:spring-tx:5.3.24,2.0
org.springframework:spring-aop:6.0.11,org.springframework:spring-aop:6.0.4,11.0
org.springframework.boot:spring-boot-starter-json:3.1.1,org.springframework.boot:spring-boot-starter-json:3.1.11,0.0
org.springframework:spring-tx:5.3.29,org.springframework:spring-tx:6.0.18,68.0
org.springframework:spring-aop:6.0.11,org.springframework:spring-aop:6.0.5,11.0
org.springframework.boot:spring-boot-starter-json:3.1.1,org.springframework.boot:spring-boot-starter-json:3.1.3,0.0
org.springframework.data:spring-data-keyvalue:3.0.9,org.springframework.data:spring-data-keyvalue:2.5.12,9.0
org.springframework:spring-web:6.0.10,org.springframework:spring-web:6.0.9,3.0
org.springframework.data:spring-data-keyvalue:3.0.9,org.springframework.data:spring-data-keyvalue:3.2.8,10.0
org.springframework:spring-web:6.0.10,org.springframework:spring-web:6.0.16,8.0
org.springframework:spring-web:6.0.10,org.springframework:spring-web:6.0.2,51.0
org.springframework:spring-web:6.0.10,org.springframework:spring-web:6.0.13,2.0
org.springframework:spring-web:6.0.10,org.springframework:spring-web:6.0.3,35.0
org.springframework:spring-web:6.0.10,org.springframework:spring-web:6.0.14,3.0
org.apache.tomcat.embed:tomcat-embed-el:9.0.71,org.apache.tomcat.embed:tomcat-embed-el:10.1.25,100.0
org.apache.tomcat.embed:tomcat-embed-el:9.0.71,org.apache.tomcat.embed:tomcat-embed-el:10.1.24,100.0
org.apache.tomcat.embed:tomcat-embed-el:9.0.71,org.apache.tomcat.embed:tomcat-embed-el:10.1.28,100.0
io.micrometer:micrometer-tracing:1.0.9,io.micrometer:micrometer-tracing:1.0.8,0.0
io.micrometer:micrometer-tracing:1.0.9,io.micrometer:micrometer-tracing:1.2.7,17.0
io.micrometer:micrometer-tracing:1.0.9,io.micrometer:micrometer-tracing:1.2.8,17.0
io.micrometer:micrometer-tracing:1.0.9,io.micrometer:micrometer-tracing:1.0.11,3.0
org.springframework:spring-web:6.0.10,org.springframework:spring-web:6.0.7,11.0
io.micrometer:micrometer-tracing:1.0.9,io.micrometer:micrometer-tracing:1.0.10,3.0
org.springframework:spring-web:6.0.10,org.springframework:spring-web:6.0.18,14.0
io.micrometer:micrometer-tracing:1.0.9,io.micrometer:micrometer-tracing:1.0.12,3.0
org.springframework:spring-web:6.0.10,org.springframework:spring-web:6.0.8,5.0
org.springframework.data:spring-data-keyvalue:3.0.9,org.springframework.data:spring-data-keyvalue:3.2.9,10.0
org.springframework:spring-web:6.0.10,org.springframework:spring-web:6.0.15,3.0
org.mongodb:mongodb-driver-core:4.6.1,org.mongodb:mongodb-driver-core:4.1.1,256.0
io.micrometer:micrometer-tracing:1.0.9,io.micrometer:micrometer-tracing:1.2.5,17.0
org.springframework:spring-web:6.0.10,org.springframework:spring-web:6.0.0,51.0
io.micrometer:micrometer-tracing:1.0.9,io.micrometer:micrometer-tracing:1.0.7,0.0
org.springframework:spring-web:6.0.10,org.springframework:spring-web:5.3.15,374.0
org.mongodb:mongodb-driver-core:4.6.1,org.mongodb:mongodb-driver-core:4.4.2,100.0
io.micrometer:micrometer-tracing:1.0.9,io.micrometer:micrometer-tracing:1.2.6,17.0
org.springframework:spring-web:6.0.10,org.springframework:spring-web:5.3.19,374.0
org.mongodb:mongodb-driver-core:4.6.1,org.mongodb:mongodb-driver-core:4.3.0-beta1,236.0
org.springframework:spring-web:6.0.10,org.springframework:spring-web:5.3.17,374.0
org.mongodb:mongodb-driver-core:4.6.1,org.mongodb:mongodb-driver-core:4.2.3,245.0
org.springframework:spring-web:6.0.10,org.springframework:spring-web:5.3.18,374.0
org.mongodb:mongodb-driver-core:4.6.1,org.mongodb:mongodb-driver-core:4.4.0-beta2,108.0
io.micrometer:micrometer-tracing:1.0.9,io.micrometer:micrometer-tracing:1.2.4,17.0
io.micrometer:micrometer-tracing:1.0.9,io.micrometer:micrometer-tracing:1.3.3,17.0
io.micrometer:micrometer-tracing:1.0.9,io.micrometer:micrometer-tracing:1.0.0,7.0
org.springframework:spring-web:6.0.10,org.springframework:spring-web:6.0.11,2.0
org.springframework:spring-context:5.3.29,org.springframework:spring-context:6.1.0,157.0
io.micrometer:micrometer-tracing:1.0.9,io.micrometer:micrometer-tracing:1.0.1,7.0
org.springframework:spring-web:6.0.10,org.springframework:spring-web:6.0.4,32.0
org.springframework:spring-context:5.3.29,org.springframework:spring-context:5.3.9,13.0
io.micrometer:micrometer-tracing:1.0.9,io.micrometer:micrometer-tracing:1.0.2,7.0
org.springframework:spring-web:6.0.10,org.springframework:spring-web:6.0.12,2.0
org.mongodb:mongodb-driver-core:4.6.1,org.mongodb:mongodb-driver-core:4.11.2,211.0
io.micrometer:micrometer-tracing:1.0.9,io.micrometer:micrometer-tracing:1.2.0,18.0
org.springframework:spring-web:6.0.10,org.springframework:spring-web:6.0.5,14.0
org.mongodb:mongodb-driver-core:4.6.1,org.mongodb:mongodb-driver-core:4.11.3,211.0
io.micrometer:micrometer-tracing:1.0.9,io.micrometer:micrometer-tracing:1.2.9,17.0
io.projectreactor:reactor-core:3.5.9,io.projectreactor:reactor-core:3.5.0,48.0
io.projectreactor:reactor-core:3.5.9,io.projectreactor:reactor-core:3.3.22.RELEASE,472.0
io.projectreactor:reactor-core:3.5.9,io.projectreactor:reactor-core:3.4.26,103.0
io.projectreactor:reactor-core:3.5.9,io.projectreactor:reactor-core:3.3.9.RELEASE,489.0
io.projectreactor:reactor-core:3.5.9,io.projectreactor:reactor-core:3.4.25,109.0
io.projectreactor:reactor-core:3.5.9,io.projectreactor:reactor-core:3.4.24,124.0
org.springframework.data:spring-data-keyvalue:3.0.9,org.springframework.data:spring-data-keyvalue:3.0.0,0.0
io.projectreactor:reactor-core:3.5.9,io.projectreactor:reactor-core:3.5.3,35.0
io.projectreactor:reactor-core:3.5.9,io.projectreactor:reactor-core:3.5.2,42.0
io.projectreactor:reactor-core:3.5.9,io.projectreactor:reactor-core:3.6.2,20.0
io.projectreactor:reactor-core:3.5.9,io.projectreactor:reactor-core:3.4.3,254.0
io.projectreactor:reactor-core:3.5.9,io.projectreactor:reactor-core:3.6.1,20.0
io.projectreactor:reactor-core:3.5.9,io.projectreactor:reactor-core:3.5.10,0.0
io.projectreactor:reactor-core:3.5.9,io.projectreactor:reactor-core:3.6.0,18.0
io.projectreactor:reactor-core:3.5.9,io.projectreactor:reactor-core:3.4.14,186.0
io.projectreactor:reactor-core:3.5.9,io.projectreactor:reactor-core:3.2.5.RELEASE,574.0
io.projectreactor:reactor-core:3.5.9,io.projectreactor:reactor-core:3.5.17,3.0
io.projectreactor:reactor-core:3.5.9,io.projectreactor:reactor-core:3.5.18,5.0
io.projectreactor:reactor-core:3.5.9,io.projectreactor:reactor-core:3.5.19,5.0
io.projectreactor:reactor-core:3.5.9,io.projectreactor:reactor-core:3.5.6,19.0
io.projectreactor:reactor-core:3.5.9,io.projectreactor:reactor-core:3.5.5,19.0
io.projectreactor:reactor-core:3.5.9,io.projectreactor:reactor-core:3.5.4,34.0
io.projectreactor:reactor-core:3.5.9,io.projectreactor:reactor-core:3.4.18,170.0
io.projectreactor:reactor-core:3.5.9,io.projectreactor:reactor-core:3.4.17,173.0
io.projectreactor:reactor-core:3.5.9,io.projectreactor:reactor-core:3.4.16,183.0
io.projectreactor:reactor-core:3.5.9,io.projectreactor:reactor-core:3.4.23,125.0
io.projectreactor:reactor-core:3.5.9,io.projectreactor:reactor-core:3.5.8,2.0
io.projectreactor:reactor-core:3.5.9,io.projectreactor:reactor-core:3.5.7,4.0
io.projectreactor:reactor-core:3.5.9,io.projectreactor:reactor-core:3.4.21,141.0
org.springframework.boot:spring-boot-starter:3.2.7,org.springframework.boot:spring-boot-starter:2.7.6,0.0
org.springframework.boot:spring-boot-starter:3.2.7,org.springframework.boot:spring-boot-starter:3.1.11,0.0
org.springframework.boot:spring-boot-starter:3.2.7,org.springframework.boot:spring-boot-starter:3.1.12,0.0
org.springframework.boot:spring-boot-starter:3.2.7,org.springframework.boot:spring-boot-starter:3.1.10,0.0
org.springframework.boot:spring-boot-starter:3.2.7,org.springframework.boot:spring-boot-starter:2.7.10,0.0
org.springframework.boot:spring-boot-starter:3.2.7,org.springframework.boot:spring-boot-starter:2.7.11,0.0
org.springframework.boot:spring-boot-starter:3.2.7,org.springframework.boot:spring-boot-starter:2.7.12,0.0
org.springframework.boot:spring-boot-starter:3.2.7,org.springframework.boot:spring-boot-starter:2.7.13,0.0
org.springframework.boot:spring-boot-starter:3.2.7,org.springframework.boot:spring-boot-starter:2.7.14,0.0
org.springframework.boot:spring-boot-starter:3.2.7,org.springframework.boot:spring-boot-starter:2.7.15,0.0
org.springframework.boot:spring-boot-starter:3.2.7,org.springframework.boot:spring-boot-starter:2.7.16,0.0
org.springframework.boot:spring-boot-starter:3.2.7,org.springframework.boot:spring-boot-starter:2.7.17,0.0
org.springframework.boot:spring-boot-actuator-autoconfigure:3.2.7,org.springframework.boot:spring-boot-actuator-autoconfigure:3.0.0,111.0
org.springframework.boot:spring-boot-actuator-autoconfigure:3.2.7,org.springframework.boot:spring-boot-actuator-autoconfigure:2.7.18,212.0
org.springframework.boot:spring-boot-actuator-autoconfigure:3.2.7,org.springframework.boot:spring-boot-actuator-autoconfigure:3.0.3,106.0
org.springframework.boot:spring-boot-actuator-autoconfigure:3.2.7,org.springframework.boot:spring-boot-actuator-autoconfigure:2.7.15,213.0
org.springframework.boot:spring-boot-actuator-autoconfigure:3.2.7,org.springframework.boot:spring-boot-actuator-autoconfigure:3.0.4,106.0
org.springframework.boot:spring-boot-actuator-autoconfigure:3.2.7,org.springframework.boot:spring-boot-actuator-autoconfigure:2.7.14,216.0
org.springframework.boot:spring-boot-starter:3.2.7,org.springframework.boot:spring-boot-starter:3.1.8,0.0
org.springframework.boot:spring-boot-starter:3.2.7,org.springframework.boot:spring-boot-starter:3.1.9,0.0
org.springframework.boot:spring-boot-starter:3.2.7,org.springframework.boot:spring-boot-starter:3.0.10,0.0
org.springframework.boot:spring-boot-starter:3.2.7,org.springframework.boot:spring-boot-starter:3.0.11,0.0
org.springframework.boot:spring-boot-starter:3.2.7,org.springframework.boot:spring-boot-starter:3.3.0,0.0
org.springframework.boot:spring-boot-starter:3.2.7,org.springframework.boot:spring-boot-starter:3.1.2,0.0
org.springframework.boot:spring-boot-starter:3.2.7,org.springframework.boot:spring-boot-starter:3.3.1,0.0
org.springframework.boot:spring-boot-starter:3.2.7,org.springframework.boot:spring-boot-starter:3.1.3,0.0
org.springframework.boot:spring-boot-starter:3.2.7,org.springframework.boot:spring-boot-starter:3.1.0,0.0
org.springframework.boot:spring-boot-starter-json:3.1.1,org.springframework.boot:spring-boot-starter-json:3.0.7,0.0
org.springframework.boot:spring-boot-starter:3.1.1,org.springframework.boot:spring-boot-starter:3.2.9,0.0
org.springframework.boot:spring-boot-starter:3.1.1,org.springframework.boot:spring-boot-starter:3.2.7,0.0
org.springframework.boot:spring-boot-starter:3.1.1,org.springframework.boot:spring-boot-starter:3.0.9,0.0
org.springframework.boot:spring-boot-starter:3.1.1,org.springframework.boot:spring-boot-starter:3.2.8,0.0
org.springframework.boot:spring-boot-starter:3.1.1,org.springframework.boot:spring-boot-starter:2.7.18,0.0
org.springframework.boot:spring-boot-starter:3.1.1,org.springframework.boot:spring-boot-starter:3.0.3,0.0
org.springframework.boot:spring-boot-starter:3.1.1,org.springframework.boot:spring-boot-starter:3.2.1,0.0
org.springframework.boot:spring-boot-starter:3.1.1,org.springframework.boot:spring-boot-starter:3.0.4,0.0
org.springframework.boot:spring-boot-starter:3.1.1,org.springframework.boot:spring-boot-starter:3.2.2,0.0
org.springframework.boot:spring-boot-starter:3.2.7,org.springframework.boot:spring-boot-starter:3.1.6,0.0
org.springframework.boot:spring-boot-starter:3.2.7,org.springframework.boot:spring-boot-starter:3.1.7,0.0
org.springframework.boot:spring-boot-starter:3.2.7,org.springframework.boot:spring-boot-starter:3.3.2,0.0
org.springframework.boot:spring-boot-starter:3.2.7,org.springframework.boot:spring-boot-starter:3.1.4,0.0
org.springframework.boot:spring-boot-starter:3.2.7,org.springframework.boot:spring-boot-starter:3.3.3,0.0
org.springframework.boot:spring-boot-starter:3.2.7,org.springframework.boot:spring-boot-starter:3.1.5,0.0
org.springframework.boot:spring-boot-starter:3.2.7,org.springframework.boot:spring-boot-starter:2.7.7,0.0
org.springframework.boot:spring-boot-starter:3.1.1,org.springframework.boot:spring-boot-starter:3.0.1,0.0
org.springframework.boot:spring-boot-starter:3.1.1,org.springframework.boot:spring-boot-starter:3.0.2,0.0
org.springframework.boot:spring-boot-starter:3.1.1,org.springframework.boot:spring-boot-starter:3.2.0,0.0
org.springframework.boot:spring-boot-starter:3.1.1,org.springframework.boot:spring-boot-starter:3.0.7,0.0
org.springframework.boot:spring-boot-starter:3.1.1,org.springframework.boot:spring-boot-starter:3.2.5,0.0
org.springframework.boot:spring-boot-starter:3.1.1,org.springframework.boot:spring-boot-starter:3.0.8,0.0
org.springframework.boot:spring-boot-starter:3.1.1,org.springframework.boot:spring-boot-starter:3.2.6,0.0
org.springframework.boot:spring-boot-starter:3.1.1,org.springframework.boot:spring-boot-starter:3.0.5,0.0
org.springframework.boot:spring-boot-starter:3.1.1,org.springframework.boot:spring-boot-starter:3.2.3,0.0
org.springframework.boot:spring-boot-starter:3.1.1,org.springframework.boot:spring-boot-starter:3.0.6,0.0
com.fasterxml.jackson.core:jackson-annotations:2.14.2,com.fasterxml.jackson.core:jackson-annotations:2.10.5,7.0
org.springframework.boot:spring-boot-actuator-autoconfigure:3.2.7,org.springframework.boot:spring-boot-actuator-autoconfigure:3.3.3,29.0
com.fasterxml.jackson.core:jackson-annotations:2.14.2,com.fasterxml.jackson.core:jackson-annotations:2.15.3,1.0
org.springframework.boot:spring-boot-actuator-autoconfigure:3.2.7,org.springframework.boot:spring-boot-actuator-autoconfigure:3.1.5,73.0
com.fasterxml.jackson.core:jackson-annotations:2.14.2,com.fasterxml.jackson.core:jackson-annotations:2.12.6,1.0
org.springframework.boot:spring-boot-actuator-autoconfigure:3.2.7,org.springframework.boot:spring-boot-actuator-autoconfigure:3.1.8,71.0
com.fasterxml.jackson.core:jackson-annotations:2.14.2,com.fasterxml.jackson.core:jackson-annotations:2.17.1,3.0
org.springframework.boot:spring-boot-actuator-autoconfigure:3.2.7,org.springframework.boot:spring-boot-actuator-autoconfigure:3.1.9,70.0
com.fasterxml.jackson.core:jackson-annotations:2.14.2,com.fasterxml.jackson.core:jackson-annotations:2.13.5,1.0
org.springframework.boot:spring-boot-actuator-autoconfigure:3.2.7,org.springframework.boot:spring-boot-actuator-autoconfigure:3.1.12,69.0
com.fasterxml.jackson.core:jackson-annotations:2.14.2,com.fasterxml.jackson.core:jackson-annotations:2.16.1,3.0
org.springframework.boot:spring-boot-actuator-autoconfigure:3.2.7,org.springframework.boot:spring-boot-actuator-autoconfigure:3.1.11,70.0
com.fasterxml.jackson.core:jackson-annotations:2.14.2,com.fasterxml.jackson.core:jackson-annotations:2.14.3,0.0
org.springframework.boot:spring-boot-actuator-autoconfigure:3.2.7,org.springframework.boot:spring-boot-actuator-autoconfigure:3.1.10,70.0
com.fasterxml.jackson.core:jackson-annotations:2.14.2,com.fasterxml.jackson.core:jackson-annotations:2.15.2,1.0
org.springframework.boot:spring-boot-actuator-autoconfigure:3.2.7,org.springframework.boot:spring-boot-actuator-autoconfigure:3.3.0,29.0
com.fasterxml.jackson.core:jackson-annotations:2.14.2,com.fasterxml.jackson.core:jackson-annotations:2.13.4,1.0
org.springframework.boot:spring-boot-actuator-autoconfigure:3.2.7,org.springframework.boot:spring-boot-actuator-autoconfigure:3.1.2,84.0
com.fasterxml.jackson.core:jackson-annotations:2.14.2,com.fasterxml.jackson.core:jackson-annotations:2.10.2,7.0
org.springframework.boot:spring-boot-actuator-autoconfigure:3.2.7,org.springframework.boot:spring-boot-actuator-autoconfigure:3.3.1,29.0
com.fasterxml.jackson.core:jackson-annotations:2.14.2,com.fasterxml.jackson.core:jackson-annotations:2.10.1,7.0
org.springframework.boot:spring-boot-actuator-autoconfigure:3.2.7,org.springframework.boot:spring-boot-actuator-autoconfigure:3.1.3,76.0
org.springframework.boot:spring-boot-actuator-autoconfigure:3.2.7,org.springframework.boot:spring-boot-actuator-autoconfigure:3.1.0,85.0
com.fasterxml.jackson.core:jackson-annotations:2.14.2,com.fasterxml.jackson.core:jackson-annotations:2.11.3,7.0
org.springframework.boot:spring-boot-actuator-autoconfigure:3.2.7,org.springframework.boot:spring-boot-actuator-autoconfigure:3.1.1,84.0
com.fasterxml.jackson.core:jackson-annotations:2.14.2,com.fasterxml.jackson.core:jackson-annotations:2.14.0,0.0
org.springframework.boot:spring-boot-actuator-autoconfigure:3.2.7,org.springframework.boot:spring-boot-actuator-autoconfigure:2.5.15,257.0
com.fasterxml.jackson.core:jackson-annotations:2.14.2,com.fasterxml.jackson.core:jackson-annotations:2.13.1,1.0
org.springframework.boot:spring-boot-actuator-autoconfigure:3.2.7,org.springframework.boot:spring-boot-actuator-autoconfigure:3.0.12,87.0
com.fasterxml.jackson.core:jackson-annotations:2.14.2,com.fasterxml.jackson.core:jackson-annotations:2.11.2,7.0
org.springframework.boot:spring-boot-actuator-autoconfigure:3.2.7,org.springframework.boot:spring-boot-actuator-autoconfigure:3.0.13,87.0
com.fasterxml.jackson.core:jackson-annotations:2.14.2,com.fasterxml.jackson.core:jackson-annotations:2.17.2,3.0
org.springframework.boot:spring-boot-actuator-autoconfigure:3.2.7,org.springframework.boot:spring-boot-actuator-autoconfigure:3.0.10,90.0
com.fasterxml.jackson.core:jackson-annotations:2.14.2,com.fasterxml.jackson.core:jackson-annotations:2.12.7,1.0
org.springframework.boot:spring-boot-actuator-autoconfigure:3.2.7,org.springframework.boot:spring-boot-actuator-autoconfigure:3.0.11,88.0
com.fasterxml.jackson.core:jackson-annotations:2.14.2,com.fasterxml.jackson.core:jackson-annotations:2.15.4,1.0
org.springframework.boot:spring-boot-actuator-autoconfigure:3.2.7,org.springframework.boot:spring-boot-actuator-autoconfigure:3.0.7,99.0
com.fasterxml.jackson.core:jackson-annotations:2.14.2,com.fasterxml.jackson.core:jackson-annotations:2.6.0,31.0
org.springframework.boot:spring-boot-actuator-autoconfigure:3.2.7,org.springframework.boot:spring-boot-actuator-autoconfigure:3.2.5,1.0
com.fasterxml.jackson.core:jackson-annotations:2.14.2,com.fasterxml.jackson.core:jackson-annotations:2.9.0,11.0
com.fasterxml.jackson.core:jackson-core:2.14.2,com.fasterxml.jackson.core:jackson-core:2.14.0,2.0
org.springframework.boot:spring-boot-actuator-autoconfigure:3.2.7,org.springframework.boot:spring-boot-actuator-autoconfigure:3.0.1,110.0
com.fasterxml.jackson.core:jackson-core:2.14.2,com.fasterxml.jackson.core:jackson-core:2.11.3,76.0
org.springframework.boot:spring-boot-actuator-autoconfigure:3.2.7,org.springframework.boot:spring-boot-actuator-autoconfigure:2.7.17,212.0
com.fasterxml.jackson.core:jackson-core:2.14.2,com.fasterxml.jackson.core:jackson-core:2.13.1,46.0
org.springframework.boot:spring-boot-actuator-autoconfigure:3.2.7,org.springframework.boot:spring-boot-actuator-autoconfigure:3.0.2,108.0
com.fasterxml.jackson.core:jackson-core:2.14.2,com.fasterxml.jackson.core:jackson-core:2.11.2,76.0
org.springframework.boot:spring-boot-actuator-autoconfigure:3.2.7,org.springframework.boot:spring-boot-actuator-autoconfigure:2.7.16,213.0
com.fasterxml.jackson.core:jackson-core:2.14.2,com.fasterxml.jackson.core:jackson-core:2.10.2,76.0
com.fasterxml.jackson.core:jackson-core:2.14.2,com.fasterxml.jackson.core:jackson-core:2.10.1,76.0
org.springframework.boot:spring-boot-actuator-autoconfigure:3.2.7,org.springframework.boot:spring-boot-actuator-autoconfigure:2.7.11,218.0
com.fasterxml.jackson.core:jackson-core:2.14.2,com.fasterxml.jackson.core:jackson-core:2.1.3,127.0
org.springframework.boot:spring-boot-actuator-autoconfigure:3.2.7,org.springframework.boot:spring-boot-actuator-autoconfigure:2.7.10,220.0
com.fasterxml.jackson.core:jackson-core:2.14.2,com.fasterxml.jackson.core:jackson-core:2.6.7,105.0
org.springframework.boot:spring-boot-actuator-autoconfigure:3.2.7,org.springframework.boot:spring-boot-actuator-autoconfigure:2.7.13,216.0
com.fasterxml.jackson.core:jackson-core:2.14.2,com.fasterxml.jackson.core:jackson-core:2.9.6,84.0
org.springframework.boot:spring-boot-actuator-autoconfigure:3.2.7,org.springframework.boot:spring-boot-actuator-autoconfigure:2.7.12,216.0
com.fasterxml.jackson.core:jackson-core:2.14.2,com.fasterxml.jackson.core:jackson-core:2.6.3,106.0
org.springframework.boot:spring-boot-actuator-autoconfigure:3.2.7,org.springframework.boot:spring-boot-actuator-autoconfigure:2.7.5,221.0
org.springframework:spring-context:5.3.29,org.springframework:spring-context:5.3.4,34.0
org.springframework:spring-context:5.3.29,org.springframework:spring-context:6.1.5,168.0
org.springframework:spring-context:5.3.29,org.springframework:spring-context:6.0.12,140.0
org.springframework:spring-context:5.3.29,org.springframework:spring-context:6.1.4,167.0
org.springframework:spring-context:5.3.29,org.springframework:spring-context:6.0.13,140.0
org.springframework:spring-context:5.3.29,org.springframework:spring-context:6.1.3,164.0
org.springframework:spring-context:5.3.29,org.springframework:spring-context:6.0.10,139.0
org.springframework:spring-context:5.3.29,org.springframework:spring-context:6.1.2,163.0
org.springframework:spring-context:5.3.29,org.springframework:spring-context:6.0.11,139.0
org.springframework:spring-context:5.3.29,org.springframework:spring-context:6.1.1,160.0
com.fasterxml.jackson.core:jackson-core:2.14.2,com.fasterxml.jackson.core:jackson-core:2.8.3,96.0
org.springframework.boot:spring-boot-actuator-autoconfigure:3.2.7,org.springframework.boot:spring-boot-actuator-autoconfigure:2.7.6,220.0
com.fasterxml.jackson.core:jackson-core:2.14.2,com.fasterxml.jackson.core:jackson-core:2.9.9,84.0
org.springframework.boot:spring-boot-actuator-autoconfigure:3.2.7,org.springframework.boot:spring-boot-actuator-autoconfigure:2.7.7,220.0
org.springframework.boot:spring-boot-actuator-autoconfigure:3.2.7,org.springframework.boot:spring-boot-actuator-autoconfigure:2.7.8,220.0
org.springframework.boot:spring-boot-actuator-autoconfigure:3.2.7,org.springframework.boot:spring-boot-actuator-autoconfigure:2.6.14,227.0
com.fasterxml.jackson.core:jackson-annotations:2.14.2,com.fasterxml.jackson.core:jackson-annotations:2.13.3,1.0
org.springframework.boot:spring-boot-actuator-autoconfigure:3.2.7,org.springframework.boot:spring-boot-actuator-autoconfigure:2.7.9,220.0
com.fasterxml.jackson.core:jackson-annotations:2.14.2,com.fasterxml.jackson.core:jackson-annotations:2.11.4,7.0
org.springframework.boot:spring-boot-actuator-autoconfigure:3.2.7,org.springframework.boot:spring-boot-actuator-autoconfigure:2.6.15,223.0
com.fasterxml.jackson.core:jackson-annotations:2.14.2,com.fasterxml.jackson.core:jackson-annotations:2.12.3,1.0
org.springframework.boot:spring-boot-actuator-autoconfigure:3.2.7,org.springframework.boot:spring-boot-actuator-autoconfigure:3.1.6,72.0
org.springframework.boot:spring-boot-actuator-autoconfigure:3.2.7,org.springframework.boot:spring-boot-actuator-autoconfigure:3.1.7,71.0
com.fasterxml.jackson.core:jackson-annotations:2.14.2,com.fasterxml.jackson.core:jackson-annotations:2.15.0,1.0
org.springframework.boot:spring-boot-actuator-autoconfigure:3.2.7,org.springframework.boot:spring-boot-actuator-autoconfigure:3.3.2,29.0
com.fasterxml.jackson.core:jackson-annotations:2.14.2,com.fasterxml.jackson.core:jackson-annotations:2.13.2,1.0
org.springframework.boot:spring-boot-actuator-autoconfigure:3.2.7,org.springframework.boot:spring-boot-actuator-autoconfigure:3.1.4,74.0
com.fasterxml.jackson.core:jackson-annotations:2.14.2,com.fasterxml.jackson.core:jackson-annotations:2.8.0,27.0
org.springframework.boot:spring-boot-actuator-autoconfigure:3.2.7,org.springframework.boot:spring-boot-actuator-autoconfigure:3.2.6,0.0
com.fasterxml.jackson.core:jackson-annotations:2.14.2,com.fasterxml.jackson.core:jackson-annotations:2.9.5,10.0
org.springframework.boot:spring-boot-actuator-autoconfigure:3.2.7,org.springframework.boot:spring-boot-actuator-autoconfigure:3.0.5,106.0
com.fasterxml.jackson.core:jackson-core:2.14.1,com.fasterxml.jackson.core:jackson-core:2.12.7,62.0
org.springframework.boot:spring-boot-actuator-autoconfigure:3.2.7,org.springframework.boot:spring-boot-actuator-autoconfigure:3.2.3,1.0
com.fasterxml.jackson.core:jackson-core:2.14.1,com.fasterxml.jackson.core:jackson-core:2.15.4,40.0
org.springframework.boot:spring-boot-actuator-autoconfigure:3.2.7,org.springframework.boot:spring-boot-actuator-autoconfigure:3.0.6,101.0
com.fasterxml.jackson.core:jackson-core:2.14.1,com.fasterxml.jackson.core:jackson-core:2.17.2,61.0
com.fasterxml.jackson.core:jackson-core:2.14.1,com.fasterxml.jackson.core:jackson-core:2.15.3,40.0
org.springframework.boot:spring-boot-actuator-autoconfigure:3.2.7,org.springframework.boot:spring-boot-actuator-autoconfigure:3.2.9,0.0
com.fasterxml.jackson.core:jackson-core:2.14.1,com.fasterxml.jackson.core:jackson-core:2.12.6,62.0
org.springframework.boot:spring-boot-actuator-autoconfigure:3.2.7,org.springframework.boot:spring-boot-actuator-autoconfigure:3.0.9,98.0
com.fasterxml.jackson.core:jackson-core:2.14.1,com.fasterxml.jackson.core:jackson-core:2.17.1,61.0
com.fasterxml.jackson.core:jackson-core:2.14.1,com.fasterxml.jackson.core:jackson-core:2.13.5,46.0
org.springframework.boot:spring-boot-actuator-autoconfigure:3.2.7,org.springframework.boot:spring-boot-actuator-autoconfigure:3.2.8,0.0
org.springframework.boot:spring-boot-actuator-autoconfigure:3.2.7,org.springframework.boot:spring-boot-actuator-autoconfigure:3.0.8,98.0
io.micrometer:micrometer-jakarta9:1.12.7,io.micrometer:micrometer-jakarta9:1.12.6,0.0
io.micrometer:micrometer-jakarta9:1.12.7,io.micrometer:micrometer-jakarta9:1.12.5,1.0
io.micrometer:micrometer-jakarta9:1.12.7,io.micrometer:micrometer-jakarta9:1.13.3,0.0
io.micrometer:micrometer-jakarta9:1.12.7,io.micrometer:micrometer-jakarta9:1.12.3,1.0
io.micrometer:micrometer-jakarta9:1.12.7,io.micrometer:micrometer-jakarta9:1.13.2,0.0
io.micrometer:micrometer-jakarta9:1.12.7,io.micrometer:micrometer-jakarta9:1.13.1,0.0
io.micrometer:micrometer-jakarta9:1.12.7,io.micrometer:micrometer-jakarta9:1.12.8,0.0
io.projectreactor:reactor-core:3.4.31,io.projectreactor:reactor-core:3.4.32,1.0
io.projectreactor:reactor-core:3.4.31,io.projectreactor:reactor-core:3.6.7,77.0
io.projectreactor:reactor-core:3.4.31,io.projectreactor:reactor-core:3.6.6,77.0
io.projectreactor:reactor-core:3.4.31,io.projectreactor:reactor-core:3.4.8,123.0
io.projectreactor:reactor-core:3.4.31,io.projectreactor:reactor-core:3.6.5,75.0
io.projectreactor:reactor-core:3.4.31,io.projectreactor:reactor-core:3.6.4,75.0
io.projectreactor:reactor-core:3.4.31,io.projectreactor:reactor-core:3.6.3,75.0
io.projectreactor:reactor-core:3.4.31,io.projectreactor:reactor-core:3.4.34,1.0
io.projectreactor:reactor-core:3.4.31,io.projectreactor:reactor-core:3.4.33,1.0
io.reactivex.rxjava3:rxjava:3.1.6,io.reactivex.rxjava3:rxjava:3.0.10,181.0
com.fasterxml.jackson.core:jackson-annotations:2.14.3,com.fasterxml.jackson.core:jackson-annotations:2.13.3,1.0
com.fasterxml.jackson.core:jackson-annotations:2.14.3,com.fasterxml.jackson.core:jackson-annotations:2.11.4,7.0
com.fasterxml.jackson.core:jackson-annotations:2.14.3,com.fasterxml.jackson.core:jackson-annotations:2.12.3,1.0
com.fasterxml.jackson.core:jackson-annotations:2.14.3,com.fasterxml.jackson.core:jackson-annotations:2.15.0,1.0
com.fasterxml.jackson.core:jackson-annotations:2.14.3,com.fasterxml.jackson.core:jackson-annotations:2.13.2,1.0
com.fasterxml.jackson.core:jackson-annotations:2.14.3,com.fasterxml.jackson.core:jackson-annotations:2.10.5,7.0
com.fasterxml.jackson.core:jackson-annotations:2.14.3,com.fasterxml.jackson.core:jackson-annotations:2.15.3,1.0
com.fasterxml.jackson.core:jackson-annotations:2.14.3,com.fasterxml.jackson.core:jackson-annotations:2.12.6,1.0
com.fasterxml.jackson.core:jackson-annotations:2.14.3,com.fasterxml.jackson.core:jackson-annotations:2.17.1,3.0
io.projectreactor:reactor-core:3.4.31,io.projectreactor:reactor-core:3.4.30,2.0
io.projectreactor:reactor-core:3.4.31,io.projectreactor:reactor-core:3.4.28,2.0
io.projectreactor:reactor-core:3.4.31,io.projectreactor:reactor-core:3.4.27,2.0
io.projectreactor:reactor-core:3.4.31,io.projectreactor:reactor-core:3.3.0.RELEASE,444.0
io.reactivex.rxjava3:rxjava:3.1.6,io.reactivex.rxjava3:rxjava:3.0.13,173.0
io.reactivex.rxjava3:rxjava:3.1.6,io.reactivex.rxjava3:rxjava:3.1.5,27.0
io.projectreactor:reactor-core:3.4.31,io.projectreactor:reactor-core:3.6.2,75.0
io.projectreactor:reactor-core:3.4.31,io.projectreactor:reactor-core:3.4.3,163.0
io.projectreactor:reactor-core:3.4.31,io.projectreactor:reactor-core:3.6.1,75.0
io.projectreactor:reactor-core:3.4.31,io.projectreactor:reactor-core:3.5.10,64.0
io.projectreactor:reactor-core:3.4.31,io.projectreactor:reactor-core:3.4.16,91.0
io.projectreactor:reactor-core:3.4.31,io.projectreactor:reactor-core:3.4.14,94.0
io.projectreactor:reactor-core:3.4.31,io.projectreactor:reactor-core:3.2.5.RELEASE,513.0
io.projectreactor:reactor-core:3.4.31,io.projectreactor:reactor-core:3.5.17,65.0
io.projectreactor:reactor-core:3.4.31,io.projectreactor:reactor-core:3.5.18,65.0
io.projectreactor:reactor-core:3.4.31,io.projectreactor:reactor-core:3.5.19,65.0
io.projectreactor:reactor-core:3.4.31,io.projectreactor:reactor-core:3.5.16,64.0
io.projectreactor:reactor-core:3.4.31,io.projectreactor:reactor-core:3.6.9,77.0
io.projectreactor:reactor-core:3.4.31,io.projectreactor:reactor-core:3.6.8,77.0
io.projectreactor:reactor-core:3.4.31,io.projectreactor:reactor-core:3.6.0,74.0
io.projectreactor:reactor-core:3.4.31,io.projectreactor:reactor-core:3.5.11,64.0
io.projectreactor:reactor-core:3.4.31,io.projectreactor:reactor-core:3.4.1,177.0
io.projectreactor:reactor-core:3.4.31,io.projectreactor:reactor-core:3.5.12,64.0
io.projectreactor:reactor-core:3.4.31,io.projectreactor:reactor-core:3.5.13,64.0
io.projectreactor:reactor-core:3.4.31,io.projectreactor:reactor-core:3.5.14,64.0
io.projectreactor:reactor-core:3.4.31,io.projectreactor:reactor-core:3.5.15,64.0
com.fasterxml.jackson.core:jackson-core:2.14.2,com.fasterxml.jackson.core:jackson-core:2.15.4,40.0
com.fasterxml.jackson.core:jackson-core:2.14.2,com.fasterxml.jackson.core:jackson-core:2.17.2,61.0
com.fasterxml.jackson.core:jackson-core:2.14.2,com.fasterxml.jackson.core:jackson-core:2.15.3,40.0
com.fasterxml.jackson.core:jackson-core:2.14.2,com.fasterxml.jackson.core:jackson-core:2.12.6,62.0
com.fasterxml.jackson.core:jackson-core:2.14.2,com.fasterxml.jackson.core:jackson-core:2.17.1,61.0
com.fasterxml.jackson.core:jackson-core:2.14.2,com.fasterxml.jackson.core:jackson-core:2.13.5,46.0
com.fasterxml.jackson.core:jackson-core:2.14.2,com.fasterxml.jackson.core:jackson-core:2.14.3,2.0
com.fasterxml.jackson.core:jackson-core:2.14.2,com.fasterxml.jackson.core:jackson-core:2.15.2,40.0
com.fasterxml.jackson.core:jackson-core:2.14.2,com.fasterxml.jackson.core:jackson-core:2.13.4,46.0
com.fasterxml.jackson.core:jackson-core:2.14.2,com.fasterxml.jackson.core:jackson-core:2.16.1,52.0
org.springframework:spring-context:5.3.29,org.springframework:spring-context:6.1.12,168.0
org.springframework:spring-context:5.3.29,org.springframework:spring-context:6.1.10,168.0
org.springframework:spring-context:5.3.29,org.springframework:spring-context:6.0.18,142.0
org.springframework:spring-context:5.3.29,org.springframework:spring-context:6.0.16,140.0
org.springframework:spring-context:5.3.29,org.springframework:spring-context:6.0.17,141.0
org.springframework:spring-context:5.3.29,org.springframework:spring-context:6.0.14,140.0
org.springframework:spring-context:5.3.29,org.springframework:spring-context:6.0.15,140.0
org.springframework:spring-context:5.3.29,org.springframework:spring-context:5.3.22,1.0
org.springframework:spring-context:5.3.29,org.springframework:spring-context:5.3.20,2.0
org.springframework:spring-context:5.3.29,org.springframework:spring-context:5.2.0.RELEASE,63.0
com.fasterxml.jackson.core:jackson-core:2.14.2,com.fasterxml.jackson.core:jackson-core:2.13.3,46.0
com.fasterxml.jackson.core:jackson-core:2.14.2,com.fasterxml.jackson.core:jackson-core:2.10.5,76.0
com.fasterxml.jackson.core:jackson-core:2.14.2,com.fasterxml.jackson.core:jackson-core:2.12.3,63.0
com.fasterxml.jackson.core:jackson-core:2.14.2,com.fasterxml.jackson.core:jackson-core:2.11.4,76.0
com.fasterxml.jackson.core:jackson-core:2.14.2,com.fasterxml.jackson.core:jackson-core:2.15.0,40.0
com.fasterxml.jackson.core:jackson-core:2.14.2,com.fasterxml.jackson.core:jackson-core:2.13.2,46.0
org.springframework:spring-context:5.3.29,org.springframework:spring-context:5.3.25,0.0
org.springframework:spring-context:5.3.29,org.springframework:spring-context:5.3.26,0.0
org.springframework:spring-context:5.3.29,org.springframework:spring-context:5.3.24,0.0
org.springframework:spring-context:5.3.29,org.springframework:spring-context:5.3.28,0.0
org.springframework:spring-context:5.3.29,org.springframework:spring-context:6.1.9,168.0
org.springframework:spring-context:5.3.29,org.springframework:spring-context:6.1.8,168.0
org.springframework:spring-context:5.3.29,org.springframework:spring-context:6.1.7,168.0
com.fasterxml.jackson.core:jackson-annotations:2.14.3,com.fasterxml.jackson.core:jackson-annotations:2.13.5,1.0
com.fasterxml.jackson.core:jackson-annotations:2.14.3,com.fasterxml.jackson.core:jackson-annotations:2.16.1,3.0
com.fasterxml.jackson.core:jackson-annotations:2.14.3,com.fasterxml.jackson.core:jackson-annotations:2.15.2,1.0
com.fasterxml.jackson.core:jackson-annotations:2.14.3,com.fasterxml.jackson.core:jackson-annotations:2.13.4,1.0
com.fasterxml.jackson.core:jackson-annotations:2.14.3,com.fasterxml.jackson.core:jackson-annotations:2.10.2,7.0
com.fasterxml.jackson.core:jackson-annotations:2.14.3,com.fasterxml.jackson.core:jackson-annotations:2.10.1,7.0
com.fasterxml.jackson.core:jackson-annotations:2.14.3,com.fasterxml.jackson.core:jackson-annotations:2.11.3,7.0
com.fasterxml.jackson.core:jackson-annotations:2.14.3,com.fasterxml.jackson.core:jackson-annotations:2.14.0,0.0
org.springframework:spring-context:5.3.29,org.springframework:spring-context:5.3.15,4.0
org.springframework:spring-context:5.3.29,org.springframework:spring-context:5.3.18,3.0
org.springframework:spring-context:5.3.29,org.springframework:spring-context:5.3.19,2.0
org.springframework:spring-context:5.3.29,org.springframework:spring-context:5.3.17,4.0
org.springframework:spring-context:5.3.29,org.springframework:spring-context:6.0.21,142.0
org.springframework:spring-context:5.3.29,org.springframework:spring-context:6.0.20,142.0
org.springframework:spring-context:5.3.29,org.springframework:spring-context:6.0.9,138.0
org.springframework:spring-context:5.3.29,org.springframework:spring-context:6.0.8,138.0
com.fasterxml.jackson.core:jackson-annotations:2.14.3,com.fasterxml.jackson.core:jackson-annotations:2.13.1,1.0
com.fasterxml.jackson.core:jackson-annotations:2.14.3,com.fasterxml.jackson.core:jackson-annotations:2.11.2,7.0
com.fasterxml.jackson.core:jackson-annotations:2.14.3,com.fasterxml.jackson.core:jackson-annotations:2.17.2,3.0
com.fasterxml.jackson.core:jackson-annotations:2.14.3,com.fasterxml.jackson.core:jackson-annotations:2.12.7,1.0
com.fasterxml.jackson.core:jackson-annotations:2.14.3,com.fasterxml.jackson.core:jackson-annotations:2.15.4,1.0
com.fasterxml.jackson.core:jackson-annotations:2.14.3,com.fasterxml.jackson.core:jackson-annotations:2.6.0,31.0
com.fasterxml.jackson.core:jackson-annotations:2.14.3,com.fasterxml.jackson.core:jackson-annotations:2.9.0,11.0
com.fasterxml.jackson.core:jackson-annotations:2.14.3,com.fasterxml.jackson.core:jackson-annotations:2.8.0,27.0
com.fasterxml.jackson.core:jackson-annotations:2.14.3,com.fasterxml.jackson.core:jackson-annotations:2.9.5,10.0
com.fasterxml.jackson.core:jackson-core:2.14.2,com.fasterxml.jackson.core:jackson-core:2.12.7,62.0
org.springframework:spring-context:5.3.29,org.springframework:spring-context:6.0.7,138.0
org.springframework:spring-context:5.3.29,org.springframework:spring-context:6.0.6,137.0
org.springframework:spring-context:5.3.29,org.springframework:spring-context:6.0.5,137.0
org.springframework:spring-context:5.3.29,org.springframework:spring-context:6.0.4,137.0
org.springframework:spring-context:5.3.29,org.springframework:spring-context:6.0.3,137.0
org.springframework:spring-context:5.3.29,org.springframework:spring-context:6.0.2,137.0
org.springframework:spring-context:5.3.29,org.springframework:spring-context:6.0.0,137.0
org.springframework:spring-context:5.3.29,org.springframework:spring-context:5.3.30,0.0
org.springframework:spring-context:5.3.29,org.springframework:spring-context:5.3.31,0.0
org.springframework:spring-context:5.3.29,org.springframework:spring-context:6.1.11,168.0
org.springframework.boot:spring-boot-starter-json:3.1.4,org.springframework.boot:spring-boot-starter-json:2.7.5,0.0
org.springframework.boot:spring-boot-starter-json:3.1.4,org.springframework.boot:spring-boot-starter-json:3.0.1,0.0
org.springframework.boot:spring-boot-starter-json:3.1.4,org.springframework.boot:spring-boot-starter-json:2.7.6,0.0
com.fasterxml.jackson.core:jackson-annotations:2.16.1,com.fasterxml.jackson.core:jackson-annotations:2.13.3,5.0
com.fasterxml.jackson.core:jackson-annotations:2.16.1,com.fasterxml.jackson.core:jackson-annotations:2.11.4,10.0
com.fasterxml.jackson.core:jackson-annotations:2.16.1,com.fasterxml.jackson.core:jackson-annotations:2.12.3,5.0
com.fasterxml.jackson.core:jackson-annotations:2.16.1,com.fasterxml.jackson.core:jackson-annotations:2.15.0,3.0
com.fasterxml.jackson.core:jackson-annotations:2.16.1,com.fasterxml.jackson.core:jackson-annotations:2.13.2,5.0
com.fasterxml.jackson.core:jackson-annotations:2.16.1,com.fasterxml.jackson.core:jackson-annotations:2.10.5,10.0
com.fasterxml.jackson.core:jackson-annotations:2.16.1,com.fasterxml.jackson.core:jackson-annotations:2.15.3,3.0
com.fasterxml.jackson.core:jackson-annotations:2.16.1,com.fasterxml.jackson.core:jackson-annotations:2.12.6,5.0
org.springframework.boot:spring-boot-starter-json:3.1.4,org.springframework.boot:spring-boot-starter-json:2.6.14,0.0
org.springframework.boot:spring-boot-starter-json:3.1.4,org.springframework.boot:spring-boot-starter-json:2.6.15,0.0
org.springframework.boot:spring-boot-starter-json:3.1.4,org.springframework.boot:spring-boot-starter-json:2.5.15,0.0
org.springframework.boot:spring-boot-starter-json:3.1.4,org.springframework.boot:spring-boot-starter-json:3.0.10,0.0
org.springframework.boot:spring-boot-starter-json:3.1.4,org.springframework.boot:spring-boot-starter-json:2.7.8,0.0
org.springframework.boot:spring-boot-starter-json:3.1.4,org.springframework.boot:spring-boot-starter-json:2.7.9,0.0
org.springframework.boot:spring-boot-starter-json:3.1.4,org.springframework.boot:spring-boot-starter-json:3.0.0,0.0
org.springframework.boot:spring-boot-starter-json:3.1.4,org.springframework.boot:spring-boot-starter-json:3.2.3,0.0
org.springframework.boot:spring-boot-starter-json:3.1.4,org.springframework.boot:spring-boot-starter-json:3.0.5,0.0
com.fasterxml.jackson.core:jackson-databind:2.16.1,com.fasterxml.jackson.core:jackson-databind:2.10.2,332.0
com.fasterxml.jackson.core:jackson-databind:2.16.1,com.fasterxml.jackson.core:jackson-databind:2.10.1,333.0
com.fasterxml.jackson.core:jackson-databind:2.16.1,com.fasterxml.jackson.core:jackson-databind:2.13.2.1,155.0
com.fasterxml.jackson.core:jackson-databind:2.16.1,com.fasterxml.jackson.core:jackson-databind:2.13.4.2,154.0
com.fasterxml.jackson.core:jackson-databind:2.16.1,com.fasterxml.jackson.core:jackson-databind:2.9.9,374.0
com.fasterxml.jackson.core:jackson-databind:2.16.1,com.fasterxml.jackson.core:jackson-databind:2.10.5.1,332.0
com.fasterxml.jackson.core:jackson-databind:2.16.1,com.fasterxml.jackson.core:jackson-databind:2.9.6,374.0
com.fasterxml.jackson.core:jackson-databind:2.16.1,com.fasterxml.jackson.core:jackson-databind:2.8.3,494.0
com.fasterxml.jackson.core:jackson-databind:2.16.1,com.fasterxml.jackson.core:jackson-databind:2.6.3,533.0
org.springframework.boot:spring-boot-starter-json:3.1.4,org.springframework.boot:spring-boot-starter-json:2.7.7,0.0
org.springframework.boot:spring-boot-starter-json:3.1.4,org.springframework.boot:spring-boot-starter-json:3.0.11,0.0
org.springframework.boot:spring-boot-starter-json:3.1.4,org.springframework.boot:spring-boot-starter-json:3.0.12,0.0
org.springframework.boot:spring-boot-starter-json:3.1.4,org.springframework.boot:spring-boot-starter-json:3.0.13,0.0
org.springframework.boot:spring-boot-starter-json:3.1.4,org.springframework.boot:spring-boot-starter-json:3.2.8,0.0
org.springframework.boot:spring-boot-starter-json:3.1.4,org.springframework.boot:spring-boot-starter-json:3.2.9,0.0
org.springframework.boot:spring-boot-starter-json:3.1.4,org.springframework.boot:spring-boot-starter-json:3.0.4,0.0
org.springframework.boot:spring-boot-starter-json:3.1.4,org.springframework.boot:spring-boot-starter-json:3.2.2,0.0
com.fasterxml.jackson.core:jackson-annotations:2.16.1,com.fasterxml.jackson.core:jackson-annotations:2.17.1,0.0
com.fasterxml.jackson.core:jackson-annotations:2.16.1,com.fasterxml.jackson.core:jackson-annotations:2.13.5,5.0
com.fasterxml.jackson.core:jackson-annotations:2.16.1,com.fasterxml.jackson.core:jackson-annotations:2.15.2,3.0
com.fasterxml.jackson.core:jackson-annotations:2.16.1,com.fasterxml.jackson.core:jackson-annotations:2.13.4,5.0
com.fasterxml.jackson.core:jackson-annotations:2.16.1,com.fasterxml.jackson.core:jackson-annotations:2.10.2,10.0
com.fasterxml.jackson.core:jackson-annotations:2.16.1,com.fasterxml.jackson.core:jackson-annotations:2.10.1,10.0
com.fasterxml.jackson.core:jackson-annotations:2.16.1,com.fasterxml.jackson.core:jackson-annotations:2.11.3,10.0
org.reactivestreams:reactive-streams:1.0.3,org.reactivestreams:reactive-streams:1.0.2,9.0
org.reactivestreams:reactive-streams:1.0.3,org.reactivestreams:reactive-streams:1.0.4,0.0
com.fasterxml.jackson.core:jackson-databind:2.16.1,com.fasterxml.jackson.core:jackson-databind:2.15.4,69.0
com.fasterxml.jackson.core:jackson-databind:2.16.1,com.fasterxml.jackson.core:jackson-databind:2.17.2,30.0
com.fasterxml.jackson.core:jackson-databind:2.16.1,com.fasterxml.jackson.core:jackson-databind:2.12.7.1,235.0
com.fasterxml.jackson.core:jackson-databind:2.16.1,com.fasterxml.jackson.core:jackson-databind:2.12.7,235.0
com.fasterxml.jackson.core:jackson-databind:2.16.1,com.fasterxml.jackson.core:jackson-databind:2.12.6,234.0
com.fasterxml.jackson.core:jackson-databind:2.16.1,com.fasterxml.jackson.core:jackson-databind:2.17.1,30.0
io.projectreactor:reactor-core:3.4.31,io.projectreactor:reactor-core:3.5.6,56.0
io.projectreactor:reactor-core:3.4.31,io.projectreactor:reactor-core:3.5.5,56.0
io.projectreactor:reactor-core:3.4.31,io.projectreactor:reactor-core:3.5.4,55.0
io.projectreactor:reactor-core:3.4.31,io.projectreactor:reactor-core:3.4.18,77.0
io.projectreactor:reactor-core:3.4.31,io.projectreactor:reactor-core:3.4.17,80.0
io.netty:netty-codec:4.1.89.Final,io.netty:netty-codec:4.1.96.Final,3.0
io.netty:netty-codec:4.1.89.Final,io.netty:netty-codec:4.1.86.Final,4.0
io.netty:netty-codec:4.1.89.Final,io.netty:netty-codec:4.1.5.Final,39.0
io.netty:netty-codec:4.1.89.Final,io.netty:netty-codec:4.1.94.Final,2.0
io.netty:netty-codec:4.1.89.Final,io.netty:netty-codec:4.1.84.Final,4.0
io.netty:netty-codec:4.1.89.Final,io.netty:netty-codec:4.1.39.Final,24.0
io.netty:netty-codec:4.1.89.Final,io.netty:netty-codec:4.1.91.Final,1.0
io.netty:netty-codec:4.1.89.Final,io.netty:netty-codec:4.1.85.Final,4.0
io.netty:netty-codec:4.1.89.Final,io.netty:netty-codec:4.1.75.Final,7.0
io.projectreactor:reactor-core:3.4.31,io.projectreactor:reactor-core:3.5.9,64.0
io.projectreactor:reactor-core:3.4.31,io.projectreactor:reactor-core:3.4.23,30.0
io.projectreactor:reactor-core:3.4.31,io.projectreactor:reactor-core:3.5.8,62.0
io.projectreactor:reactor-core:3.4.31,io.projectreactor:reactor-core:3.5.7,64.0
io.projectreactor:reactor-core:3.4.31,io.projectreactor:reactor-core:3.4.21,47.0
com.fasterxml.jackson.core:jackson-databind:2.16.1,com.fasterxml.jackson.core:jackson-databind:2.6.7.1,533.0
com.fasterxml.jackson.core:jackson-databind:2.16.1,com.fasterxml.jackson.core:jackson-databind:2.14.1,101.0
com.fasterxml.jackson.core:jackson-databind:2.16.1,com.fasterxml.jackson.core:jackson-databind:2.10.5,332.0
com.fasterxml.jackson.core:jackson-databind:2.16.1,com.fasterxml.jackson.core:jackson-databind:2.11.4,300.0
com.fasterxml.jackson.core:jackson-databind:2.16.1,com.fasterxml.jackson.core:jackson-databind:2.15.0,67.0
com.fasterxml.jackson.core:jackson-databind:2.16.1,com.fasterxml.jackson.core:jackson-databind:2.13.1,155.0
com.fasterxml.jackson.core:jackson-databind:2.16.1,com.fasterxml.jackson.core:jackson-databind:2.14.0,104.0
com.fasterxml.jackson.core:jackson-databind:2.16.1,com.fasterxml.jackson.core:jackson-databind:2.11.3,300.0
com.fasterxml.jackson.core:jackson-databind:2.16.1,com.fasterxml.jackson.core:jackson-databind:2.11.2,302.0
com.fasterxml.jackson.core:jackson-databind:2.16.1,com.fasterxml.jackson.core:jackson-databind:2.13.4,154.0
com.fasterxml.jackson.core:jackson-databind:2.16.1,com.fasterxml.jackson.core:jackson-databind:2.14.3,100.0
com.fasterxml.jackson.core:jackson-databind:2.16.1,com.fasterxml.jackson.core:jackson-databind:2.15.2,67.0
com.fasterxml.jackson.core:jackson-databind:2.16.1,com.fasterxml.jackson.core:jackson-databind:2.12.6.1,235.0
com.fasterxml.jackson.core:jackson-databind:2.16.1,com.fasterxml.jackson.core:jackson-databind:2.13.3,154.0
com.fasterxml.jackson.core:jackson-databind:2.16.1,com.fasterxml.jackson.core:jackson-databind:2.14.2,100.0
com.fasterxml.jackson.core:jackson-databind:2.16.1,com.fasterxml.jackson.core:jackson-databind:2.12.3,235.0
com.fasterxml.jackson.core:jackson-core:2.16.1,com.fasterxml.jackson.core:jackson-core:2.17.1,35.0
com.fasterxml.jackson.core:jackson-core:2.16.1,com.fasterxml.jackson.core:jackson-core:2.13.5,116.0
com.fasterxml.jackson.core:jackson-core:2.16.1,com.fasterxml.jackson.core:jackson-core:2.15.2,60.0
com.fasterxml.jackson.core:jackson-core:2.16.1,com.fasterxml.jackson.core:jackson-core:2.13.4,116.0
org.springframework.boot:spring-boot-starter-tomcat:3.1.4,org.springframework.boot:spring-boot-starter-tomcat:3.1.12,0.0
org.springframework.boot:spring-boot-starter-tomcat:3.1.4,org.springframework.boot:spring-boot-starter-tomcat:2.7.8,0.0
com.fasterxml.jackson.core:jackson-core:2.16.1,com.fasterxml.jackson.core:jackson-core:2.13.3,116.0
org.springframework.boot:spring-boot-starter-tomcat:3.1.4,org.springframework.boot:spring-boot-starter-tomcat:3.1.9,0.0
com.fasterxml.jackson.core:jackson-core:2.16.1,com.fasterxml.jackson.core:jackson-core:2.10.5,133.0
org.springframework.boot:spring-boot-starter-tomcat:3.1.4,org.springframework.boot:spring-boot-starter-tomcat:3.1.8,0.0
org.springframework.boot:spring-boot-starter-tomcat:3.1.4,org.springframework.boot:spring-boot-starter-tomcat:3.1.7,0.0
org.springframework.boot:spring-boot-starter-tomcat:3.1.4,org.springframework.boot:spring-boot-starter-tomcat:3.1.6,0.0
org.springframework.boot:spring-boot-starter-tomcat:3.1.4,org.springframework.boot:spring-boot-starter-tomcat:3.1.10,0.0
org.springframework.boot:spring-boot-starter-tomcat:3.1.4,org.springframework.boot:spring-boot-starter-tomcat:3.1.5,0.0
org.springframework.boot:spring-boot-starter-tomcat:3.1.4,org.springframework.boot:spring-boot-starter-tomcat:3.3.3,0.0
org.springframework.boot:spring-boot-starter-tomcat:3.1.4,org.springframework.boot:spring-boot-starter-tomcat:3.1.11,0.0
org.codehaus.woodstox:stax2-api:4.2.1,org.codehaus.woodstox:stax2-api:4.2,0.0
org.codehaus.woodstox:stax2-api:4.2.1,org.codehaus.woodstox:stax2-api:4.1,3.0
org.codehaus.woodstox:stax2-api:4.2.1,org.codehaus.woodstox:stax2-api:4.0.0,3.0
org.codehaus.woodstox:stax2-api:4.2.1,org.codehaus.woodstox:stax2-api:3.1.4,14.0
org.springframework:spring-webmvc:6.0.12,org.springframework:spring-webmvc:6.0.21,4.0
com.fasterxml.jackson.core:jackson-core:2.16.1,com.fasterxml.jackson.core:jackson-core:2.12.7,121.0
org.springframework:spring-webmvc:6.0.12,org.springframework:spring-webmvc:6.0.20,4.0
com.fasterxml.jackson.core:jackson-core:2.16.1,com.fasterxml.jackson.core:jackson-core:2.15.4,43.0
org.springframework:spring-webmvc:6.0.12,org.springframework:spring-webmvc:6.0.18,4.0
com.fasterxml.jackson.core:jackson-core:2.16.1,com.fasterxml.jackson.core:jackson-core:2.17.2,35.0
org.springframework:spring-webmvc:6.0.12,org.springframework:spring-webmvc:6.0.17,3.0
com.fasterxml.jackson.core:jackson-core:2.16.1,com.fasterxml.jackson.core:jackson-core:2.15.3,60.0
org.springframework:spring-webmvc:6.0.12,org.springframework:spring-webmvc:6.0.16,2.0
com.fasterxml.jackson.core:jackson-core:2.16.1,com.fasterxml.jackson.core:jackson-core:2.12.6,121.0
org.springframework:spring-webmvc:6.0.12,org.springframework:spring-webmvc:6.0.15,1.0
org.springframework:spring-webmvc:6.0.12,org.springframework:spring-webmvc:5.3.15,213.0
org.springframework:spring-webmvc:6.0.12,org.springframework:spring-webmvc:6.0.9,3.0
org.springframework:spring-webmvc:6.0.12,org.springframework:spring-webmvc:6.0.8,3.0
org.springframework:spring-webmvc:6.0.12,org.springframework:spring-webmvc:6.0.7,3.0
com.fasterxml.jackson.core:jackson-core:2.16.1,com.fasterxml.jackson.core:jackson-core:2.10.2,133.0
com.fasterxml.jackson.core:jackson-core:2.16.1,com.fasterxml.jackson.core:jackson-core:2.10.1,133.0
com.fasterxml.jackson.core:jackson-core:2.16.1,com.fasterxml.jackson.core:jackson-core:2.1.3,174.0
com.fasterxml.jackson.core:jackson-core:2.16.1,com.fasterxml.jackson.core:jackson-core:2.6.7,156.0
com.fasterxml.jackson.core:jackson-core:2.16.1,com.fasterxml.jackson.core:jackson-core:2.9.6,138.0
com.fasterxml.jackson.core:jackson-core:2.16.1,com.fasterxml.jackson.core:jackson-core:2.6.3,157.0
com.fasterxml.jackson.core:jackson-core:2.16.1,com.fasterxml.jackson.core:jackson-core:2.8.3,148.0
com.fasterxml.jackson.core:jackson-core:2.16.1,com.fasterxml.jackson.core:jackson-core:2.9.9,138.0
com.fasterxml.woodstox:woodstox-core:6.5.1,com.fasterxml.woodstox:woodstox-core:5.0.3,645.0
com.fasterxml.woodstox:woodstox-core:6.5.1,com.fasterxml.woodstox:woodstox-core:6.2.8,2.0
org.springframework.boot:spring-boot-starter-tomcat:3.1.4,org.springframework.boot:spring-boot-starter-tomcat:3.0.5,0.0
org.springframework.boot:spring-boot-starter-tomcat:3.1.4,org.springframework.boot:spring-boot-starter-tomcat:3.0.4,0.0
org.springframework.boot:spring-boot-starter-tomcat:3.1.4,org.springframework.boot:spring-boot-starter-tomcat:3.2.2,0.0
org.springframework.boot:spring-boot-starter-tomcat:3.1.4,org.springframework.boot:spring-boot-starter-tomcat:3.0.3,0.0
org.springframework.boot:spring-boot-starter-tomcat:3.1.4,org.springframework.boot:spring-boot-starter-tomcat:3.2.1,0.0
org.springframework.boot:spring-boot-starter-tomcat:3.1.4,org.springframework.boot:spring-boot-starter-tomcat:3.0.2,0.0
org.springframework.boot:spring-boot-starter-tomcat:3.1.4,org.springframework.boot:spring-boot-starter-tomcat:3.2.0,0.0
org.springframework.boot:spring-boot-starter-tomcat:3.1.4,org.springframework.boot:spring-boot-starter-tomcat:3.0.1,0.0
org.springframework.boot:spring-boot-starter-tomcat:3.1.4,org.springframework.boot:spring-boot-starter-tomcat:3.0.0,0.0
org.springframework.boot:spring-boot-starter-tomcat:3.1.4,org.springframework.boot:spring-boot-starter-tomcat:2.5.15,0.0
org.springframework.boot:spring-boot-autoconfigure:3.1.9,org.springframework.boot:spring-boot-autoconfigure:3.0.10,183.0
org.springframework.boot:spring-boot-autoconfigure:3.1.9,org.springframework.boot:spring-boot-autoconfigure:3.0.6,200.0
org.springframework.boot:spring-boot-autoconfigure:3.1.9,org.springframework.boot:spring-boot-autoconfigure:3.2.4,97.0
org.springframework.boot:spring-boot-autoconfigure:3.1.9,org.springframework.boot:spring-boot-autoconfigure:3.0.11,182.0
com.fasterxml.jackson.core:jackson-core:2.16.1,com.fasterxml.jackson.core:jackson-core:2.12.3,122.0
com.fasterxml.jackson.core:jackson-core:2.16.1,com.fasterxml.jackson.core:jackson-core:2.11.4,133.0
com.fasterxml.jackson.core:jackson-core:2.16.1,com.fasterxml.jackson.core:jackson-core:2.15.0,61.0
com.fasterxml.jackson.core:jackson-core:2.16.1,com.fasterxml.jackson.core:jackson-core:2.13.2,116.0
com.fasterxml.jackson.core:jackson-core:2.16.1,com.fasterxml.jackson.core:jackson-core:2.14.0,99.0
com.fasterxml.jackson.core:jackson-core:2.16.1,com.fasterxml.jackson.core:jackson-core:2.11.3,133.0
com.fasterxml.jackson.core:jackson-core:2.16.1,com.fasterxml.jackson.core:jackson-core:2.13.1,116.0
org.springframework.boot:spring-boot-starter-tomcat:3.1.4,org.springframework.boot:spring-boot-starter-tomcat:3.0.11,0.0
com.fasterxml.jackson.core:jackson-core:2.16.1,com.fasterxml.jackson.core:jackson-core:2.11.2,133.0
org.springframework.boot:spring-boot-starter-tomcat:3.1.4,org.springframework.boot:spring-boot-starter-tomcat:3.0.12,0.0
org.springframework.boot:spring-boot-starter-tomcat:3.1.4,org.springframework.boot:spring-boot-starter-tomcat:3.0.13,0.0
org.springframework.boot:spring-boot-starter-tomcat:3.1.4,org.springframework.boot:spring-boot-starter-tomcat:3.0.10,0.0
org.springframework.boot:spring-boot-starter-tomcat:3.1.4,org.springframework.boot:spring-boot-starter-tomcat:2.6.15,0.0
org.springframework.boot:spring-boot-starter-tomcat:3.1.4,org.springframework.boot:spring-boot-starter-tomcat:2.6.14,0.0
org.springframework.boot:spring-boot-starter-tomcat:3.1.4,org.springframework.boot:spring-boot-starter-tomcat:2.7.5,0.0
org.springframework.boot:spring-boot-starter-tomcat:3.1.4,org.springframework.boot:spring-boot-starter-tomcat:2.7.7,0.0
org.springframework.boot:spring-boot-autoconfigure:3.1.9,org.springframework.boot:spring-boot-autoconfigure:3.0.2,209.0
org.springframework.boot:spring-boot-starter-tomcat:3.1.4,org.springframework.boot:spring-boot-starter-tomcat:2.7.6,0.0
org.springframework.boot:spring-boot-autoconfigure:3.1.9,org.springframework.boot:spring-boot-autoconfigure:3.0.1,210.0
org.springframework.boot:spring-boot-starter-tomcat:3.1.4,org.springframework.boot:spring-boot-starter-tomcat:2.7.9,0.0
org.springframework.boot:spring-boot-autoconfigure:3.1.9,org.springframework.boot:spring-boot-autoconfigure:3.2.6,100.0
org.springframework.boot:spring-boot-autoconfigure:3.1.9,org.springframework.boot:spring-boot-autoconfigure:3.0.8,189.0
org.springframework.boot:spring-boot-autoconfigure:3.1.9,org.springframework.boot:spring-boot-autoconfigure:3.2.5,97.0
org.springframework.boot:spring-boot-autoconfigure:3.1.9,org.springframework.boot:spring-boot-autoconfigure:3.0.7,192.0
org.springframework.boot:spring-boot-starter-tomcat:3.1.4,org.springframework.boot:spring-boot-starter-tomcat:2.7.15,0.0
org.springframework.boot:spring-boot-starter-tomcat:3.1.4,org.springframework.boot:spring-boot-starter-tomcat:2.7.16,0.0
org.springframework.boot:spring-boot-starter-tomcat:3.1.4,org.springframework.boot:spring-boot-starter-tomcat:2.7.13,0.0
org.springframework.boot:spring-boot-starter-tomcat:3.1.4,org.springframework.boot:spring-boot-starter-tomcat:2.7.14,0.0
org.springframework.boot:spring-boot-starter-tomcat:3.1.4,org.springframework.boot:spring-boot-starter-tomcat:2.7.17,0.0
org.springframework.boot:spring-boot-starter-tomcat:3.1.4,org.springframework.boot:spring-boot-starter-tomcat:2.7.18,0.0
org.springframework.boot:spring-boot-starter-tomcat:3.1.4,org.springframework.boot:spring-boot-starter-tomcat:2.7.11,0.0
org.springframework.boot:spring-boot-starter-tomcat:3.1.4,org.springframework.boot:spring-boot-starter-tomcat:2.7.12,0.0
org.springframework.boot:spring-boot-starter-tomcat:3.1.4,org.springframework.boot:spring-boot-starter-tomcat:2.7.10,0.0
org.springframework.boot:spring-boot-starter-tomcat:3.1.4,org.springframework.boot:spring-boot-starter-tomcat:3.2.9,0.0
org.springframework.boot:spring-boot-starter-tomcat:3.1.4,org.springframework.boot:spring-boot-starter-tomcat:3.2.8,0.0
org.springframework.boot:spring-boot-starter-tomcat:3.1.4,org.springframework.boot:spring-boot-starter-tomcat:3.0.9,0.0
org.springframework.boot:spring-boot-starter-tomcat:3.1.4,org.springframework.boot:spring-boot-starter-tomcat:3.2.7,0.0
org.springframework.boot:spring-boot-starter-tomcat:3.1.4,org.springframework.boot:spring-boot-starter-tomcat:3.0.8,0.0
org.springframework.boot:spring-boot-starter-tomcat:3.1.4,org.springframework.boot:spring-boot-starter-tomcat:3.2.6,0.0
org.springframework.boot:spring-boot-starter-tomcat:3.1.4,org.springframework.boot:spring-boot-starter-tomcat:3.0.7,0.0
org.springframework.boot:spring-boot-starter-tomcat:3.1.4,org.springframework.boot:spring-boot-starter-tomcat:3.2.5,0.0
org.springframework.boot:spring-boot-starter-tomcat:3.1.4,org.springframework.boot:spring-boot-starter-tomcat:3.2.4,0.0
org.springframework.boot:spring-boot-starter-tomcat:3.1.4,org.springframework.boot:spring-boot-starter-tomcat:3.0.6,0.0
org.springframework.boot:spring-boot-starter-tomcat:3.1.4,org.springframework.boot:spring-boot-starter-tomcat:3.2.3,0.0
org.springframework.boot:spring-boot-starter-json:3.1.4,org.springframework.boot:spring-boot-starter-json:3.0.6,0.0
com.fasterxml.jackson.core:jackson-annotations:2.16.1,com.fasterxml.jackson.core:jackson-annotations:2.14.0,4.0
com.fasterxml.jackson.core:jackson-annotations:2.16.1,com.fasterxml.jackson.core:jackson-annotations:2.13.1,5.0
com.fasterxml.jackson.core:jackson-annotations:2.16.1,com.fasterxml.jackson.core:jackson-annotations:2.11.2,10.0
com.fasterxml.jackson.core:jackson-annotations:2.16.1,com.fasterxml.jackson.core:jackson-annotations:2.17.2,0.0
com.fasterxml.jackson.core:jackson-annotations:2.16.1,com.fasterxml.jackson.core:jackson-annotations:2.12.7,5.0
com.fasterxml.jackson.core:jackson-annotations:2.16.1,com.fasterxml.jackson.core:jackson-annotations:2.15.4,3.0
com.fasterxml.jackson.core:jackson-annotations:2.16.1,com.fasterxml.jackson.core:jackson-annotations:2.6.0,33.0
com.fasterxml.jackson.core:jackson-annotations:2.16.1,com.fasterxml.jackson.core:jackson-annotations:2.9.0,13.0
com.fasterxml.jackson.core:jackson-annotations:2.16.1,com.fasterxml.jackson.core:jackson-annotations:2.8.0,29.0
com.fasterxml.jackson.core:jackson-annotations:2.16.1,com.fasterxml.jackson.core:jackson-annotations:2.9.5,12.0
org.springframework.boot:spring-boot-starter-json:3.1.4,org.springframework.boot:spring-boot-starter-json:3.0.2,0.0
org.springframework.boot:spring-boot-starter-json:3.1.4,org.springframework.boot:spring-boot-starter-json:3.2.0,0.0
org.springframework.boot:spring-boot-starter-json:3.1.4,org.springframework.boot:spring-boot-starter-json:3.0.3,0.0
org.springframework.boot:spring-boot-starter-json:3.1.4,org.springframework.boot:spring-boot-starter-json:3.2.1,0.0
org.springframework.boot:spring-boot-starter-json:3.1.4,org.springframework.boot:spring-boot-starter-json:3.2.6,0.0
org.springframework.boot:spring-boot-starter-json:3.1.4,org.springframework.boot:spring-boot-starter-json:3.0.8,0.0
org.springframework.boot:spring-boot-starter-json:3.1.4,org.springframework.boot:spring-boot-starter-json:3.2.7,0.0
org.springframework.boot:spring-boot-starter-json:3.1.4,org.springframework.boot:spring-boot-starter-json:3.0.9,0.0
org.springframework.boot:spring-boot-starter-json:3.1.4,org.springframework.boot:spring-boot-starter-json:3.2.4,0.0
org.springframework.boot:spring-boot-starter-json:3.1.4,org.springframework.boot:spring-boot-starter-json:3.2.5,0.0
org.springframework.boot:spring-boot-starter-json:3.1.4,org.springframework.boot:spring-boot-starter-json:3.0.7,0.0
org.springframework.boot:spring-boot-starter-tomcat:3.1.4,org.springframework.boot:spring-boot-starter-tomcat:3.3.2,0.0
org.springframework.boot:spring-boot-starter-tomcat:3.1.4,org.springframework.boot:spring-boot-starter-tomcat:3.1.3,0.0
org.springframework.boot:spring-boot-starter-tomcat:3.1.4,org.springframework.boot:spring-boot-starter-tomcat:3.3.1,0.0
org.springframework.boot:spring-boot-starter-tomcat:3.1.4,org.springframework.boot:spring-boot-starter-tomcat:3.1.2,0.0
org.springframework.boot:spring-boot-starter-tomcat:3.1.4,org.springframework.boot:spring-boot-starter-tomcat:3.3.0,0.0
org.springframework.boot:spring-boot-starter-tomcat:3.1.4,org.springframework.boot:spring-boot-starter-tomcat:3.1.0,0.0
org.springframework.data:spring-data-commons:2.7.14,org.springframework.data:spring-data-commons:2.5.4,97.0
org.springframework.data:spring-data-commons:2.7.14,org.springframework.data:spring-data-commons:2.7.5,3.0
io.projectreactor:reactor-core:3.4.31,io.projectreactor:reactor-core:3.5.3,55.0
io.projectreactor:reactor-core:3.4.31,io.projectreactor:reactor-core:3.5.2,54.0
io.projectreactor:reactor-core:3.4.31,io.projectreactor:reactor-core:3.5.0,60.0
io.projectreactor:reactor-core:3.4.31,io.projectreactor:reactor-core:3.3.22.RELEASE,389.0
io.projectreactor:reactor-core:3.4.31,io.projectreactor:reactor-core:3.4.26,2.0
io.projectreactor:reactor-core:3.4.31,io.projectreactor:reactor-core:3.3.9.RELEASE,413.0
io.projectreactor:reactor-core:3.4.31,io.projectreactor:reactor-core:3.4.25,8.0
io.projectreactor:reactor-core:3.4.31,io.projectreactor:reactor-core:3.4.24,29.0
org.springframework.data:spring-data-commons:2.7.14,org.springframework.data:spring-data-commons:3.1.8,155.0
org.springframework.data:spring-data-commons:2.7.14,org.springframework.data:spring-data-commons:3.1.7,155.0
org.springframework.data:spring-data-commons:2.7.14,org.springframework.data:spring-data-commons:3.0.10,140.0
org.springframework.data:spring-data-commons:2.7.14,org.springframework.data:spring-data-commons:3.0.12,141.0
org.springframework.data:spring-data-commons:2.7.14,org.springframework.data:spring-data-commons:3.0.11,141.0
org.springframework.data:spring-data-commons:2.7.14,org.springframework.data:spring-data-commons:3.1.2,153.0
org.springframework.data:spring-data-commons:2.7.14,org.springframework.data:spring-data-commons:3.3.0,176.0
org.springframework.data:spring-data-commons:2.7.14,org.springframework.data:spring-data-commons:3.1.1,153.0
org.springframework.data:spring-data-commons:2.7.14,org.springframework.data:spring-data-commons:3.1.0,153.0
org.springframework.data:spring-data-commons:2.7.14,org.springframework.data:spring-data-commons:3.1.6,155.0
org.springframework.data:spring-data-commons:2.7.14,org.springframework.data:spring-data-commons:3.1.5,155.0
org.springframework.data:spring-data-commons:2.7.14,org.springframework.data:spring-data-commons:3.3.3,179.0
org.springframework.data:spring-data-commons:2.7.14,org.springframework.data:spring-data-commons:3.1.4,154.0
org.springframework.data:spring-data-commons:2.7.14,org.springframework.data:spring-data-commons:3.3.2,177.0
org.springframework.data:spring-data-commons:2.7.14,org.springframework.data:spring-data-commons:3.1.3,154.0
org.springframework.data:spring-data-commons:2.7.14,org.springframework.data:spring-data-commons:3.3.1,176.0
org.springframework.data:spring-data-commons:2.7.14,org.springframework.data:spring-data-commons:2.7.7,2.0
org.springframework.data:spring-data-commons:2.7.14,org.springframework.data:spring-data-commons:2.7.6,3.0
org.springframework.data:spring-data-commons:2.7.14,org.springframework.data:spring-data-commons:2.7.9,2.0
org.springframework.data:spring-data-commons:2.7.14,org.springframework.data:spring-data-commons:2.7.8,2.0
com.fasterxml.jackson.core:jackson-databind:2.13.5,com.fasterxml.jackson.core:jackson-databind:2.13.4.2,0.0
com.fasterxml.jackson.core:jackson-databind:2.13.5,com.fasterxml.jackson.core:jackson-databind:2.10.5.1,252.0
com.fasterxml.jackson.core:jackson-databind:2.13.5,com.fasterxml.jackson.core:jackson-databind:2.11.3,216.0
com.fasterxml.jackson.core:jackson-databind:2.13.5,com.fasterxml.jackson.core:jackson-databind:2.11.2,218.0
com.fasterxml.jackson.core:jackson-databind:2.13.5,com.fasterxml.jackson.core:jackson-databind:2.10.2,252.0
com.fasterxml.jackson.core:jackson-databind:2.13.5,com.fasterxml.jackson.core:jackson-databind:2.10.1,253.0
com.fasterxml.jackson.core:jackson-databind:2.13.5,com.fasterxml.jackson.core:jackson-databind:2.13.2.1,4.0
javax.validation:validation-api:1.1.0.Final,javax.validation:validation-api:2.0.1.Final,21.0
org.jetbrains.kotlinx:kotlinx-coroutines-reactor:1.6.4,org.jetbrains.kotlinx:kotlinx-coroutines-reactor:1.6.0,0.0
org.jetbrains.kotlinx:kotlinx-coroutines-reactor:1.6.4,org.jetbrains.kotlinx:kotlinx-coroutines-reactor:1.4.2,4.0
org.jetbrains.kotlinx:kotlinx-coroutines-reactor:1.6.4,org.jetbrains.kotlinx:kotlinx-coroutines-reactor:1.4.0,4.0
com.fasterxml.jackson.core:jackson-databind:2.13.5,com.fasterxml.jackson.core:jackson-databind:2.10.5,252.0
com.fasterxml.jackson.core:jackson-databind:2.13.5,com.fasterxml.jackson.core:jackson-databind:2.11.4,216.0
com.fasterxml.jackson.core:jackson-databind:2.13.5,com.fasterxml.jackson.core:jackson-databind:2.13.1,6.0
com.fasterxml.jackson.core:jackson-databind:2.13.5,com.fasterxml.jackson.core:jackson-databind:2.13.3,1.0
com.fasterxml.jackson.core:jackson-databind:2.13.5,com.fasterxml.jackson.core:jackson-databind:2.12.3,116.0
org.springframework.data:spring-data-commons:2.7.14,org.springframework.data:spring-data-commons:3.2.1,166.0
org.springframework.data:spring-data-commons:2.7.14,org.springframework.data:spring-data-commons:3.0.2,139.0
org.springframework.data:spring-data-commons:2.7.14,org.springframework.data:spring-data-commons:3.2.0,165.0
org.springframework.data:spring-data-commons:2.7.14,org.springframework.data:spring-data-commons:3.0.1,135.0
org.springframework.data:spring-data-commons:2.7.14,org.springframework.data:spring-data-commons:3.0.0,135.0
org.springframework.data:spring-data-commons:2.7.14,org.springframework.data:spring-data-commons:3.0.7,140.0
org.springframework.data:spring-data-commons:2.7.14,org.springframework.data:spring-data-commons:3.2.5,167.0
org.springframework.data:spring-data-commons:2.7.14,org.springframework.data:spring-data-commons:3.0.6,140.0
org.springframework.data:spring-data-commons:2.7.14,org.springframework.data:spring-data-commons:3.2.4,167.0
org.springframework.data:spring-data-commons:2.7.14,org.springframework.data:spring-data-commons:3.0.5,140.0
io.netty:netty-buffer:4.1.89.Final,io.netty:netty-buffer:4.1.70.Final,10.0
io.netty:netty-buffer:4.1.89.Final,io.netty:netty-buffer:4.1.108.Final,10.0
io.netty:netty-buffer:4.1.89.Final,io.netty:netty-buffer:4.1.82.Final,2.0
io.netty:netty-buffer:4.1.89.Final,io.netty:netty-buffer:4.1.85.Final,2.0
io.netty:netty-buffer:4.1.89.Final,io.netty:netty-buffer:4.1.84.Final,2.0
io.netty:netty-buffer:4.1.89.Final,io.netty:netty-buffer:4.1.101.Final,7.0
io.netty:netty-buffer:4.1.89.Final,io.netty:netty-buffer:4.1.17.Final,60.0
org.springframework.data:spring-data-commons:2.7.14,org.springframework.data:spring-data-commons:3.2.3,167.0
org.springframework.data:spring-data-commons:2.7.14,org.springframework.data:spring-data-commons:3.0.4,139.0
org.springframework.data:spring-data-commons:2.7.14,org.springframework.data:spring-data-commons:3.2.2,167.0
org.springframework.data:spring-data-commons:2.7.14,org.springframework.data:spring-data-commons:3.1.10,155.0
org.springframework.data:spring-data-commons:2.7.14,org.springframework.data:spring-data-commons:2.4.5,132.0
org.springframework.data:spring-data-commons:2.7.14,org.springframework.data:spring-data-commons:2.6.6,71.0
org.springframework.data:spring-data-commons:2.7.14,org.springframework.data:spring-data-commons:3.1.12,155.0
org.springframework.data:spring-data-commons:2.7.14,org.springframework.data:spring-data-commons:2.5.12,87.0
org.springframework.data:spring-data-commons:2.7.14,org.springframework.data:spring-data-commons:2.5.10,89.0
org.springframework.data:spring-data-commons:2.7.14,org.springframework.data:spring-data-commons:3.1.9,155.0
org.springframework.data:spring-data-commons:2.7.14,org.springframework.data:spring-data-commons:2.7.12,2.0
org.jetbrains.kotlinx:kotlinx-coroutines-reactor:1.6.4,org.jetbrains.kotlinx:kotlinx-coroutines-reactor:1.5.2,0.0
org.jetbrains.kotlinx:kotlinx-coroutines-reactor:1.6.4,org.jetbrains.kotlinx:kotlinx-coroutines-reactor:1.4.3,4.0
org.springframework.data:spring-data-commons:2.7.14,org.springframework.data:spring-data-commons:2.7.18,3.0
org.springframework.data:spring-data-commons:2.7.14,org.springframework.data:spring-data-commons:2.7.17,3.0
org.springframework.data:spring-data-commons:2.7.14,org.springframework.data:spring-data-commons:2.7.16,1.0
org.springframework.data:spring-data-commons:2.7.14,org.springframework.data:spring-data-commons:2.7.15,1.0
org.springframework.data:spring-data-commons:2.7.14,org.springframework.data:spring-data-commons:2.7.13,1.0
org.springframework.data:spring-data-commons:2.7.14,org.springframework.data:spring-data-commons:2.7.11,2.0
org.springframework.data:spring-data-commons:2.7.14,org.springframework.data:spring-data-commons:3.2.9,170.0
org.springframework.data:spring-data-commons:2.7.14,org.springframework.data:spring-data-commons:3.2.8,168.0
org.springframework.data:spring-data-commons:2.7.14,org.springframework.data:spring-data-commons:3.0.9,140.0
org.springframework.data:spring-data-commons:2.7.14,org.springframework.data:spring-data-commons:3.2.7,167.0
org.springframework.data:spring-data-commons:2.7.14,org.springframework.data:spring-data-commons:3.0.8,139.0
org.springframework.data:spring-data-commons:2.7.14,org.springframework.data:spring-data-commons:3.2.6,167.0
org.springframework.data:spring-data-commons:2.7.14,org.springframework.data:spring-data-commons:2.7.10,2.0
org.springframework.data:spring-data-commons:2.7.14,org.springframework.data:spring-data-commons:2.6.10,71.0
org.springframework.data:spring-data-commons:2.7.14,org.springframework.data:spring-data-commons:3.0.3,139.0
org.springframework:spring-webmvc:6.0.12,org.springframework:spring-webmvc:6.1.2,28.0
org.springframework:spring-webmvc:6.0.12,org.springframework:spring-webmvc:6.1.1,26.0
io.netty:netty-common:4.1.89.Final,io.netty:netty-common:4.1.112.Final,13.0
io.netty:netty-common:4.1.89.Final,io.netty:netty-common:4.1.87.Final,2.0
io.netty:netty-common:4.1.89.Final,io.netty:netty-common:4.1.17.Final,128.0
io.netty:netty-common:4.1.89.Final,io.netty:netty-common:4.1.97.Final,4.0
io.netty:netty-common:4.1.89.Final,io.netty:netty-common:4.1.93.Final,3.0
io.netty:netty-common:4.1.89.Final,io.netty:netty-common:4.1.79.Final,10.0
io.netty:netty-common:4.1.89.Final,io.netty:netty-common:4.1.110.Final,6.0
io.netty:netty-common:4.1.89.Final,io.netty:netty-common:4.1.106.Final,5.0
org.springframework:spring-webmvc:6.0.12,org.springframework:spring-webmvc:6.0.14,1.0
org.springframework:spring-webmvc:6.0.12,org.springframework:spring-webmvc:6.1.0,26.0
org.springframework:spring-webmvc:6.0.12,org.springframework:spring-webmvc:6.0.13,0.0
org.springframework:spring-webmvc:6.0.12,org.springframework:spring-webmvc:6.0.11,2.0
org.springframework:spring-webmvc:6.0.12,org.springframework:spring-webmvc:6.1.4,32.0
org.springframework:spring-webmvc:6.0.12,org.springframework:spring-webmvc:6.0.10,2.0
org.springframework:spring-webmvc:6.0.12,org.springframework:spring-webmvc:6.1.3,29.0
org.springframework.boot:spring-boot-starter:3.1.4,org.springframework.boot:spring-boot-starter:3.2.9,0.0
io.netty:netty-transport:4.1.89.Final,io.netty:netty-transport:4.1.81.Final,3.0
io.netty:netty-transport:4.1.89.Final,io.netty:netty-transport:4.1.43.Final,44.0
io.netty:netty-transport:4.1.89.Final,io.netty:netty-transport:4.1.96.Final,2.0
io.netty:netty-transport:4.1.89.Final,io.netty:netty-transport:4.1.109.Final,5.0
io.netty:netty-transport:4.1.89.Final,io.netty:netty-transport:4.1.91.Final,1.0
io.netty:netty-common:4.1.89.Final,io.netty:netty-common:4.1.5.Final,157.0
io.netty:netty-common:4.1.89.Final,io.netty:netty-common:4.1.85.Final,7.0
io.netty:netty-common:4.1.89.Final,io.netty:netty-common:4.1.109.Final,5.0
io.netty:netty-common:4.1.89.Final,io.netty:netty-common:4.1.104.Final,5.0
org.springframework:spring-webmvc:6.0.12,org.springframework:spring-webmvc:5.3.9,216.0
org.springframework:spring-webmvc:6.0.12,org.springframework:spring-webmvc:5.3.4,218.0
org.springframework:spring-webmvc:6.0.12,org.springframework:spring-webmvc:5.3.22,213.0
org.springframework:spring-webmvc:6.0.12,org.springframework:spring-webmvc:5.3.20,213.0
org.springframework:spring-webmvc:6.0.12,org.springframework:spring-webmvc:5.3.26,213.0
org.springframework:spring-webmvc:6.0.12,org.springframework:spring-webmvc:5.3.25,213.0
org.springframework:spring-webmvc:6.0.12,org.springframework:spring-webmvc:5.3.24,213.0
org.springframework:spring-webmvc:6.0.12,org.springframework:spring-webmvc:5.3.29,213.0
org.springframework:spring-webmvc:6.0.12,org.springframework:spring-webmvc:5.3.28,213.0
org.springframework:spring-webmvc:6.0.12,org.springframework:spring-webmvc:6.1.12,32.0
io.netty:netty-common:4.1.89.Final,io.netty:netty-common:4.1.84.Final,8.0
org.springframework:spring-webmvc:6.0.12,org.springframework:spring-webmvc:6.1.11,32.0
io.netty:netty-common:4.1.89.Final,io.netty:netty-common:4.1.43.Final,102.0
io.netty:netty-common:4.1.89.Final,io.netty:netty-common:4.1.111.Final,13.0
io.netty:netty-common:4.1.89.Final,io.netty:netty-common:4.1.92.Final,3.0
io.netty:netty-common:4.1.89.Final,io.netty:netty-common:4.1.82.Final,8.0
io.netty:netty-buffer:4.1.89.Final,io.netty:netty-buffer:4.1.39.Final,52.0
io.netty:netty-buffer:4.1.89.Final,io.netty:netty-buffer:4.1.87.Final,2.0
org.springframework:spring-webmvc:6.0.12,org.springframework:spring-webmvc:6.0.6,3.0
org.springframework:spring-webmvc:6.0.12,org.springframework:spring-webmvc:6.0.0,7.0
org.springframework:spring-webmvc:6.0.12,org.springframework:spring-webmvc:6.0.5,3.0
org.springframework:spring-webmvc:6.0.12,org.springframework:spring-webmvc:6.0.4,5.0
org.springframework:spring-webmvc:6.0.12,org.springframework:spring-webmvc:6.0.3,5.0
org.springframework:spring-webmvc:6.0.12,org.springframework:spring-webmvc:6.0.2,7.0
org.springframework:spring-webmvc:6.0.12,org.springframework:spring-webmvc:6.1.5,32.0
org.springframework:spring-webmvc:6.0.12,org.springframework:spring-webmvc:5.3.17,213.0
org.springframework:spring-webmvc:6.0.12,org.springframework:spring-webmvc:6.1.9,32.0
io.netty:netty-common:4.1.89.Final,io.netty:netty-common:4.1.99.Final,4.0
io.netty:netty-common:4.1.89.Final,io.netty:netty-common:4.1.100.Final,5.0
io.netty:netty-common:4.1.89.Final,io.netty:netty-common:4.1.39.Final,102.0
io.netty:netty-common:4.1.89.Final,io.netty:netty-common:4.1.108.Final,5.0
io.netty:netty-common:4.1.89.Final,io.netty:netty-common:4.1.96.Final,4.0
io.netty:netty-common:4.1.89.Final,io.netty:netty-common:4.1.51.Final,60.0
io.netty:netty-common:4.1.89.Final,io.netty:netty-common:4.1.81.Final,8.0
io.netty:netty-common:4.1.89.Final,io.netty:netty-common:4.1.91.Final,1.0
io.netty:netty-common:4.1.89.Final,io.netty:netty-common:4.1.94.Final,4.0
org.springframework:spring-webmvc:6.0.12,org.springframework:spring-webmvc:6.1.10,32.0
org.springframework:spring-webmvc:6.0.12,org.springframework:spring-webmvc:5.3.30,213.0
org.springframework:spring-webmvc:6.0.12,org.springframework:spring-webmvc:5.3.31,213.0
org.springframework:spring-webmvc:6.0.12,org.springframework:spring-webmvc:6.1.8,32.0
org.springframework:spring-webmvc:6.0.12,org.springframework:spring-webmvc:5.3.19,213.0
org.springframework:spring-webmvc:6.0.12,org.springframework:spring-webmvc:6.1.7,32.0
org.springframework:spring-webmvc:6.0.12,org.springframework:spring-webmvc:5.3.18,213.0
org.eclipse.jetty:jetty-jmx:9.4.53.v20231009,org.eclipse.jetty:jetty-jmx:9.4.48.v20220622,0.0
org.eclipse.jetty:jetty-jmx:9.4.53.v20231009,org.eclipse.jetty:jetty-jmx:9.4.49.v20220914,0.0
org.eclipse.jetty:jetty-jmx:9.4.53.v20231009,org.eclipse.jetty:jetty-jmx:9.4.33.v20201020,0.0
org.eclipse.jetty:jetty-jmx:9.4.53.v20231009,org.eclipse.jetty:jetty-jmx:8.2.0.v20160908,4.0
org.eclipse.jetty:jetty-jmx:9.4.53.v20231009,org.eclipse.jetty:jetty-jmx:9.4.46.v20220331,0.0
io.netty:netty-transport:4.1.89.Final,io.netty:netty-transport:4.1.94.Final,1.0
io.netty:netty-transport:4.1.89.Final,io.netty:netty-transport:4.1.84.Final,1.0
io.netty:netty-transport:4.1.89.Final,io.netty:netty-transport:4.1.51.Final,36.0
io.netty:netty-transport:4.1.89.Final,io.netty:netty-transport:4.1.111.Final,7.0
org.eclipse.jetty:jetty-io:9.4.53.v20231009,org.eclipse.jetty:jetty-io:9.4.40.v20210413,13.0
org.eclipse.jetty:jetty-jmx:9.4.53.v20231009,org.eclipse.jetty:jetty-jmx:9.4.54.v20240208,0.0
org.eclipse.jetty:jetty-jmx:9.4.53.v20231009,org.eclipse.jetty:jetty-jmx:9.4.44.v20210927,0.0
org.eclipse.jetty:jetty-jmx:9.4.53.v20231009,org.eclipse.jetty:jetty-jmx:9.4.55.v20240627,0.0
org.eclipse.jetty:jetty-jmx:9.4.53.v20231009,org.eclipse.jetty:jetty-jmx:9.2.28.v20190418,4.0
org.eclipse.jetty:jetty-jmx:9.4.53.v20231009,org.eclipse.jetty:jetty-jmx:9.4.40.v20210413,0.0
org.eclipse.jetty:jetty-jmx:9.4.53.v20231009,org.eclipse.jetty:jetty-jmx:9.4.51.v20230217,0.0
org.eclipse.jetty:jetty-jmx:9.4.53.v20231009,org.eclipse.jetty:jetty-jmx:9.4.52.v20230823,0.0
io.netty:netty-transport:4.1.89.Final,io.netty:netty-transport:4.1.17.Final,65.0
io.netty:netty-transport:4.1.89.Final,io.netty:netty-transport:4.1.93.Final,1.0
io.netty:netty-transport:4.1.89.Final,io.netty:netty-transport:4.1.110.Final,6.0
io.netty:netty-transport:4.1.89.Final,io.netty:netty-transport:4.1.70.Final,14.0
io.netty:netty-transport:4.1.89.Final,io.netty:netty-transport:4.1.112.Final,7.0
io.netty:netty-transport:4.1.89.Final,io.netty:netty-transport:4.1.85.Final,0.0
io.netty:netty-transport:4.1.89.Final,io.netty:netty-transport:4.1.39.Final,46.0
io.netty:netty-transport:4.1.89.Final,io.netty:netty-transport:4.1.104.Final,3.0
io.netty:netty-transport:4.1.89.Final,io.netty:netty-transport:4.1.106.Final,3.0
io.netty:netty-transport:4.1.89.Final,io.netty:netty-transport:4.1.99.Final,2.0
io.netty:netty-transport:4.1.89.Final,io.netty:netty-transport:4.1.79.Final,6.0
io.netty:netty-transport:4.1.89.Final,io.netty:netty-transport:4.1.97.Final,2.0
io.netty:netty-transport:4.1.89.Final,io.netty:netty-transport:4.1.87.Final,0.0
io.netty:netty-transport:4.1.89.Final,io.netty:netty-transport:4.1.5.Final,82.0
io.netty:netty-transport:4.1.89.Final,io.netty:netty-transport:4.1.92.Final,1.0
io.netty:netty-transport:4.1.89.Final,io.netty:netty-transport:4.1.82.Final,3.0
io.netty:netty-transport:4.1.89.Final,io.netty:netty-transport:4.1.108.Final,4.0
io.netty:netty-buffer:4.1.89.Final,io.netty:netty-buffer:4.1.79.Final,4.0
io.netty:netty-buffer:4.1.89.Final,io.netty:netty-buffer:4.1.5.Final,75.0
io.netty:netty-buffer:4.1.89.Final,io.netty:netty-buffer:4.1.111.Final,15.0
io.netty:netty-buffer:4.1.89.Final,io.netty:netty-buffer:4.1.106.Final,10.0
io.netty:netty-buffer:4.1.89.Final,io.netty:netty-buffer:4.1.109.Final,10.0
io.netty:netty-buffer:4.1.89.Final,io.netty:netty-buffer:4.1.43.Final,51.0
io.netty:netty-codec:4.1.89.Final,io.netty:netty-codec:4.1.79.Final,7.0
io.netty:netty-codec:4.1.89.Final,io.netty:netty-codec:4.1.104.Final,4.0
io.netty:netty-codec:4.1.89.Final,io.netty:netty-codec:4.1.82.Final,7.0
io.netty:netty-codec:4.1.89.Final,io.netty:netty-codec:4.1.43.Final,24.0
io.netty:netty-codec:4.1.89.Final,io.netty:netty-codec:4.1.17.Final,30.0
io.netty:netty-codec:4.1.89.Final,io.netty:netty-codec:4.1.87.Final,4.0
io.netty:netty-codec:4.1.89.Final,io.netty:netty-codec:4.1.51.Final,20.0
io.netty:netty-codec:4.1.89.Final,io.netty:netty-codec:4.1.70.Final,5.0
org.springframework.boot:spring-boot-starter:3.1.4,org.springframework.boot:spring-boot-starter:3.1.5,0.0
io.netty:netty-codec:4.1.89.Final,io.netty:netty-codec:4.1.101.Final,4.0
org.springframework.boot:spring-boot-starter:3.1.4,org.springframework.boot:spring-boot-starter:2.7.7,0.0
org.springframework.boot:spring-boot-starter:3.1.4,org.springframework.boot:spring-boot-starter:2.7.6,0.0
org.springframework.boot:spring-boot-starter:3.1.4,org.springframework.boot:spring-boot-starter:3.1.11,0.0
org.springframework.boot:spring-boot-starter:3.1.4,org.springframework.boot:spring-boot-starter:3.1.12,0.0
org.springframework.boot:spring-boot-starter:3.1.4,org.springframework.boot:spring-boot-starter:3.1.10,0.0
org.springframework.boot:spring-boot-starter:3.1.4,org.springframework.boot:spring-boot-starter:2.7.10,0.0
io.netty:netty-buffer:4.1.89.Final,io.netty:netty-buffer:4.1.51.Final,23.0
io.netty:netty-buffer:4.1.89.Final,io.netty:netty-buffer:4.1.81.Final,3.0
io.netty:netty-buffer:4.1.89.Final,io.netty:netty-buffer:4.1.110.Final,11.0
org.springframework.boot:spring-boot-starter:3.1.4,org.springframework.boot:spring-boot-starter:2.7.11,0.0
org.springframework.boot:spring-boot-starter:3.1.4,org.springframework.boot:spring-boot-starter:2.7.12,0.0
org.springframework.boot:spring-boot-starter:3.1.4,org.springframework.boot:spring-boot-starter:2.7.13,0.0
io.netty:netty-buffer:4.1.89.Final,io.netty:netty-buffer:4.1.112.Final,16.0
org.springframework.boot:spring-boot-starter:3.1.4,org.springframework.boot:spring-boot-starter:2.7.14,0.0
org.springframework.boot:spring-boot-starter:3.1.4,org.springframework.boot:spring-boot-starter:2.7.15,0.0
org.springframework.boot:spring-boot-starter:3.1.4,org.springframework.boot:spring-boot-starter:2.7.16,0.0
org.springframework.boot:spring-boot-starter:3.1.4,org.springframework.boot:spring-boot-starter:2.7.17,0.0
org.springframework:spring-web:6.0.12,org.springframework:spring-web:5.3.26,371.0
org.springframework:spring-web:6.0.12,org.springframework:spring-web:5.3.4,394.0
org.springframework.boot:spring-boot-starter:3.1.4,org.springframework.boot:spring-boot-starter:2.6.14,0.0
org.springframework.boot:spring-boot-starter:3.1.4,org.springframework.boot:spring-boot-starter:2.6.15,0.0
org.springframework.boot:spring-boot-starter:3.1.4,org.springframework.boot:spring-boot-starter:2.5.15,0.0
org.springframework.boot:spring-boot-starter:3.1.4,org.springframework.boot:spring-boot-starter:3.0.12,0.0
org.springframework.boot:spring-boot-starter:3.1.4,org.springframework.boot:spring-boot-starter:3.0.13,0.0
org.springframework.boot:spring-boot-starter:3.1.4,org.springframework.boot:spring-boot-starter:3.1.8,0.0
org.springframework.boot:spring-boot-starter:3.1.4,org.springframework.boot:spring-boot-starter:3.1.9,0.0
org.springframework.boot:spring-boot-starter:3.1.4,org.springframework.boot:spring-boot-starter:3.0.10,0.0
org.springframework.boot:spring-boot-starter:3.1.4,org.springframework.boot:spring-boot-starter:3.0.11,0.0
org.springframework.boot:spring-boot-starter:3.1.4,org.springframework.boot:spring-boot-starter:3.3.0,0.0
org.springframework.boot:spring-boot-starter:3.1.4,org.springframework.boot:spring-boot-starter:3.1.2,0.0
org.springframework.boot:spring-boot-starter:3.1.4,org.springframework.boot:spring-boot-starter:3.3.1,0.0
org.springframework.boot:spring-boot-starter:3.1.4,org.springframework.boot:spring-boot-starter:3.1.3,0.0
org.springframework.boot:spring-boot-starter:3.1.4,org.springframework.boot:spring-boot-starter:3.1.0,0.0
org.springframework.boot:spring-boot-starter:3.1.4,org.springframework.boot:spring-boot-starter:3.1.6,0.0
org.springframework.boot:spring-boot-starter:3.1.4,org.springframework.boot:spring-boot-starter:3.1.7,0.0
org.springframework.boot:spring-boot-starter:3.1.4,org.springframework.boot:spring-boot-starter:3.3.2,0.0
org.springframework.boot:spring-boot-starter:3.1.4,org.springframework.boot:spring-boot-starter:3.3.3,0.0
org.springframework.boot:spring-boot-starter:3.1.4,org.springframework.boot:spring-boot-starter:3.2.7,0.0
org.springframework.boot:spring-boot-starter:3.1.4,org.springframework.boot:spring-boot-starter:3.0.9,0.0
org.springframework.boot:spring-boot-starter:3.1.4,org.springframework.boot:spring-boot-starter:3.2.8,0.0
org.springframework.boot:spring-boot-starter:3.1.4,org.springframework.boot:spring-boot-starter:2.7.18,0.0
org.springframework.boot:spring-boot-starter:3.1.4,org.springframework.boot:spring-boot-starter:3.0.3,0.0
org.springframework.boot:spring-boot-starter:3.1.4,org.springframework.boot:spring-boot-starter:3.2.1,0.0
org.springframework.boot:spring-boot-starter:3.1.4,org.springframework.boot:spring-boot-starter:3.0.4,0.0
org.springframework.boot:spring-boot-starter:3.1.4,org.springframework.boot:spring-boot-starter:3.2.2,0.0
org.springframework.boot:spring-boot-starter:3.1.4,org.springframework.boot:spring-boot-starter:3.0.1,0.0
org.springframework.boot:spring-boot-starter:3.1.4,org.springframework.boot:spring-boot-starter:3.0.2,0.0
org.springframework.boot:spring-boot-starter:3.1.4,org.springframework.boot:spring-boot-starter:3.2.0,0.0
org.springframework.boot:spring-boot-starter:3.1.4,org.springframework.boot:spring-boot-starter:3.0.7,0.0
org.springframework.boot:spring-boot-starter:3.1.4,org.springframework.boot:spring-boot-starter:3.2.5,0.0
org.springframework.boot:spring-boot-starter:3.1.4,org.springframework.boot:spring-boot-starter:3.0.8,0.0
org.springframework.boot:spring-boot-starter:3.1.4,org.springframework.boot:spring-boot-starter:3.2.6,0.0
org.springframework.boot:spring-boot-starter:3.1.4,org.springframework.boot:spring-boot-starter:3.0.5,0.0
org.springframework.boot:spring-boot-starter:3.1.4,org.springframework.boot:spring-boot-starter:3.2.3,0.0
org.springframework.boot:spring-boot-starter:3.1.4,org.springframework.boot:spring-boot-starter:3.0.6,0.0
org.springframework.boot:spring-boot-starter:3.1.4,org.springframework.boot:spring-boot-starter:3.2.4,0.0
org.springframework.boot:spring-boot-starter:3.1.4,org.springframework.boot:spring-boot-starter:3.0.0,0.0
org.jetbrains.kotlin:kotlin-reflect:1.6.21,org.jetbrains.kotlin:kotlin-reflect:1.4.30,298.0
org.jetbrains.kotlin:kotlin-reflect:1.6.21,org.jetbrains.kotlin:kotlin-reflect:1.5.31,200.0
org.jetbrains.kotlin:kotlin-reflect:1.6.21,org.jetbrains.kotlin:kotlin-reflect:1.5.21,245.0
org.jetbrains.kotlin:kotlin-reflect:1.6.21,org.jetbrains.kotlin:kotlin-reflect:1.5.32,200.0
org.jetbrains.kotlin:kotlin-reflect:1.6.21,org.jetbrains.kotlin:kotlin-reflect:1.4.21,363.0
org.jetbrains.kotlin:kotlin-reflect:1.6.21,org.jetbrains.kotlin:kotlin-reflect:1.4.32,298.0
com.fasterxml.jackson.core:jackson-databind:2.13.5,com.fasterxml.jackson.core:jackson-databind:2.12.7.1,115.0
org.springframework:spring-beans:5.3.29,org.springframework:spring-beans:6.0.17,49.0
org.springframework:spring-beans:5.3.29,org.springframework:spring-beans:6.0.16,49.0
org.springframework:spring-beans:5.3.29,org.springframework:spring-beans:6.0.11,49.0
org.springframework:spring-beans:5.3.29,org.springframework:spring-beans:6.0.10,49.0
org.springframework:spring-beans:5.3.29,org.springframework:spring-beans:6.0.13,49.0
org.springframework:spring-beans:5.3.29,org.springframework:spring-beans:6.0.12,49.0
org.springframework:spring-beans:5.3.29,org.springframework:spring-beans:5.2.0.RELEASE,28.0
org.springframework:spring-beans:5.3.29,org.springframework:spring-beans:5.3.25,0.0
org.springframework:spring-beans:5.3.29,org.springframework:spring-beans:5.3.26,0.0
org.springframework:spring-beans:5.3.29,org.springframework:spring-beans:5.3.23,3.0
org.springframework:spring-beans:5.3.29,org.springframework:spring-beans:5.3.24,0.0
org.springframework:spring-beans:5.3.29,org.springframework:spring-beans:5.3.28,0.0
org.springframework:spring-beans:5.3.29,org.springframework:spring-beans:5.3.22,3.0
org.springframework:spring-beans:5.3.29,org.springframework:spring-beans:5.3.20,3.0
org.objenesis:objenesis:1.3,org.objenesis:objenesis:3.2,20.0
org.jetbrains.kotlin:kotlin-reflect:1.6.21,org.jetbrains.kotlin:kotlin-reflect:1.6.10,114.0
